tweet,date,query,replies,reposts,likes,bookmarks,views
"the nba, the govt, jaylen browns hairline, the arch manning hype, kats voice. just liars man",2025-10-29 04:51:34,arch manning,0,1,0,0,945
breaking:police_car_light: arch manning got pulled over today.he tried to hand the cop his license but it got intercepted:skull:,2025-10-29 04:50:42,arch manning,9,32,87,4,37032
1. lanorris sellers 2. sawyer robertson 3. arch manning its simple search. i get it. youre a fan boy and take it personally. it happens.,2025-10-29 04:27:43,arch manning,1,0,0,0,306
arch manning,2025-10-29 04:27:22,arch manning,0,0,2,0,307
ballers of the week (week 9) :american_football:  arch manning  drew mestemaker  justice haynes  bear bachmeier  mason heintschel #sports #collegefootball #highlights,2025-10-29 04:22:40,arch manning,0,1,3,0,870
bro tried to sneak arch manning in :loudly_crying_face::loudly_crying_face:,2025-10-29 04:16:53,arch manning,1,0,2,0,1571
i mean arch mannings arms could fall off and espn would still have t.u. at >50%,2025-10-29 04:04:26,arch manning,0,1,7,0,735
"arch manningby the time he gets to week 13 he will finally be living up to the heisman hype!! seriously though, if we are sitting where we should be, and texas is in a must have situation, i can see them pulling it off. or maybe not. which would be glorious",2025-10-29 04:03:45,arch manning,1,0,8,1,1687
who had diego pavia eliminating arch manning from the heisman candidacy on their 2025 bingo card?,2025-10-29 04:02:04,arch manning,0,0,1,0,247
"i dont think theres a single qb in any offense, from the pros to college playing on a harder difficulty than arch manning right now. the miss state game had so many high processing moments from arch despite everything else falling apart around him.",2025-10-29 03:52:02,arch manning,4,5,38,12,13544
"college football media people get paid to be wrong, nearly all of the time. as long as you can get clicks you can be employed. doesnt matter how dumb a national college football media person is. what a profession! arch manning is generational texas is the new alabama",2025-10-29 03:51:39,arch manning,1,2,13,1,4855
mind you the best offense ohio state has played is an abysmal arch manning led texas. just by the way. as he quotes this.,2025-10-29 03:49:36,arch manning,5,0,4,0,534
arch mannings favorite weapon breaks silence on matthew caldwell stepping up for longhorns,2025-10-29 03:48:52,arch manning,0,0,0,0,274
why diego pavia vs arch manning matchup for vanderbilt vs texas may not happen,2025-10-29 03:30:12,arch manning,1,0,0,0,2189
arch manning has throw for the same amount of interceptions as john mateer despite playing more games,2025-10-29 03:27:30,arch manning,1,0,1,0,800
"zz top  sharp dressed man (official music video) [hd remaster] via @youtube texas a&m aggies and byu 8=0=9=010=011=012=0 long horn next years arch manning querter=back coffee=king dallas kings=coffee mates ,co 512 kc =kings=clubs texas september 4th8",2025-10-29 03:27:26,arch manning,0,0,0,0,169
the no targeting call on arch manning is criminal. hit to the back of the head and his head bounced off the turf towards end of mississippi st game. horrible!!!,2025-10-29 03:21:05,arch manning,1,0,0,0,448
"im not certain there is any truth to the matter, but it has been reported that when he was pulled over by the police arch manning attempted to hand his license to officer involved. it was intercepted.",2025-10-29 03:10:06,arch manning,0,0,2,0,575
"arch manning 1,795 yds 15 tds 6 ints 61% comp 57 qbr 199 rush yds 6 tds 21 total tds john mateer 1,790 yds 8 tds 6 ints 64% comp 69 qbr 226 rusher yds 5 tds 13 total tds sec record: texas 31. ou 22. rrr: 236 texas. still having trouble understanding?",2025-10-29 03:06:54,arch manning,0,0,1,0,333
because he has bigger balls than any aggy on this app. young man scored more points against aggy on one play than the entire aggy offense scored on texas the entire game. arch manning walking into kyle field :rolling_on_the_floor_laughing::rolling_on_the_floor_laughing::rolling_on_the_floor_laughing:,2025-10-29 03:04:02,arch manning,2,0,0,1,306
"texas heads into a massive matchup against vanderbilt, likely without arch manning. that means players like cj baxter, emmett mosley need to step up.",2025-10-29 03:00:31,arch manning,0,0,1,0,273
"yes, the photo of arch manning getting pulled over appears to be from today, october 28, 2025, based on multiple reports and posts. its being tied to his potential availability for saturdays game amid concussion protocol.",2025-10-29 02:49:59,arch manning,0,0,0,0,1075
the only reason ohio state literally didnt lose to texas was because of arch manning being there qb if it wasnt for that ohio state would have lost to texas,2025-10-29 02:42:31,arch manning,0,0,6,0,471
"finally, a manning i can afford! archs plastic arm probably has more zip than my weekend spiral",2025-10-29 02:38:57,arch manning,1,0,1,1,333
in stores now: arch manning getting a ticket action figure! $16.67 ( while supplies last ) :flushed_face:,2025-10-29 02:38:22,arch manning,5,1,39,4,13181
arch manning transferring to georgia?,2025-10-29 02:36:31,arch manning,4,1,291,4,24117
everyone had jokes about texas qb arch manning getting pulled over by austin pd. :man_police_officer::loudly_crying_face: #texaslonghorns #texas #archmanning #funny #police #cops #news,2025-10-29 02:33:53,arch manning,0,1,0,0,519
arch manning is putting the public in danger by operating a vehicle when he is not fit to drive.,2025-10-29 02:17:30,arch manning,0,0,1,0,611
dont see that arch manning stock just yet @finebaum,2025-10-29 02:12:27,arch manning,12,30,274,58,59612
what if texas football is better with backup qb matt caldwell instead of arch manning?,2025-10-29 02:10:24,arch manning,0,0,0,0,229
arch manning got a speeding ticket :rolling_on_the_floor_laughing:,2025-10-29 02:04:01,arch manning,0,2,4,1,3319
oh no arch manning :grimacing_face:,2025-10-29 02:01:46,arch manning,8,12,195,8,33047
202526 hate watch  m*rc sm*th  dillon gabriel  haslem bros  kike hernandez  jayson & deuce tatum  the whole city of ny  arch manning  my gfs one roommate,2025-10-29 01:59:26,arch manning,0,0,12,0,880
@coachsark is the epitome of class. @sec needs to get their head out of their ass. every jealous jerk shouldnt get free shots at arch. texas football: did steve sarkisian ask sec about hit that knocked out arch manning? via @statesman,2025-10-29 01:59:07,arch manning,0,0,1,0,376
"saturday 11/1/25 austin, texas texas vs vanderbilt. arch manning vs diego pavia if texas plays like the team that showed up in starkville for the first 3 quarters theyll get run out of the building.",2025-10-29 01:57:03,arch manning,0,0,0,0,475
2025 panini national vip gold pack arch manning rated prospect nebula auto /10 ending october28 11:00 pm est click here to view/bid:right_arrow_curving_down: #ebaypartner,2025-10-29 01:46:28,arch manning,0,0,0,0,321
its like kiffin hasnt gone all in for high school recruiting since arch manning,2025-10-29 01:45:01,arch manning,0,0,0,0,543
barstool sec carrier pigeon has blessed me with the knowledge that arch manning was pulled over by austin pd today. he tried to hand the officer his license but it was intercepted.,2025-10-29 01:41:58,arch manning,127,200,4708,194,464118
"theres certainly a difference. nobody is making that argument. why are you comparing top heavy sec teams to those two big 10 teams? :clown_face: northwestern and iowa could hang with miss state, kentucky and texas. why couldnt they? arch manning has shown he cant put teams away.",2025-10-29 01:39:48,arch manning,0,0,0,0,319
"diego pavia vs. arch manning was supposed to be one of the hypedup matchups of the cfb season. but with manning in concussion protocol, it might not happen. how vanderbilt is handling the uncertainty:",2025-10-29 01:27:20,arch manning,0,2,7,0,4607
imma say the team not lead by arch manning would win big dawg,2025-10-29 01:24:11,arch manning,0,0,12,0,924
steve sarkisian wants a closer look at the tackle that injured arch manning,2025-10-29 01:06:04,arch manning,0,0,1,0,735
looks like the saints gonna have arch manning,2025-10-29 01:01:11,arch manning,0,0,2,0,2181
when did arch manning transfer to georgia?,2025-10-29 00:57:59,arch manning,0,0,1,1,718
its never okay to root for a player to get injured okay well i hope arch manning is damned to hell for eternity!!!,2025-10-29 00:55:46,arch manning,0,0,0,0,317
if i search up arch manning on ur account,2025-10-29 00:33:31,arch manning,0,0,0,0,620
"tbf, klein really does have good stuff. i called the first time i saw him pitch for the dodgers. of course, i also called for arch manning to be a heisman contender and texas tech to go 120, so ...",2025-10-29 00:28:19,arch manning,1,0,1,0,351
"if he comes out, arch manning. not that he deserves it necessarily, but the name will win out. peyton and archie were great. eli, not so much but likely in the hof due to the name.",2025-10-29 00:23:07,arch manning,1,0,0,0,391
"clark lea describes the importance of vandys matchup with texas lea describes the struggle of preparing his no. 9 commodores for the two different quarterbacks, as arch manning remains in protocol this week for the no. 20 longhorns.",2025-10-29 00:20:04,arch manning,1,0,0,0,651
just watched texas mississippi state extended highlights. arch manning isnt as bad as people are making him out to be.,2025-10-29 00:17:55,arch manning,2,2,2,0,395
"their qb needs the same treatment as arch manning, confuse him into errors, which should be very doable. their defense is porous. should be a rout. 427",2025-10-29 00:12:02,arch manning,0,0,0,0,312
what does any of that have to do with my school? im simply pointing out that texas would be nowhere near a 2 td favorite. theyd be lucky to be 6.5 pt favorites. the longhorns have a good defense and good playmakers but arch manning is not good enough to rout ttu.,2025-10-29 00:06:50,arch manning,0,0,1,0,340
its a toss up but if you look at who its against it sounds better that texas and arch manning led an overtime comeback in starkville in overtime. no way its called a catch if its vs a powerhouse like bama lsu or osu that can alter a big games outcome.,2025-10-28 23:39:51,arch manning,0,0,0,0,595
"arch manning record vs marcel reed 00 fixed it for you! if were using your logic, same qbs record in the sec championship game (neither were starters or didnt play) marcel reed 00 arch manning 01 if things keep rolling the way they are marcel reed 10 arch manning 01",2025-10-28 23:28:27,arch manning,0,0,0,0,19
bro said if only arch manning had a travis hunter like he doesnt play at texas,2025-10-28 23:10:07,arch manning,0,0,0,0,2
as scared as i am to play arch manning,2025-10-28 23:08:00,arch manning,0,0,1,0,630
"what if texas is better with matthew caldwell, not arch manning, playing qb?",2025-10-28 23:00:31,arch manning,2,5,2,2,2628
":american_football: marcel reed (qb, ta&m) 12/21| 202 yds| 13 car| 108 rush yds| 4 total tds won sec offensive pow and showed legit playmaking upside as a dual threat. :fire: arch manning (qb, texas) 29/46| 346 yds| 4 total tds careerhigh in pass yards during a much needed bounceback performance.",2025-10-28 22:50:09,arch manning,1,0,5,0,432
"thanks for the correction. however, the jersey in the photo clearly shows , while trey owens is listed as on the texas 2025 roster. it could be arch manning or michael taaffe (both ). does the face match trey to you?",2025-10-28 22:44:17,arch manning,2,0,0,0,517
so true man!!! sam houston cured arch manning and hes back being a heisman hopeful!!!,2025-10-28 22:42:32,arch manning,0,0,0,0,318
"thanks for pointing that out. the jersey number is 16, which is arch mannings, but michael taaffe also wears 16 for texas. if its not manning, it might be him. the thoughtful pose and concussion context suggested manning. who do you think it is?",2025-10-28 22:41:33,arch manning,1,0,0,0,468
"actually, thats arch manning in jersey for the texas longhorns. trey owens wears . the pose is from a recent game.",2025-10-28 22:40:04,arch manning,0,0,0,0,442
calm down saints o arch manning still isnt going to be in the next draft kkkkkk,2025-10-28 22:37:43,arch manning,3,0,10,0,1661
thats how you draft arch manning and fire tomlin all at once!,2025-10-28 22:34:17,arch manning,0,0,0,0,286
texas receives concerning arch manning news before matchup vs. vanderbilt via @yardbarker,2025-10-28 22:21:02,arch manning,0,0,0,0,382
"this post by trey owens, a redshirt freshman qb for texas longhorns (, fourth on depth chart), shares an image of starter arch manning () in a thoughtful pose. context: manning entered concussion protocol after a head injury in the oct 25 win over mississippi state. his status",2025-10-28 22:20:56,arch manning,2,0,0,0,1701
arch manning has 5 star everything shadeur only had travisitll be a good day on here when shadeur goes off,2025-10-28 22:00:20,arch manning,1,0,1,0,90
looks like arch manning has rediscovered no. 1 pick form video,2025-10-28 21:52:32,arch manning,11,3,45,6,11714
if only arch manning had a travis hunter. and i agree you cant get much worse than gabriel. but shedur did it that crazy bastard,2025-10-28 21:51:28,arch manning,2,0,0,0,349
and arch manning doesnt have the all time best completion percentage for a reason :loudly_crying_face: gabriel is ass you cant get much worse than ass,2025-10-28 21:50:16,arch manning,1,0,2,0,99
did texas coach steve sarkisian ask sec about hit that knocked out arch manning?,2025-10-28 21:30:10,arch manning,0,1,4,0,2064
"no. 20 texas is favored over no. 9 vanderbilt. thing is, i cant figure out if its in spite of arch manning being out, or because manning will be out, that the horns are favored.",2025-10-28 21:27:55,arch manning,1,2,3,0,510
by the end of his college career arch manning will not be a better qb than diego pavia was. calling it now,2025-10-28 21:14:06,arch manning,0,1,0,0,305
heres everything arch manning has to do before he can return to the field,2025-10-28 21:03:47,arch manning,0,0,1,0,643
its not a high scoring affair but watching how ohio state played them was like watching a lion play with its food. didnt really have a chance. arch manning had 38 yards and an int passing before the 4th quarter started,2025-10-28 20:59:05,arch manning,0,0,0,0,387
new video! @aitormanzano_ and @adrifraguas bring us a quick reaction to what happened in week 9 of ncaa.  arch manning and the heisman  brian kelly fired from lsu  vanderbilt keeps making history :link:,2025-10-28 20:46:04,arch manning,0,2,5,0,766
"the context is arch manning was not good on the day, had nearly thrown a second interception and even his first td really wasnt because it was bobbling all over the place. they needed luck to even be close. osu if they were threatened wouldve stopped running.",2025-10-28 20:38:41,arch manning,1,0,0,0,257
texas is in good hands with matthew caldwell while arch manning is in concussion protocol | bohls via @houstonchron,2025-10-28 20:37:16,arch manning,0,0,7,0,2137
kelley jones vs. arch manning and texas: :black_small_square: 0 catches allowed :black_small_square: 1 interception :black_small_square: 2 pass breakups shutdown.,2025-10-28 20:26:48,arch manning,0,4,42,4,4389
this is what they have arch manning doing to clear him for the vandy game,2025-10-28 20:24:25,arch manning,0,0,1,0,478
thats the point hes number one pick w only two points n was touted as next bron him n arch manning,2025-10-28 20:09:16,arch manning,1,0,0,0,231
stop this sheep mentality as if everyone got to have the same opinions. you folks seen greatness in arch manning of texas naming no 1 pick. and clemson qb number 2. cam other look at thing different. so stop this madness..,2025-10-28 20:02:20,arch manning,0,0,1,0,257
so was arch manning lol,2025-10-28 19:51:31,arch manning,1,0,0,0,246
"listen to the morning kickoff show w @hardballhardge & @themarkhenry turn the page tuesday: texas longhorns prep for vanderbilt, arch manning update & world series marathon by am 1300 the zone (kvetam)",2025-10-28 19:31:05,arch manning,1,1,2,0,1000
"with arch manning in concussion protocol, backup matthew caldwell could start for texas against vanderbilt. @erinhogan says he likes him. both e and @noahtalksball dive into matthews journey in cfb and what to expect on saturday. full video :backhand_index_pointing_down:",2025-10-28 19:30:19,arch manning,0,2,5,1,1105
texas football: why longhorns recruited backup qb matthew caldwell,2025-10-28 19:30:13,arch manning,0,0,2,0,1024
arch manning of the nba,2025-10-28 19:06:22,arch manning,0,0,0,0,43
heisman is a joke now anyway. if espn hypes a guy enough hes in. but hes got to perform a little... look at arch manning. preseason favorite... all he had to do was play decent and espn wouldve been gaslighting us all to believe he was the best. they barely mention him now.,2025-10-28 19:03:45,arch manning,0,0,1,0,475
"arch manning, matthew caldwell, and this weeks sec power rankings",2025-10-28 19:00:55,arch manning,0,1,6,1,6574
texas quarterback arch manning was in concussion protocol and did not practice monday ahead of the no. 20 longhorns game against no. 9 vanderbilt.,2025-10-28 19:00:02,arch manning,0,0,0,0,451
cooper flagg is the modern day bronny james and arch manning,2025-10-28 18:57:17,arch manning,0,0,0,0,84
arch manning in concussion protocol as texas preps for vandy  espn,2025-10-28 18:56:58,arch manning,0,0,0,1,477
arch manning :face_with_bags_under_eyes:,2025-10-28 18:55:37,arch manning,1,0,1,0,60
steve sarkisian just said what every texas fan wanted to hear about kj lacey:,2025-10-28 18:51:51,arch manning,0,0,9,2,2940
arch manning has not played marcel reed.,2025-10-28 18:49:02,arch manning,0,0,0,0,211
the texas longhorns could be without arch manning but ced thinks they can still win.,2025-10-28 18:45:04,arch manning,0,1,3,0,2244
"meet matthew caldwell, the welltraveled texas backup qb who could start for arch manning against vanderbilt on saturday. #hookem",2025-10-28 18:38:20,arch manning,0,0,10,2,1317
"i always enjoy what you have to say/ write. my ipad got bogged down in the article with pop ups and such, but i was curious what you think about arch manning. i didnt see him listed, but remember the hype surrounding him when he was in high school as the next generational qb",2025-10-28 18:18:41,arch manning,0,0,0,0,616
its rare these days. thats why i love arch manning he didnt cry to start as a freshman. he didnt transfer after having to wait another year. he loves texas and his teammates and coaches and thats whats its all about,2025-10-28 18:17:41,arch manning,0,0,1,0,223
coffee & football  october 28 | sark presser reactions | arch manning injury | vanderbilt | diego pavia,2025-10-28 18:16:34,arch manning,0,0,2,1,2020
":fire: marcel reed just made death valley his playground :face_with_steam_from_nose: 310 total yards, 4 tds, and hes *officially* on the elite qb radar. texas a&ms playoff dream just got real. agree or is it arch mannings week? :eyes: #cfb #prospectradar #gameday #collegefootball",2025-10-28 18:15:18,arch manning,0,0,0,0,124
102825 mcelroy & cubelic in the morning hour 1: @gregmcelroy says how the sec gets 5 into the cfp @kbohls talks arch manning & texas @colecubelic thinks is oline recruiting broken? watch @macandcube: hear it:,2025-10-28 18:14:45,arch manning,0,2,2,0,2303
.@vandyfootball has a big matchup at texas on saturday. texas qb arch manning is in concussion protocol to begin the week. 6157371025,2025-10-28 18:05:14,arch manning,0,0,1,0,669
check out 2024 panini prizm draft picks  rated prospect arch manning #192 red ice... #ebay via @ebay pristine card!! @dfsmojoman and many other great buys! :zany_face:#freecards w/every buy!:police_car_light: :thumbs_up:see why others keep buying!,2025-10-28 18:03:17,arch manning,0,0,0,0,95
texas football coach steve sarkisian discusses whether he filed an inquiry to the sec about hit that knocked arch manning out of the game at mississippi state.,2025-10-28 18:00:24,arch manning,0,1,0,0,2159
"kirk bohls, from the houston chronicle, tells @gregmcelroy & @colecubelic why arch manning probably wont play against vanderbilt, what can be done to fix the oline, and why hes not really concerned about the sarknfl rumors @macandcube",2025-10-28 17:55:02,arch manning,1,1,1,0,944
"maybe youll get lucky and theyll post something about your offensive gurus bad play calling. or im pretty sure your juju meter is broken because they said arch manning was overrated before the season. but hey, im sure texas won bad games is probably funny to you guys.",2025-10-28 17:48:50,arch manning,1,0,0,0,96
the longhorns signal caller was absent from practice on monday.,2025-10-28 17:30:11,arch manning,0,0,0,0,213
arch manning has never completed a pass vs. texas a&m,2025-10-28 17:27:23,arch manning,0,0,5,0,186
"texas quarterback arch manning suffered a concussion in the longhorns wild comeback overtime win over mississippi state, and hes going through the protocol.",2025-10-28 17:17:06,arch manning,0,0,0,0,170
"texas football brought in matthew caldwell this offseason in search of experience behind arch manning at qb. now, he could be asked to do more.",2025-10-28 17:15:06,arch manning,0,1,1,0,2204
"if arch manning doesnt play on saturday vs. vandy, we could have the next great test of the ewing theory.",2025-10-28 17:11:56,arch manning,0,0,1,0,105
"texas qb arch manning in concussion protocol ahead of game against vanderbilt, backup matthew caldwell ready if needed. access the news tribune for the story.",2025-10-28 17:11:00,arch manning,0,0,0,0,297
"to do with his race. arch manning is ass too and hes white, does that make me racist, too? no one gives a shit about some punk who screams racism because a white woman has an actual non cult opinion about someone on her favorite team. shit, if i was that racist. i wouldnt",2025-10-28 17:04:53,arch manning,0,0,0,0,32
arch manning has the tools,2025-10-28 17:02:38,arch manning,1,0,5,2,949
#texas longhorns head coach steve sarkisian announces troubling news on star quarterback arch manning ahead of vanderbilt game.,2025-10-28 17:00:40,arch manning,0,0,0,0,111
texas football may be without arch manning vs vandy? | live | 10/28/25 | nfl | cfb | atx sports talk,2025-10-28 17:00:25,arch manning,0,1,2,0,1588
arch mannings status unclear as no. 20 texas hosts no. 9 vanderbilt #ncaafootball #vandyfootball #anchordown #rti #texasfootball,2025-10-28 16:42:18,arch manning,0,0,0,0,111
big test this weekend current line @vandyfootball +1.5 arch manning in concussion protocol.,2025-10-28 16:23:22,arch manning,0,0,0,0,199
the texas longhorns could have a new backup quarterback behind matthew caldwell if arch manning sits out against vanderbilt.,2025-10-28 16:01:43,arch manning,0,0,0,0,171
arch manning put on a show to lead texas in a comeback win vs mississippi state @att | instagra  #googlealerts,2025-10-28 15:37:44,arch manning,0,0,0,0,28
steve sarkisian and team have a lot of confidence in texass new qb1 typical ut. arch manning who?,2025-10-28 13:25:10,arch manning,0,0,0,0,86
man shedeur sanders is still available. arch manning not it. i know the saints are banking on arch.,2025-10-28 12:27:06,arch manning,1,0,2,0,482
"sometimes, i wonder if this kid isnt just another arch manning :thinking_face:",2025-10-28 12:15:46,arch manning,0,0,1,0,121
"i havent seen arch manning play again since week 1, how has his evolution been going?",2025-10-28 12:15:44,arch manning,1,0,1,0,96
*patiently awaits some moron to insult texas or arch manning here because theyre salty that i called out the most boring sport in the world*,2025-10-28 12:01:42,arch manning,0,0,0,0,37
he hasnt fought or defended titles anything like jones has! tomatoes cans. it the charlie kirkcatlin clark effect all over again. playing someone up to be some fucking great talent or person while being fucking so overrated! there doing it with cooper flagg and arch manning!,2025-10-28 12:00:25,arch manning,1,0,0,0,333
"4. the biggest difference is their oline. reed throwing behind top 3 line, vs manning behind 130th ranked pass blocking oline. 5. see number 4. a good and experienced line makes for a good run game. 6. reed is almost 10 months older than arch. not sure youre point either way.",2025-10-28 11:12:32,arch manning,0,0,0,0,109
arch manning goes transfer portal done with texas season,2025-10-28 10:57:21,arch manning,0,0,1,0,56
oof. tanking for arch manning?,2025-10-28 10:42:41,arch manning,1,0,1,0,176
"manning, it seems he suffered a concussion in the previous game, and its likely hes entering the protocol... hes probably going to miss the game against vanderbilt, ranked 9th in week 10... texas was also considered one of the championship contenders before the season started,",2025-10-28 10:02:44,arch manning,0,0,0,0,360
texas longhorns head coach steve sarkisian announces troubling news on star quarterback arch manning ahead of vanderbilt game.,2025-10-28 09:47:15,arch manning,1,0,4,0,4581
cooper arch manning flagg is the most overrated shit pile maybe ever! holy fuck this dude is absolute dog shit!,2025-10-28 09:21:13,arch manning,0,0,0,0,71
arch manning has better numbers than diego pavia how is he a heisman front runner!?,2025-10-28 08:44:17,arch manning,0,0,0,0,296
sec starting quarterbacks gone after the 2025 season. ty simpson alabama jackson arnold auburn diego pavia vanderbilt taylen green arkansas oklahoma john mateer texas arch manning south carolina lanorris sellers miss state blake shapen,2025-10-28 08:28:26,arch manning,2,0,1,0,407
marshall manning >> arch manning rn.,2025-10-28 07:47:55,arch manning,0,0,0,0,133
both teams are top 10 and they lost by a total of 4 points so that ranking seems right. what doesnt seem right is ohio state being anointed king for beating one overhyped arch manning team and a bunch of junior colleges.,2025-10-28 07:47:01,arch manning,0,0,1,0,128
cooper flag is legit trash and overrated period ! arch manning of the nba,2025-10-28 07:33:40,arch manning,0,0,0,0,77
cant say i blame him. i do hope arch isnt injured heading into athens. id like see manning face one more time.,2025-10-28 07:21:08,arch manning,0,0,2,1,206
"lol yes he will, he absolutely will :rolling_on_the_floor_laughing: he is arch manning he is going to come back and start immediately no matter what caldwell does......bank on it!",2025-10-28 07:20:39,arch manning,0,0,1,0,148
"given i also havent watched a single game this season, my list is comparable to yours, i feel: 1. diego pavia 2. ty simpson 3. arch manning 4. garrett nussmeier 5. arch manning 6. frodo baggins 7. ultron 8. alexander graham bell 9. cthulhu 10. trinidad chambliss",2025-10-28 07:19:49,arch manning,0,0,0,0,368
flagg is once again overrated dog shit and is arch manning! period! its comical really,2025-10-28 07:05:06,arch manning,1,0,0,0,69
arch manning made a superstar throw to spark the insane 4q comeback by texas :fire:,2025-10-28 07:01:32,arch manning,0,0,2,0,331
". also, if you look a little further down when you look up archie manning, it will also give the current arch manning.",2025-10-28 06:58:00,arch manning,0,0,0,0,155
"who is matthew caldwell? here are 5 things to know about the texas longhorns backup qb, who may get the start against no. 9 vanderbilt with arch manning in concussion protocol:memo: #hookem",2025-10-28 06:51:37,arch manning,0,0,1,0,1410
"honestly , hes only been kinda mid. i saw him whiff on a few blocks last week alone and why did we pay cushenberry ? dude has the reaction time of arch manning while rushers just fly by left and right. :man_shrugging_light_skin_tone:",2025-10-28 06:27:50,arch manning,1,0,0,0,565
cooper flagg is the arch manning of dallas mavs.,2025-10-28 06:24:28,arch manning,0,1,7,0,720
coffee & football  october 27 | on texas niblett | arch manning injury ... via @youtube,2025-10-28 06:19:58,arch manning,0,0,0,0,423
and who gives a shit how long hes been in that convo? arch manning has been in that convo for 3 years and he looks like hot ass. the fuck does that have to do with anything?,2025-10-28 06:18:27,arch manning,0,0,1,0,180
has he located the people responsible for overhyping arch manning yet?,2025-10-28 06:16:17,arch manning,0,0,0,0,212
hes been in r1 constantly in cbs/nfl mocks throughout this year. still a jr by the way might not even leave school.,2025-10-28 06:10:11,arch manning,2,0,1,0,38
flagg is arch manning period,2025-10-28 06:08:11,arch manning,0,0,0,0,46
he is. they cant just bench arch because of how much money they invested in him and hes a manning,2025-10-28 06:07:43,arch manning,0,0,2,0,163
"steve sarkisian, texas seeking answers from sec on hit that injured arch manning vs miss. state",2025-10-28 06:07:16,arch manning,0,0,0,0,178
how did arch manning look from an nfl draft perspective vs. mississippi state? find out:,2025-10-28 06:00:14,arch manning,0,0,1,0,2278
texas football coach steve sarkisian said arch manning is in the concussion protocol right now and did not practice on monday. wow hes done stark leaving for the nfl. bring in all new high school football coaches from san antonio!,2025-10-28 05:59:17,arch manning,0,0,2,0,228
arch manning arch manning arch manning deion sanders,2025-10-28 05:51:22,arch manning,0,1,1,0,149
arch manning has been dealing with this all year yet you retards continued to talk shit hahaha,2025-10-28 05:50:49,arch manning,0,0,0,0,36
the rams will draft arch manning next year mark my words,2025-10-28 05:45:00,arch manning,0,0,0,0,367
arch manning was starting to heat up but i believe the back up 5 year senior can get the job done. i feel like he can go through progressions or reads better than arch considering the experience. he also audibled on that td he threw because he saw something he liked,2025-10-28 05:35:33,arch manning,0,0,5,1,1716
arch manning :bullseye: vs. mississippi state (2025),2025-10-28 05:29:12,arch manning,0,1,2,0,2185
matty ice. matthew coldwell. texas feels comfortable with backup qb matthew caldwell if arch manning is unable to go against no. 9 vanderbilt:eyes: | #hookem more from @llhightower8:,2025-10-28 05:25:16,arch manning,0,1,1,0,1200
longhorn livestream | texas keeps season alive with ot win | arch manning update | steve sarkisian,2025-10-28 05:22:59,arch manning,0,1,7,0,1920
texas longhorns live 75/ can texas win without arch manning,2025-10-28 05:06:19,arch manning,0,0,0,0,135
"new texas qb arch manning named manning award star of the week after his outstanding performance in starkville, manning nabs manning honor. story: (free) @on3sports @insidetexas",2025-10-28 05:03:33,arch manning,6,12,268,6,12966
"new texas qb arch manning named manning award star of the week after his outstanding performance in starkville, manning nabs manning honor. story, via @justinwells2424: (free) @on3sports",2025-10-28 05:03:06,arch manning,1,7,20,0,4258
texas longhorns qb arch mannings status uncertain for week 10 with concussion,2025-10-28 05:00:38,arch manning,0,0,0,0,186
:police_car_light:full story:double_exclamation_mark: :right_arrow_curving_down::right_arrow_curving_down::right_arrow_curving_down:(free),2025-10-28 04:57:22,arch manning,0,0,6,0,2867
update: arch manning is currently in concussion protocol theres a chance that qb matthew caldwell records his first start on saturday:sign_of_the_horns_light_skin_tone: caldwell has been taking the firststring snaps:eyes:,2025-10-28 04:56:41,arch manning,9,21,285,5,23516
stats are just one thing. the question remains: which qb puts their team in the best position to win? reed is not even a top 5 qb in the ncaa and still head n shoulders above arch manning.,2025-10-28 04:42:00,arch manning,0,0,0,0,179
steve sarkisian provides discouraging arch manning injury update ahead of texas vs vanderbilt,2025-10-28 04:35:17,arch manning,0,0,0,0,224
all im saying is for the people saying this is a signing because the pacers are tanking. remember when yall said daniel jones was signed because we were tanking for arch manning. i want the apologies to be louder than the disrespect. mac attack is here to play.,2025-10-28 04:30:10,arch manning,0,0,5,0,724
"thats cute, heres the stats vs p4 opponents arch manning 1,077 (215pg) pass yds 7 ptds 4 ints 59.42% 59.3 qbr 114 (22pg) rush yds 1 rtds 8 ttds marcel reed 1,463 (244pg) pass yds 10 ptds 6 ints 60.18% 72.62 qbr 244 (41pg) rush yds 5 rtds 15 ttds",2025-10-28 04:23:20,arch manning,12,7,197,6,20031
arch manning owns u:rolling_on_the_floor_laughing:,2025-10-28 04:13:19,arch manning,0,0,1,0,19
texas longhorns qb arch manning is officially in concussion protocol after suffering a blow to the head in starkville. he must now pass serval tests.,2025-10-28 04:00:15,arch manning,0,0,0,0,174
i would rather have brock thomas than arch manning at qb,2025-10-28 03:57:30,arch manning,0,0,0,0,104
miami would tank for arch manning :face_with_tears_of_joy:.,2025-10-28 03:49:51,arch manning,1,0,1,0,91
"shedeur unfortunately (media) is the new tebow, manzeil, kap. its just not going to end well for him. you said it best, arch manning in college. its hard to live up to a famous name.",2025-10-28 03:46:37,arch manning,1,1,0,0,8155
a look at the ncaas concussion protocol and what would have to happen for texas qb arch manning to be cleared to play in saturdays home game against no. 9 vanderbilt at 11 am ct (on abc).,2025-10-28 03:38:59,arch manning,0,5,13,1,11530
an arch manning fan speaking on bo,2025-10-28 03:36:31,arch manning,0,0,0,0,176
texas vs vanderbilt: will arch manning play for longhorns?,2025-10-28 03:30:11,arch manning,0,2,2,0,1386
arch manning in concussion protocol,2025-10-28 03:22:35,arch manning,0,0,0,0,100
arch manning in concussion protocol as texas preps for vandy,2025-10-28 03:20:04,arch manning,0,0,0,0,207
texas longhorns quarterback arch manning is in concussion protocol after he was injured during saturdays game against mississippi state.,2025-10-28 03:15:07,arch manning,0,0,1,0,767
what happened to arch manning? latest injury update after texas ot win  bangla news,2025-10-28 03:14:56,arch manning,0,0,0,0,153
lane kiffin is the arch manning of college coaches  legend :grinning_squinting_face: i get it. i think he is a little better than that. @hwknsa @tracyjmelton13 @50eleventimes @alonzostasi @bradenglis460l3,2025-10-28 03:14:28,arch manning,1,0,2,0,122
"texas sarkisian gives update on mannings health, scouts for vandy steve sarkisian details matthew caldwells readiness after announcing arch manning is in protocol this week and calls on the no. 20 longhorns to start strong vs. the no. 9 commodores.",2025-10-28 03:07:53,arch manning,0,0,0,0,302
":face_with_tears_of_joy::face_with_tears_of_joy: says the loser with punk ass arch manning as his profile pick. manning blows, texas blows and the sec blows. come up north and play big boy football you hillbilly.",2025-10-28 03:02:47,arch manning,0,0,0,0,40
"*scoff* i just dont see it, hes not a force multiplier, bills game was really more on him, i want us to be really bad so we get arch manning",2025-10-28 03:02:24,arch manning,0,0,0,0,144
arch manning injury update: qb in concussion protocol ahead of matchup vs. vanderbilt,2025-10-28 03:02:12,arch manning,0,0,0,0,156
"after arch manning suffered an injury against mississippi state, steve sarkisian provided an update on his outlook for vanderbilt.",2025-10-28 03:00:45,arch manning,1,1,1,0,2758
"you mean, besides arch manning, right?",2025-10-28 02:55:43,arch manning,0,0,2,0,190
steve sarkisian confirms arch manning injury concerns,2025-10-28 02:54:50,arch manning,0,0,2,0,570
so was arch manning b4 this year. still took early to say that conclusively.,2025-10-28 02:42:19,arch manning,0,0,0,0,99
arch manning next season,2025-10-28 02:36:48,arch manning,0,0,0,0,146
#idontwanttooverreactbut arch manning might have been overhyped..,2025-10-28 02:36:26,arch manning,0,0,0,0,124
"texas might have a shot at winning arch manning is literally the reason why they came back to tie it in the 4th, dude was dealing",2025-10-28 02:35:17,arch manning,0,0,5,0,356
cleanest arch manning pocket,2025-10-28 02:33:12,arch manning,0,0,1,0,190
arch manning in concussion protocol for no. 20 texas ahead of game vs. no. 9 vanderbilt,2025-10-28 02:30:14,arch manning,0,0,1,0,1230
hed be a fool :face_with_tears_of_joy: he see how thats working out for arch manning :rolling_on_the_floor_laughing::rolling_on_the_floor_laughing::rolling_on_the_floor_laughing:,2025-10-28 02:23:13,arch manning,1,1,3,0,1593
his dad is the only reason he has that much hype much like arch manning,2025-10-28 02:19:41,arch manning,1,0,0,0,111
this is hilarious. lane kiffin is now the savior of sec football teams. :rolling_on_the_floor_laughing::rolling_on_the_floor_laughing::rolling_on_the_floor_laughing::rolling_on_the_floor_laughing::rolling_on_the_floor_laughing::rolling_on_the_floor_laughing::rolling_on_the_floor_laughing::rolling_on_the_floor_laughing::rolling_on_the_floor_laughing: in 2 months we went from arch manning is generational to please come save us lane kiffin by espn. :rolling_on_the_floor_laughing::rolling_on_the_floor_laughing::rolling_on_the_floor_laughing::rolling_on_the_floor_laughing::rolling_on_the_floor_laughing::rolling_on_the_floor_laughing::rolling_on_the_floor_laughing::rolling_on_the_floor_laughing::rolling_on_the_floor_laughing::rolling_on_the_floor_laughing::rolling_on_the_floor_laughing::rolling_on_the_floor_laughing:,2025-10-28 02:08:05,arch manning,2,1,13,2,2968
arch manning reportedly took a hard hit to the back of the head during overtime play and is currently undergoing a stepwise concussion test. will he make it in time for the vanderbilt university game? its touch and go.,2025-10-28 02:02:09,arch manning,0,0,0,0,159
45 year old man running an arch manning fan page get a life man,2025-10-28 01:53:36,arch manning,0,1,51,0,1824
no he wasnt at all:face_with_tears_of_joy: bro you are coping so hard. love it tho! i too also want arch manning to remain the starter forever at texas paying him $5 mil in nil money to be mediocre,2025-10-28 01:51:15,arch manning,0,0,0,0,20
dont worry the browns will probably still draft temu tom brady next year. aka arch manning. seems like a move theyd make. :rolling_on_the_floor_laughing:,2025-10-28 01:49:13,arch manning,0,0,0,0,341
texas receives concerning arch manning news before matchup vs. vanderbilt via @yardbarker #archmanning #stevesarkisian #matthewcaldwell #hookem #texaslonghorns #texas #vanderbiltvstexas #collegefootball #collegefootballtwitter,2025-10-28 01:47:47,arch manning,0,0,2,0,209
i dont think ive ever seen a football player hit his head on the ground harder than arch manning did.,2025-10-28 01:45:39,arch manning,0,0,2,0,38
they can draft arch manning so the team totally crashes out!,2025-10-28 01:41:32,arch manning,1,0,0,0,142
"with arch manning in concussion protocol, steve sarkisian feels comfortable with matthew caldwell more from @josephcook89 (free):",2025-10-28 01:39:07,arch manning,1,1,24,1,3232
#ai #news : best early black friday gadget deals 2025: over a kilkenny people: pictures: oloughlins and shamrocks fans show thei #breaking #sports #news : #texas qb arch manning in concussion proto,2025-10-28 01:32:48,arch manning,1,0,0,0,178
arch manning illustrates growth for texas longhorns in film study,2025-10-28 01:30:11,arch manning,0,2,6,0,1232
arch manning is in concussion protocol and did not practice on monday,2025-10-28 01:30:01,arch manning,0,0,1,0,120
marcel reed and arch manning are from the same class :face_with_tears_of_joy:. thanks for proving who the better qb is :thumbs_up_light_skin_tone:,2025-10-28 01:22:52,arch manning,1,0,10,0,266
if arch manning plays this weekend vs @vandyfootball thatll tell you exactly what these football teams really think about player health & safety. @texasfootball im looking at u too @giants daboll & that tantrum last week w/ dart in the blue tent :eyes: people > winning games,2025-10-28 01:22:12,arch manning,0,0,0,0,98
no hed get the same criticism arch manning is getting lol,2025-10-28 01:21:15,arch manning,0,0,0,0,22
arch manning did not practice on monday after taking a hit during overtime in texas win over mississippi state.,2025-10-28 01:00:08,arch manning,0,0,0,0,211
".@texasfootball quarterback arch manning did not practice on monday after entering concussion protocol, according to head coach steve sarkisian in mondays press conference. manning is taking precautions after sustaining a hit on a 13yard run during the first play in overtime",2025-10-28 00:58:21,arch manning,1,0,5,1,2948
long live manning capital go arch hookem horns $ethz,2025-10-28 00:53:43,arch manning,1,0,0,0,158
arch manning should have to recuse himself from the manning award :face_with_tears_of_joy:,2025-10-28 00:52:11,arch manning,1,1,2,0,517
"greetings and salutations! you kept receipts. nice work. another huge week as we have to beat texas in austin, with or without arch manning. :anchor::down_arrow:",2025-10-28 00:49:37,arch manning,0,0,1,0,256
"arch manning misses practice, may miss game vs. vanderbilt",2025-10-28 00:39:35,arch manning,0,0,0,0,697
wake me up when we draft arch manning.,2025-10-28 00:28:51,arch manning,0,0,0,0,26
week 9 passing yards 1. drew mestemaker (unt) 608 2. mason heintschel (pitt) 423 3. joey aguilar (tennessee) 396 4. blake shapen (mississippi state) 381 5. athan kaliakmanis (rutgers) 359 6. arch manning (texas) 346 7. joe fagnano (uconn) 344 8. blake baker (la tech) 340,2025-10-28 00:26:57,arch manning,2,9,200,1,12526
video: press conference reaction from @josephcook89 and @evanvieth arch manning in concussion protocol wrs emerge prep for diego pavia free video + written summary:,2025-10-28 00:21:31,arch manning,0,1,8,1,2842
"status of arch manning is the story to watch all week, doubt we will know anything definitive until saturday",2025-10-28 00:20:09,arch manning,3,1,16,0,2713
"arch manning injury update: texas qb in concussion protocol, misses monday practice",2025-10-28 00:20:03,arch manning,3,0,0,0,2243
"cool so disingenuous it is, or maybe you dont know the meaning of the word they which would have conveyed that, but i guess it would not have earned you the coveted arch manning virtue signaling points that youre after.",2025-10-28 00:19:50,arch manning,2,0,0,0,115
":face_screaming_in_fear: pura locura en la week 9 del college football upsets, milagros y arch manning modo clutch :collision: mira mis takes en solo 60 segundos :movie_camera::backhand_index_pointing_down:",2025-10-28 00:16:18,arch manning,2,2,16,0,588
"watched the first half of matthew caldwells start against iowa last year. lots to like, some concerning things. puts good zip on the ball, throws it with touch better than arch manning. like manning, he tends to not get the ball out quick enough on timing routes.",2025-10-28 00:13:28,arch manning,0,0,0,0,199
what to expect from matthew caldwell assuming arch manning cant go vs vandy,2025-10-28 00:12:30,arch manning,7,14,399,21,27018
vote for drew mestemaker 608 yards last week and leads the country in passing rip beef snap #hardrockbet dabon arch manning richardson 11 nba haynes king 2 nhl washington commanders roger mccreary real betis mad max tulane #worldseries game 3,2025-10-28 00:12:20,arch manning,0,0,0,0,651
new: #texas longhorns quarterback arch manning has been placed in concussion protocol and did not practice on monday as the longhorns prepare to face no. 9 vanderbilt this weekend. story:,2025-10-28 00:02:19,arch manning,0,0,0,0,188
"texas football qb arch manning officially in concussion protocol, misses mondays practice",2025-10-28 00:01:27,arch manning,0,0,0,0,143
arch manning is a tough son of bitch...seans very first thought on 10 thoughts from the cheap seats. all 10 thoughts: @michellelynnn94 | @sean_redfearn,2025-10-28 00:00:01,arch manning,0,0,2,0,346
i hope same. arch manning is a pretty good player there.,2025-10-27 23:59:18,arch manning,1,0,0,0,96
texas coach steve sarkisian issues injury update on arch manning,2025-10-27 23:58:49,arch manning,0,0,0,0,444
oh no @hyenari62936969 @hadi_abdic i hope arch manning is okay and able to play on saturday against vanderbilt,2025-10-27 23:54:15,arch manning,1,0,1,0,120
#ncaafootball  texas #longhorns quarterback arch manning is in the concussion protocol and was unable to practice monday.,2025-10-27 23:45:00,arch manning,0,0,0,0,149
"georgia tech best win right now clemson. byu best win right now utah. navy best win right now temple, ohio states best win right now texas week 1 at home arch manning throw it at the ground game. they should all be undefeated.",2025-10-27 23:39:27,arch manning,3,0,8,0,1469
arch manning should transfer to usc under lincoln riley hell become what everyone thinks he could be. 3 heisman winners & another finalist.,2025-10-27 23:38:53,arch manning,0,0,0,0,128
imagine if there were still prop bets in college for arch manning...,2025-10-27 23:30:07,arch manning,1,0,0,0,144
arch manning left texas win over mississippi state on saturday,2025-10-27 23:28:44,arch manning,1,2,2,0,12692
"arch manning 1,795 yds 15 tds 6 ints 61% comp 57 qbr 199 rush yds 6 tds 21 total tds john mateer 1,790 yds 8 tds 6 ints 64% comp 69 qbr 226 rusher yds 5 tds 13 total tds how is mateer better? worse sec record, blown out by unranked texas. :clown_face:",2025-10-27 23:27:59,arch manning,1,0,6,0,703
arch manning is beating mateer? but i was assured by every trailer park in oklahoma that arch was trash and mateer was the 2nd coming of bradford?,2025-10-27 23:18:32,arch manning,1,0,1,0,760
longhorns qb manning in concussion protocol  via @espn app,2025-10-27 23:17:29,arch manning,0,0,0,0,302
texas qb arch manning in concussion protocol; matthew caldwell next man up #matthewcaldwell #archmanning #ncaafootball #texasfootball,2025-10-27 23:15:49,arch manning,0,0,0,0,161
texas football came back to beat mississippi state thanks to growth from arch manning in one crucial area.,2025-10-27 23:15:06,arch manning,0,0,2,0,1879
"arch manning in concussion protocol as texas preps for vandy texas qb arch manning is in concussion protocol and did not practice monday, as the longhorns prepare to face no. 9 vanderbilt on saturday. an update on manning is expected later this week.",2025-10-27 23:10:57,arch manning,0,0,0,0,267
arch manning is in concussion protocol. most likely missing the vandy game this weekend. big blow to texas,2025-10-27 23:05:40,arch manning,0,0,0,0,201
"with 1 of texas biggest games left on schedule looming this coming saturday, qb arch manning looks questionable with concussion from mississippi state game. hope arch is ok, but if needed, the longhorns will go with an interesting backup in senior transfer matthew caldwell.",2025-10-27 23:04:48,arch manning,0,0,0,0,213
"with the news of arch manning being in the concussion protocol, heres everything texas head coach steve sarkisian said about longhorns backup quarterback matthew caldwell.",2025-10-27 23:03:40,arch manning,0,8,23,2,8073
arch manning in concussion protocol | is texas good enough to win out and make the cfp :eyes: :camera: cbs sports,2025-10-27 23:02:06,arch manning,0,0,0,0,277
longhorns qb manning in concussion protocol,2025-10-27 23:01:23,arch manning,0,0,0,0,160
steve sarkisian: well have more information as the week goes on. #hookem story :backhand_index_pointing_right:,2025-10-27 23:00:04,arch manning,0,1,5,0,1910
hes not in the heisman race. but neither is marcel reed who has more starting experience. i guarantee you arch manning will be drafted higher.,2025-10-27 23:00:01,arch manning,7,0,0,0,256
:police_car_light: #breakingnews :police_car_light: who is texas qb matthew caldwell? how the longhorns offense will look if arch manning is unavailable grab #amazon #deals here: for #usa for #india #trendingnews #bigbreaking october,2025-10-27 22:59:33,arch manning,0,0,0,0,87
"arch manning is in concussion protocol, didnt practice monday",2025-10-27 22:59:06,arch manning,0,0,1,0,488
"arch isnt good. this isnt a typical twitter extremist/hot take, hes just not that good. then in return, it will bring a circus if he doesnt start. what if thomas beats him out for starter? every thomas bad throw, every loss, calls for manning.",2025-10-27 22:55:57,arch manning,0,0,2,0,136
"austin, texas (ap) texas quarterbackarch manningwas in concussion protocol and did not practice monday ahead of the no. 20 longhorns game against no. 9 vanderbilt. coach steve",2025-10-27 22:55:06,arch manning,0,0,0,0,114
texas arch manning in concussion protocol.,2025-10-27 22:50:14,arch manning,2,1,2,0,6849
"will arch manning play on saturday against no. 9 vanderbilt? the longhorns qb did not practice on monday, head coach steve sarkisian noted. this situation is being monitored closely.",2025-10-27 22:50:12,arch manning,1,3,13,0,11343
coach steve sarkisian said the team would get an update on mannings injury later in the week.,2025-10-27 22:49:53,arch manning,0,0,0,0,682
"arch manning is in concussion protocol and did not practice on monday, per steve sarkisian at his presser in austin. will we see matthew caldwell start vs vandy this week?",2025-10-27 22:49:15,arch manning,0,0,0,0,206
"parker livingstone, who is arch mannings roommate, on the qbs status: i think hes doing good. we kind of just chilled yesterday at the house. just watched football and talked. it was good.",2025-10-27 22:47:30,arch manning,0,0,7,1,826
2025 college football week 10 buzz: texas arch manning in concussion protocol #nba,2025-10-27 22:46:24,arch manning,0,0,0,0,57
"the players have a lot of confidence in him. with #texas qb arch manning now in concussion protocol, #longhorns hc steve sarkisian talks qb matthew caldwell. sark also spoke about kj lacey receiving 2nd team reps. manning did not practice today.",2025-10-27 22:45:51,arch manning,6,25,375,12,24446
"arch manning flips a quick lateral to ryan wingo on the very first snap, and wingo explodes 60 yards downfield, setting the tone for the texas longhorns wild 4538 shootout win over mississippi state! instant fireworks! oct. 25, 2025",2025-10-27 22:45:00,arch manning,0,5,83,2,3365
arch manning vs a&m marcel reed vs texas touchdowns arch manning 1 :check_mark_button: marcel reed 0 :cross_mark: wins arch manning 1 :check_mark_button: marcel reed 0 :cross_mark:,2025-10-27 22:44:19,arch manning,1,1,4,0,3193
texas longhorns quarterback arch manning led a furious comeback before exiting after the first play of overtime against mississippi state.,2025-10-27 22:43:36,arch manning,0,1,0,0,157
sark is a great coach. not his fault arch cant play. he got tricked by the manning family snake oil salesmen.,2025-10-27 22:39:24,arch manning,0,0,1,0,197
marcel reed will be playing alongside this guy after college career is over. i cant say the same for arch manning.,2025-10-27 22:38:29,arch manning,5,1,16,5,3089
there has been absolutely no coddling of arch manning. never in my life have i seen a young man under this level of scrutiny and quite frankly unbridled hatred.,2025-10-27 22:36:28,arch manning,1,0,0,0,73
"i did the per game stats math in my head so if i got something wrong dont yell at me. arch manning vs. p4 opponents (5 games): 1,077 yds (215/g) :red_circle: 7 tds (1.4/g) :red_circle: 4 ints (.8/g) :green_circle: 114 rush yds (23/g):red_circle: 1 td:red_circle: 8 total tds (1.6/g):red_circle: marcel reed vs p4 opponents (6 games):",2025-10-27 22:33:37,arch manning,12,8,225,18,54647
arch manning in concussion protocol for no. 20 texas ahead of game vs. no. 9 vanderbilt :american_football:,2025-10-27 22:31:59,arch manning,0,0,0,0,227
"texas qb arch manning in concussion protocol, steve sarkisian says",2025-10-27 22:29:03,arch manning,0,4,3,0,1380
arch manning enters concussion protocol after dramatic win at mississippi state; texas prepare for vanderbilt clash,2025-10-27 22:22:20,arch manning,0,0,0,0,96
"steve sarkisian on arch manning, who is in concussion protocol: well have more information as the week goes free:",2025-10-27 22:21:19,arch manning,0,3,19,0,3897
breaking: texas hc steve sarkisian announced that arch manning did not practice on monday and is in concussion protocol. #texas #texaslonghorns #archmanning #concussion #injury #news,2025-10-27 22:20:46,arch manning,0,0,0,0,155
"they waiting on arch, its a manning legacy issue",2025-10-27 22:20:13,arch manning,0,0,0,0,71
percentage of tds that came against g5 opponents: marcel reed: 38% arch manning: 62%,2025-10-27 22:18:26,arch manning,1,0,11,0,558
matthew caldwell is trending towards his first start at texas on saturday against vanderbilt.,2025-10-27 22:17:27,arch manning,0,0,3,0,872
"texas qb1 arch manning injury :face_with_headbandage: officially diagnosed w/ a concussion & in protocol typically a player misses at least 1 game but its possible to clear in 7 days would need to participate in practice w/no symptoms as a vandy bettor, tx qb2 scares me :grinning_face_with_sweat: #hookem #anchordown",2025-10-27 22:15:12,arch manning,0,0,0,0,660
:police_car_light: #breakingnews :police_car_light: arch manning injury update: what concussion protocol looks like for texas qb ahead of vanderbilt showdown grab #amazon #deals here: for #usa for #india #trendingnews #bigbreaking octo,2025-10-27 22:14:50,arch manning,0,0,0,0,118
"steve sarkisian said he has brought up the overtime hit on arch manning to the sec. has not gotten an answer back yet. weve turned in a few plays, and thats not uncommon. were always trying to just to make sure that were understanding of the rules. image: usa today",2025-10-27 22:08:55,arch manning,0,2,6,0,898
breaking: texas hc steve sarkisian announced that arch manning did not practice on monday and is in concussion protocol.,2025-10-27 22:08:43,arch manning,3,12,66,1,10289
"steve sarkisian says they turned in a few plays to the sec to get a better understanding of how officials are calling certain plays: thats not uncommon. with reference to the hit on arch manning that knocked him out of the contest, he said he hasnt heard back from the",2025-10-27 22:07:55,arch manning,1,5,127,5,17887
the texans are azz as a team. arch manning is even worse.,2025-10-27 22:06:39,arch manning,0,0,0,0,121
breaking: arch mannings official injury diagnosis revealed.,2025-10-27 22:02:11,arch manning,0,2,16,2,4708
university of texas qb arch manning is in concussion protocol and did not practice today per steve sarkisian #sec #cfb,2025-10-27 22:01:35,arch manning,0,1,0,0,135
"texas qb arch manning is in concussion protocol and did not practice on monday, per steve sarkisian. sark confirmed the news during his monday presser.",2025-10-27 22:01:23,arch manning,0,0,0,0,228
texas backup qb matthew caldwell could be pushed into spotlight with arch manning injury,2025-10-27 22:00:42,arch manning,0,1,0,0,162
in summary: marcel reed (heisman race) arch manning (shit),2025-10-27 22:00:21,arch manning,1,0,74,0,794
"arch manning is in concussion protocol and did not practice on monday, per steve sarkisian",2025-10-27 21:59:34,arch manning,0,0,4,0,1036
sarkisian on his trust with qb kj lacey: the ball moves forward when he plays. lacey will be qb2 on saturday with arch manning in protocol.,2025-10-27 21:57:17,arch manning,17,18,891,26,69376
troy transfer matthew caldwell is in line to start if arch manning cant go against vanderbilt.,2025-10-27 21:56:59,arch manning,8,14,81,0,42145
steve sarkisian says texas quarterback arch manning is in concussion protocol.,2025-10-27 21:56:24,arch manning,0,1,4,0,3467
steve sarkisian says #texas quarterback arch manning is in concussion protocol #hookem,2025-10-27 21:55:57,arch manning,0,3,15,0,3203
"steve sarkisian says that freshman qb kj lacey, the backup at the moment with arch manning, is a gamer when texas is in scrimmage or scrimmagelike settings in practice. hes got a natural feel for passing the ball. hes got a natural feel in the pocket and anticipating",2025-10-27 21:55:41,arch manning,0,0,11,0,1392
"arch manning is in concussion protocol and did not practice on monday, per steve sarkisian at his presser in austin.",2025-10-27 21:55:28,arch manning,59,196,1494,38,401790
steve sarkisian was asked if theres a cutoff point for arch manning this week where the longhorns might be forced to go with someone else. thats for the doctors.,2025-10-27 21:53:44,arch manning,0,1,1,0,644
arch manning: in concussion protocol ,2025-10-27 21:52:52,arch manning,0,2,1,1,769
"arch manning is in concussion protocol and did not practice monday morning, texas coach steve sarkisian said.",2025-10-27 21:50:49,arch manning,1,16,23,0,33087
arch manning has never started a game vs texas a&m. he had 1 10 yard run that you guys hang your hat on:face_with_tears_of_joy: cmon wayne,2025-10-27 21:50:25,arch manning,1,0,17,0,505
update: arch manning is in the concussion protocol and did not practice today,2025-10-27 21:47:00,arch manning,2,3,33,2,1919
arch manning record vs marcel reed 10 john mateer 10,2025-10-27 21:46:27,arch manning,29,3,187,8,20112
breaking: texas qb arch manning is currently in concussion protocol and did not practice on monday.,2025-10-27 21:45:57,arch manning,55,92,1249,31,83082
"the further the price of arch manning silver prizm draft picks falls, the faster i will hit the buy button.",2025-10-27 21:45:53,arch manning,0,0,0,0,264
"youre a good guy, just dont have the team to match you this year. the answer is zero. that said, im basing my prediction based off an arch manning led team. if caldwell is an upgrade, which i suspect he is, ill reevaluate after i watch your vandy game.",2025-10-27 21:45:50,arch manning,1,0,0,0,495
"new steve sarkisian on arch manning: well have more information as the week goes latest, via @josephcook89: (free) @on3sports",2025-10-27 21:45:36,arch manning,0,11,38,3,44624
"brendon lewis, memphis (27of44, 342 total yards, 2 tds, 0 int, qbr: 58.0) arch manning, texas (29of46, 352 total yards, 4 tds, 1 int, qbr: 57.1) drew mestemaker, north texas (37of49, 608 yards, 4 tds, 1 int, qbr: 42.0)",2025-10-27 21:44:52,arch manning,0,0,0,0,305
sark on arch manning practicing today (monday): he did not. hes in protocol right now,2025-10-27 21:43:33,arch manning,0,2,14,0,1222
can ben johnson fix arch manning?,2025-10-27 21:43:16,arch manning,1,0,0,0,170
steve sarkisian says arch manning did not practice today and remains in concussion protocol. he said the team will have more information as the week goes on.,2025-10-27 21:43:13,arch manning,1,0,1,0,397
sark said that arch manning is in concussion protocol and did not practice this morning. well have an update later this week.,2025-10-27 21:43:11,arch manning,0,5,32,1,2376
sark presser: arch manning did not practice on monday hes in protocol,2025-10-27 21:43:00,arch manning,0,1,1,0,461
texas football coach steve sarkisian said arch manning is in the concussion protocol right now and did not practice on monday.,2025-10-27 21:42:50,arch manning,3,8,128,1,11109
steve sarkisian said arch manning didnt practice this morning. he is in protocol right now. we will have more information as the week goes. #hookem,2025-10-27 21:42:48,arch manning,1,2,5,0,1084
steve sarkisian said arch manning did not practice this morning and is in concussion protocol. #hookem,2025-10-27 21:42:44,arch manning,3,8,194,5,12531
coach sark says arch manning did not practice today and is in protocol #hookem | #texas,2025-10-27 21:42:36,arch manning,2,5,67,1,4516
"quarterback in arch manning is in concussion protocol, per sark. he did not practice monday.",2025-10-27 21:42:31,arch manning,1,1,22,0,1606
sark says arch manning is in protocol and did not practice this morning,2025-10-27 21:42:29,arch manning,0,1,1,0,519
"arch manning did not practice this morning. hes in concussion protocol, steve sarkisian said. anticipates having more information as the week goes on.",2025-10-27 21:42:21,arch manning,1,2,2,0,1394
arch [manning] did not practice this morning. hes in [concussion] protocol.,2025-10-27 21:42:16,arch manning,1,6,25,1,5592
sarkisian said arch manning did not practice this morning and is in protocol. @insidetexas,2025-10-27 21:42:13,arch manning,0,0,3,1,362
#texas qb arch manning did not practice monday morning. sarkisian says he is in concussion protocol currently.,2025-10-27 21:42:09,arch manning,4,11,297,6,81874
arch manning is in concussion protocol and did not practice on monday morning.,2025-10-27 21:42:06,arch manning,1,1,5,0,940
"texas football coach steve sarkisian said he thought arch manning against mississippi state, was a warrior, and competed the way he always does.",2025-10-27 21:37:08,arch manning,1,2,21,0,2853
"sarkisian on arch manning: on saturday night, i thought he was a warrior. he stood in there, he competed like he always does.",2025-10-27 21:37:07,arch manning,0,1,4,0,513
steve sarkisian called arch manning a warrior for his performance on saturday. #hookem,2025-10-27 21:37:04,arch manning,1,4,139,1,6644
steve sarkisian on arch manning: i thought he was a warrior. he stood in there and competed like he always does.,2025-10-27 21:36:29,arch manning,0,5,54,1,3767
arch [manning] was a warrior on saturday night.,2025-10-27 21:36:25,arch manning,1,1,2,0,484
if julian sayin was named arch manning theyd have already given him the trophy.,2025-10-27 21:35:59,arch manning,3,0,25,0,947
wrapping up mississippi state: some key growth by arch manning a different way to use anthony hill jr. same inability to run between the tackles matthew caldwells experience rounding up the freshmen,2025-10-27 21:35:00,arch manning,0,0,1,0,556
arch manning is the napoleon iii of qbs.,2025-10-27 21:21:01,arch manning,0,1,3,0,205
trevor lawrence also falls into this category as others have said. i think in general people need to calm down with the use of generational. we saw how that failed spectacularly with arch manning,2025-10-27 21:16:58,arch manning,0,0,0,0,354
arch manning would throw 5 interceptions,2025-10-27 21:15:22,arch manning,0,0,1,0,116
"a baker/wirfs drawing because im a part time tampa bay fan,,, and one arch manning drawing cause im do for one,,, also hoping mia will tell me her secret plans for the boy",2025-10-27 21:12:07,arch manning,1,0,1,0,126
what is vegas thinking? the texas vs. vanderbilt spread is complete nonsense:,2025-10-27 21:11:13,arch manning,0,0,7,0,3018
this was targeting. helmet to helmet hit.,2025-10-27 21:10:23,arch manning,0,0,0,0,254
"breaking: texas hc steve sarkisian announces qb arch manning will be benched for this weeks matchup vs vanderbilt. sarkisian: [arch] is a great kid, but at some point you need more than a last name.",2025-10-27 21:10:13,arch manning,1,1,38,2,12994
"how about lose 9 straight. maybe more! are they trying to get manning. fire tomlin, draft arch!",2025-10-27 21:08:29,arch manning,0,0,0,0,78
and arch manning sucks,2025-10-27 21:02:04,arch manning,1,0,3,0,2229
sark also ran ewers outta town for arch manning man,2025-10-27 21:01:52,arch manning,2,0,1,0,304
steve sarkisian praises arch mannings unwavering fight: hes a warrior,2025-10-27 21:01:07,arch manning,0,0,2,0,460
"arch manning, texas (29of46, 352 total yards, 4 tds, 1 int, qbr: 57.1) manning, who had careerbests in completions, attempts, and passing yards (346), helped the longhorns to 17 points in the final 9:34 of regulation to force ot where they upended mississippi state, 4538.",2025-10-27 21:00:43,arch manning,1,0,2,0,617
everyone in the media is basically begging lane kiffin to leave at this point. same lazy ass argument every time but what else do you expect from people who had texas #1 and arch manning the top overall draft pick.,2025-10-27 20:58:26,arch manning,9,5,150,0,4745
arch manning vs. mississippi state first half numbers sec espn network,2025-10-27 20:50:04,arch manning,0,0,2,0,2899
"im torn between whether youre huffing aerosols or sniffing glue? pavia being on there (let alone 1) is skip bayless levels of delusional stupidity. not having king at 1, w/ simpson & mendoza as 2a/b is equally ridiculous. arch manning has more yards than dollar store manzeil.",2025-10-27 20:38:15,arch manning,0,0,0,0,50
marcel reed started every game but the first two last year for a&m and had 15 tds and 6 ints. arch manning is already at 17 tds and 6 ints.,2025-10-27 20:19:40,arch manning,1,0,3,0,1366
should we go down the september and early october arch manning/texas fans twitter rabbit hole?? pot? meet kettle...,2025-10-27 20:08:53,arch manning,0,0,2,0,202
texas is the team no ones talking about in the cfb playoff picture. why #hookem could create november chaos for the sec and others in the atlarge conversation:,2025-10-27 20:01:59,arch manning,3,5,4,1,4743
texas an agent of cfp chaos? how longhorns could throw wrench into national championship race,2025-10-27 19:57:03,arch manning,0,0,0,0,201
"its not just her with lsu, everyone had penn state, miami, texas, and oregon at number 1 too. just 3 weeks ago, miami was the most complete team in the country according to journalists. remember, penn state was going to win the national championship and arch manning was the",2025-10-27 19:53:24,arch manning,2,1,14,1,1615
carson beck? arch manning? cade klubnik? garret nussmeier? no..??? no?? damn. guess they all do suck :rolling_on_the_floor_laughing::rolling_on_the_floor_laughing::loudly_crying_face:,2025-10-27 19:50:18,arch manning,1,0,1,0,5032
heisman trophy odds movement via @betmgm :american_football::trophy: (opening to now): fernando mendoza: +5500 :right_arrow: +325 ty simpson: +5500 :right_arrow: +325 julian sayin: +2000 :right_arrow: +400 jeremiah smith: +1300 :right_arrow: +3000 dante moore: +2000 :right_arrow: +4000 arch manning: +900 :right_arrow: +25000 :flushed_face:,2025-10-27 19:47:00,arch manning,2,0,2,0,5923
i was wrong but arch manning is concussed and questionable. i dont get why they didnt wait for ttu / byu  cincy is in the mix too and has byu nov 22. it strikes me as an odd move unless espn is going to use it to degrade the big12 vs sec/big10  which i worry about.,2025-10-27 19:46:17,arch manning,0,0,0,0,198
arch manning suffers a concussion during the game against mississippi state. wishing him a speedy recovery! :folded_hands: #texasfootball #archmanning read more: [ #bhivelabs,2025-10-27 19:40:49,arch manning,0,0,0,0,267
"31 in the first month, 31 in the second, youre 62, everything is still in front of you  @erinhogan e breaks down texas win over miss st. and how it was a total team effort. @noahtalksball was impressed with arch manning. full reaction :backhand_index_pointing_down:",2025-10-27 19:32:18,arch manning,0,1,3,0,717
texas football: longhorns saved by backup qb matthew caldwell in ot,2025-10-27 19:30:07,arch manning,0,2,22,1,1761
arch manning 1st year starter #s are far superior to reed numbers as a 1st year starter. if we did it that way as well.,2025-10-27 19:28:10,arch manning,4,1,11,2,11588
"ok with being wrong but will point out arch manning is concussed and questionable. however, i dont understand it  why not byu at ttu next week? as a ute alum/fan ill take the exposure but ttu and byu already beat us and deserve the spotlight.",2025-10-27 19:28:06,arch manning,0,0,0,0,173
college football qbs we thought would be mustsee tv in 2025: :american_football:clemsons cade klubnik :american_football:texas arch manning :american_football:psus drew allar college football qbs who are actually mustsee tv in 2025: :american_football:indianas fernando mendoza :american_football:alabamas ty simpson :american_football:vanderbilts diego pavia,2025-10-27 19:26:03,arch manning,7,2,29,0,3923
"the texas longhorns took down the mississippi state bulldogs in overtime on saturday in starkville, mississippi, and quarterback arch manning was a crucial playmaker. he was injured in overtime, but head coach steve sarkisian comments on his toughness.",2025-10-27 19:23:56,arch manning,0,0,0,0,225
my god the saints are gunning for arch manning arent they,2025-10-27 19:14:38,arch manning,0,0,0,0,323
"arch mannings health, questions about play calling and defensive woes. this is everything we want to hear ahead of steve sarkisians press conference today on lhn. free article on @insidetexas with live updates on the website",2025-10-27 19:12:56,arch manning,0,0,7,0,891
arch manning made the zach wilson pro day throw in a real game,2025-10-27 19:08:11,arch manning,16,84,1484,61,76623
probably try to injure arch manning too piece of shit team,2025-10-27 19:06:36,arch manning,1,0,0,0,50
just watched todays podcast. you nailed the national media! :clapping_hands: look no further than arch manning. hyped up the entire offseason. tried so hard to make tx the next queen in waiting. not enough space to get started on the ap poll.,2025-10-27 19:04:58,arch manning,0,0,0,0,138
we will have an arch manning #nfldraft update from you ever again on get up this season?,2025-10-27 19:01:54,arch manning,0,0,0,0,709
"3 stars of the game vs. mississippi state: 1. arch manning 2. ryan niblett 3. ethan burke hm: hill, mosley",2025-10-27 18:57:07,arch manning,8,8,450,7,14268
our wideout coach is trash. ive said it for 3 years.:man_shrugging_mediumdark_skin_tone: arch manning isnt responsible for developing them. ryan wingo has 5 drops in last 2 games. imagine arch numbers if he catches the ball.:man_facepalming_mediumdark_skin_tone:,2025-10-27 18:53:13,arch manning,1,0,4,0,1452
arch manning injury update: what concussion protocol looks like for texas qb ahead of vanderbilt showdown,2025-10-27 18:34:22,arch manning,0,0,0,0,306
#idontwanttooverreactbut arch manning is a bust and the longhorns are better with him on the bench.,2025-10-27 18:19:52,arch manning,1,0,1,0,542
coffee & football  october 27 | looking ahead to vanderbilt | arch manning injury | steve sarkisian,2025-10-27 18:18:45,arch manning,0,4,10,0,5555
comes with being a second year starter. experience...... arch manning numbers are already beyond marcel reeds 1st year starter numbers.,2025-10-27 18:14:57,arch manning,5,0,9,0,2280
sounds like john mateer is playing like early season arch manning,2025-10-27 18:10:39,arch manning,0,0,0,0,170
"cfb week 10 my mustwatch games vanderbilt university vs university of texas im concerned about the injury status of university of texas qb arch manning. in the game against mississippi state university, he handled qb duties in overtime, and theres also a possibility that",2025-10-27 17:56:19,arch manning,0,0,0,0,202
austin (kxan) texas quarterback arch manning left the game after taking a hard hit on the first play of overtime in the longhorns 4538 win over mississippi state on saturday. manning,2025-10-27 17:52:08,arch manning,0,0,0,0,295
by your logic the buckeyes who barely got by arch manning should be able to go out there and beat the jets next week,2025-10-27 17:50:37,arch manning,0,0,0,0,182
"lol, you are the one comparing arch manning to *checks notes* the greatest qb of all time. this is the same horn delusion we have seen all year.",2025-10-27 17:46:46,arch manning,0,0,1,0,166
firing coaches is nice and all but drew allar cade klubnik garrett nussmeier arch manning all suck! theyre also making big money. fire they ass too!,2025-10-27 17:45:56,arch manning,0,0,6,0,1006
beau pribula injury kills the chances of missouri playing spoiler down the stretch the lack of run game up front is a way bigger problem than arch manning for texas willie fritz has done an excellent job turning things around at houston g5 is gonna get embarrassed in the cfp,2025-10-27 17:41:32,arch manning,2,0,3,0,508
arch manning was a projected first overall pick too. now he looking like hell go undrafted lol,2025-10-27 17:12:57,arch manning,0,0,0,0,141
"and heres the tale of the tape arch manning (1st year starter) 1,795 yds 15 tds 6 ints 61% comp 57 qbr 199 rush yds 6 tds 21 total tds marcel reed 1,972 yds 17 tds 6 ints 61% comp 76 qbr 349 rusher yds 6 tds 23 total tds",2025-10-27 17:10:28,arch manning,124,42,229,35,198489
gabriel stinks. ohio state showed how much of a fraud he was under any pressure at all. not even under pressure with this play and throws it like arch manning to wr1 the grass:clown_face::rolling_on_the_floor_laughing:,2025-10-27 17:05:49,arch manning,0,0,0,0,709
brian kelly and arch manning at penn st. next season,2025-10-27 17:00:01,arch manning,0,0,1,0,321
arch manning sucks,2025-10-27 16:58:29,arch manning,0,0,0,0,103
less than 100 yards passing 0 td. him and arch manning battling it out to see who can be the worst generational talent:clown_face:. underwood stinks. :cross_mark:ichigan stinks. scum culture stinks.,2025-10-27 16:49:45,arch manning,0,0,0,0,152
is there a 5 game stretch in cfb w/ as much completion % variance as arch manning the last 5 games? sam houston  85% ou  78% mississippi state  63% florida  55% kentucky  44%,2025-10-27 16:48:15,arch manning,0,1,3,0,504
imagine how down bad miss st is to lose to arch manning in embarrassing comeback fashion. i mean my god they made him look decent for 10 mins lmfao,2025-10-27 16:38:37,arch manning,0,0,0,0,165
marcel reed has only two more touchdowns than arch manning whos a first year starter. they both also have 6 interceptions.,2025-10-27 16:13:01,arch manning,35,12,122,3,133129
"nobody is talking about it, but steve sarkisian might lose his job by the end of the season too. recruiting arch manning was a fatal mistake. the last 4 weeks of the season are gonna turn eyes towards that program like never before. 66/75 is unacceptable at texas",2025-10-27 16:03:27,arch manning,0,1,2,0,295
arch mannings backup tosses gamewinning td for texas vs msu,2025-10-27 15:52:24,arch manning,0,0,0,0,116
ncaa: alarm over arch manning! the qb leaves injured after texass agonizing victory in overtime,2025-10-27 15:02:35,arch manning,0,0,0,0,252
arch manning running him out of town: fans abuzz as steve sarkisian allegedly shows interest in $6.3 billion worth afc champs amid nfl coaching rumors source: college sports network,2025-10-27 15:00:39,arch manning,0,0,0,0,44
"the ohio state just beat the preseason #1 team texas, and their quarterback, preseason heisman favorite, arch manning! no one hotel than the ohio state.",2025-10-27 14:12:34,arch manning,1,0,0,0,296
arch manning injury update: texas qb reportedly suffered concussion ahead of vanderbilt game,2025-10-27 14:03:10,arch manning,0,0,0,0,243
:spiral_calendar: another exciting program during week 10! three matchups between ranked teams including a showdown between qb arch manning and qb diego pavia and the rematch between hc josh heupel and oklahoma. we could have added an explosive north texasnavy. have a great week everyone!,2025-10-27 12:50:00,arch manning,1,1,3,1,595
"this defense would make arch manning look like peyton , the narrow minded thinkin of puttin everything on dak prescott when they lose gotta stop, dak is a great player , but hes not peak aaron rodgers , he shouldnt have to be 2007 tom brady to win every game",2025-10-27 12:25:46,arch manning,0,0,0,0,218
"here is the concussion protocol checklist that arch manning needs to clear, its a 6 step checklist that typically takes a day to clear each step if symptoms return, he must revert to the previous step he would need to have a noncontact practice by thursday at the latest",2025-10-27 12:13:56,arch manning,14,21,325,44,77195
any team that would tank for arch manning is doomed for eternity,2025-10-27 11:38:39,arch manning,0,0,2,0,160
wish we could of got the pov from rattler there to see what the hell he saw to make that throw. saints must be tanking to get arch manning in 2 years,2025-10-27 10:54:31,arch manning,1,0,0,0,1590
"tonight the red river runs burnt orange! arch manning > ryan niblett for their second td hookup of the day, this one giving the lead to texas with 12 seconds remaining in the game! final: texas 33 oklahoma 28",2025-10-27 10:18:47,arch manning,0,0,0,0,231
compare his stats to arch manning senior year then comeback and explain to me how manning was this 5star but this kid is a 3star. what could be the major difference,2025-10-27 09:52:05,arch manning,0,0,0,0,281
"texas longhorns face a shaky season, while coach sarkisian reportedly explores nfl opportunities. whats next for texas football and star qb arch manning?",2025-10-27 09:44:38,arch manning,0,0,2,0,193
"garrett nussmeier and arch manning were both hyped as great white hopes, while marcel reed was overlooked and will kick both of their azzez. lsu fires brian kelly.",2025-10-27 09:30:55,arch manning,0,0,0,0,415
"right, because no one was talking about arch manning",2025-10-27 09:06:29,arch manning,0,0,0,0,367
msu gave it away. does arch get that roughing call on fourth down if his last name isnt manning?,2025-10-27 09:00:12,arch manning,1,0,1,0,211
arch manning might not play in the only other ranked matchup so they settled.,2025-10-27 08:59:59,arch manning,0,0,0,0,175
"sans arch manning, the texas longhorns were still able to mount a gamewinning drive in overtime during their comeback victory over the mississippi state bulldogs.",2025-10-27 08:24:34,arch manning,0,1,0,0,331
"when arch manning won a second game, the ingrate drunks in the ut stands booed him. why? he won the damn game. he gave the mississippi state game his all,won it but got a concussionand the f4cks in the stands party on. god bless you,arch.",2025-10-27 08:20:05,arch manning,0,0,1,0,285
"arch manning injury update: latest report signals bad news for steve sarkisian, longhorns",2025-10-27 08:03:44,arch manning,0,0,0,0,438
"its said that the most popular player on a football team is the backup quarterback. after saving the day in starkville, how well is matthew caldwell liked?",2025-10-27 08:00:20,arch manning,0,1,1,0,3255
arch manning #soon,2025-10-27 07:56:32,arch manning,0,0,0,0,234
lmao were still getting arch manning tho i am sooo ready for the dallas cowboys arch manning era!,2025-10-27 07:53:58,arch manning,0,0,1,0,274
arch manning getting ready for the vandy game,2025-10-27 07:53:56,arch manning,8,9,339,12,12386
"after the two weeks in august he spent absolutely teabagging arch manning, putting any stock in how @danorlovsky7 ranks heisman candidates is laughable.",2025-10-27 07:42:46,arch manning,0,0,0,0,250
cant wait for texas to get left out of the college football playoff because arch manning got hurt or does that just apply to florida st?,2025-10-27 07:33:59,arch manning,0,0,0,0,257
arch manning to no we still get fernando,2025-10-27 07:23:21,arch manning,0,0,0,0,266
maybe quit sniffing glue. arch manning and miss. states qb have more yards than dollar store johnny football. he probably aint even gonna get to 2500.,2025-10-27 07:18:31,arch manning,0,0,0,0,246
arch manning cant throw,2025-10-27 07:13:12,arch manning,1,0,0,0,257
arch manning aint going #1,2025-10-27 06:52:57,arch manning,1,0,0,0,269
x flagged my comment about sports being rigged and the recent performances by arch manning and justin fields being examples as sensitive content. first time thats ever happened. now why would a comment i made about sports being rigged be flagged as sensitive?,2025-10-27 06:34:49,arch manning,0,1,0,0,332
which duo is more likely to end up in baton rouge: lane and landry kiffin or steve sarkisian and arch manning?,2025-10-27 06:12:46,arch manning,0,0,0,0,596
yall ass arch is white fkn hype!!! worse manning ever,2025-10-27 06:11:06,arch manning,0,0,0,0,318
"from a longhorn fan  unt/navy. mestemaker is the best story in college football. hes the real arch manning. nation leader in passing yds, tds & set a generational record friday. not bad for a 0 star recruit who walkedon as a safety and never started a high school game at qb.",2025-10-27 06:10:47,arch manning,0,0,1,0,368
i mean arch manning and wardell mack are examples of that but oil money talks i suppose.,2025-10-27 06:07:18,arch manning,0,0,0,0,315
"1. so much for going winless 2. wow the bengals choked epically 3. with the nyj luck, they just lost the #1 pick and arch manning...",2025-10-27 05:58:09,arch manning,1,0,0,0,350
youre the same guy that told us the colts were tanking for arch manning. the same guy who pushed hate comments on angel reese. rg u lost all credibility.,2025-10-27 05:52:16,arch manning,0,0,1,1,405
same dude who said arch manning is elite stupid fuck,2025-10-27 05:51:15,arch manning,0,0,4,1,612
yeah looking for an argument you went off the other thread to scroll my profile and look for something to reply to. and ty simpson is a heisman candidate and arch manning isnt a top 20 qb so i dont really care about the fsu game you so desperately want me to cry about,2025-10-27 05:42:03,arch manning,1,0,0,0,356
"i saw a stat about how arch manning gets paid half puka nacuas yearly salary every game, i think college players are more than getting their fair share",2025-10-27 05:36:52,arch manning,1,0,0,0,582
his next level striking and skills got exposed. the arch manning of ufc,2025-10-27 05:35:40,arch manning,0,0,2,0,349
yall lost to a terrible arch manning. ou fans never know when to just be quiet. couldnt even score a touchdown. but have enough excuses to rewrite the bible.,2025-10-27 05:29:36,arch manning,1,0,2,0,97
does arch manning declare if nola picks #1?,2025-10-27 05:24:04,arch manning,1,0,2,0,2143
"no. ppl r mad ab rich old guys who just want their schools to win handing money out. u shouldnt have guys like arch manning making 4 mil nil should be for hometown brands, commercials, selling jerseys, autographs etc not boosters giving kids 2 mil",2025-10-27 05:20:32,arch manning,0,0,0,0,241
"youre hard to please, yet theyre 62. youre probably one of the ones that had high expectations for arch manning",2025-10-27 05:17:41,arch manning,1,0,1,0,236
they can probably get arch manning in the 5th round,2025-10-27 05:16:04,arch manning,1,0,0,0,247
the texas longhorns host the no. 9 vanderbilt commodores looking for a fourth straight win.,2025-10-27 05:04:39,arch manning,0,0,1,0,497
i hated quinn but arch making me miss him something terrible!! yea their o line sucks but even when he has time he misses easy throws meanwhile the back up has come in & made multiple dime throws fresh off the bench! the manning name is the only thing holding that starting spot!,2025-10-27 04:58:54,arch manning,0,0,0,0,249
arch manning abut to burst their bubble hes due a out of his mind game. :man_shrugging:,2025-10-27 04:34:26,arch manning,0,0,1,1,671
please keep the browns away from arch manning:weary_face:,2025-10-27 04:24:49,arch manning,0,0,0,0,269
im waiting for my brother to text me see we should start milton and tank for arch manning. should have drafted shadeur though. we can still trade for him (this is completely serious. he truly believes this),2025-10-27 04:22:07,arch manning,1,0,3,0,1027
arch manning isnt going to declare early.,2025-10-27 04:16:39,arch manning,1,0,1,0,286
how is arch manning now ?,2025-10-27 04:13:26,arch manning,0,0,3,0,275
watching this rattler/shough monstrosity was better than drafting sheduer? yall really have that much faith in arch manning? saints fans need to riot,2025-10-27 04:06:04,arch manning,0,0,0,0,351
tank for arch manning? #nfl #saints,2025-10-27 04:02:53,arch manning,0,0,0,0,311
government officials should take pointers.,2025-10-27 04:00:22,arch manning,0,0,0,0,386
film: how arch manning managed to blossom amongst some manure around him,2025-10-27 03:59:21,arch manning,1,4,38,8,10608
lets be honest arch manning led the 4th comeback period. overcame bad ol play and the d was bad for 3.5 quarters. if the ol can get in sync arch will be awesome,2025-10-27 03:57:57,arch manning,0,0,0,0,67
"and here the tale of the tape arch manning 1,795 yds 15 tds 6 ints 61% comp 57 qbr 199 rush yds 6 tds 21 total tds john mateer 1,790 yds 8 tds 6 ints 64% comp 69 qbr 226 rusher yds 5 tds 13 total tds",2025-10-27 03:54:49,arch manning,48,51,650,33,53771
okereke flopping and you guys are eating it up :face_with_tears_of_joy::face_with_tears_of_joy: who are you hoping to get with the first overall pick this year? arch manning?,2025-10-27 03:47:08,arch manning,1,0,2,0,2320
"on the news the @colts want to sign d. jones to an extension, my guess it will be short not long extenstion w/ plans of trading a. richardson & using those draft picks to go for arch manning to (learn from jones and) eventually lead the colts back to the super bowl. #archmanning",2025-10-27 03:46:56,arch manning,0,0,0,0,315
is the arch manning sweepstakes still a thing? if not has anyone told the saints?,2025-10-27 03:45:54,arch manning,2,0,0,0,364
"it was two games in starkville for the texas offense paul wadlington assesses the performance of arch manning, the wrs, the oline, and more in his 2025 mississippi state postmortem (on3+):",2025-10-27 03:45:43,arch manning,0,1,15,0,3875
people are really betting on arch manning over diego pavia? have you watched a minute of football this year?,2025-10-27 03:45:35,arch manning,3,0,3,3,861
texas longhorns favorites vs. vanderbilt despite arch manning injury concerns,2025-10-27 03:38:01,arch manning,1,1,1,0,1399
why are the @texaslonghorns ignoring the arch manning concussion?,2025-10-27 03:33:08,arch manning,0,0,2,0,1376
1. michael taaffe 2. arch manning 3. anthony hill jr,2025-10-27 03:31:16,arch manning,0,0,0,0,339
bears will tank for arch manning they are playing chess everyone else is playing checkers,2025-10-27 03:27:56,arch manning,1,0,0,0,253
save them picks for arch manning. dak not him,2025-10-27 03:07:10,arch manning,0,0,0,0,67
"in the midst of no. 22 texas comeback overtime win at mississippi state on saturday, questions now persist about longhorn quarterback arch mannings health.",2025-10-27 03:00:12,arch manning,0,0,0,0,710
im not pretending caleb isnt playing like shit. i infantes stupid ass wants to suggest that caleb needs to be benched or traded or we need to draft arch manning or some stupid shit. hes playing like ass. but he is not ass. he has proven that time and time again. ur so stupid,2025-10-27 02:40:57,arch manning,0,0,0,0,156
"texas qb arch manning suffers concussion vs. mississippi state, per report  sporting news",2025-10-27 02:33:38,arch manning,0,0,0,0,431
u act like sark has been playing with future first round picks at qb. quinn was a late 7th round pick. rightfully so. he was bad more than he was good which is why texas was down in games. zero mobility. arch is slow to read things. cheeks manning,2025-10-27 02:25:07,arch manning,1,0,0,0,320
"comeback! arch mannings grit, nibletts magic & sarks message after ot... via @youtube",2025-10-27 02:15:07,arch manning,0,0,0,0,599
"sure, heres a quick summary: the guy thinks the sec is overrated, ap voters dont actually watch games, tennessee lost to all decent teams (including one with arch manning, which he says autodisqualifies them from top 25), and calls the whole conference fraudulent for southern",2025-10-27 02:12:45,arch manning,1,0,0,0,324
texas quarterback arch manning left the game after taking a hard hit on the first play of overtime in the longhorns 4538 win over mississippi state on saturday.,2025-10-27 02:03:00,arch manning,0,0,0,0,638
whats arch mannings injury? latest report on texas qb after exiting win vs. msu,2025-10-27 02:00:11,arch manning,0,0,0,0,601
hes doing everything possible so that in the next draft they look for arch manning,2025-10-27 01:59:37,arch manning,0,0,4,0,336
"he never said he didnt want sanders. he said he didnt think sanders would be there in the 5th round. nice try tho also, he definitely doesnt want arch manning.",2025-10-27 01:54:27,arch manning,0,0,1,0,296
so now do arch manning gunner stockton etc etc,2025-10-27 01:38:41,arch manning,1,0,0,0,380
"please anything other than this political bullshit... especially on the weekend in the fall, was in an arch manning thread yesterday and i run into a protect the homeland join ice ad.. like really wtf",2025-10-27 01:38:31,arch manning,0,0,0,0,309
arch manning is not beating a&m,2025-10-27 01:38:25,arch manning,1,0,0,0,279
nigga no one wants arch manning,2025-10-27 01:36:37,arch manning,0,0,3,0,28
"vanderbilt is not great. but theyre plenty good enough to beat texas. that said, ive only seen texas with arch manning at qb. they could be an entirely different team with caldwell.",2025-10-27 01:35:33,arch manning,0,0,0,0,387
wouldnt be surprised if they take a gamble on arch manning on day 2 or 3 in the draft just to provide caleb with some competition,2025-10-27 01:31:41,arch manning,1,0,4,0,927
"ben johnson with arch manning gonna move mountains , caleb williams is such a jet lol",2025-10-27 01:31:18,arch manning,0,0,0,0,353
"truthful sark, it really pisses me off that one of my agents leaked the truth because i cannot take another year of making excuses for arch manning.",2025-10-27 01:24:44,arch manning,0,0,0,0,313
as a lifelong bengals fan (unbiased) i think we need to trade joe burrow to the raiders and rebuild around arch manning,2025-10-27 01:22:48,arch manning,1,0,1,0,342
you mean that arch manning that is 10 as a starter against yall bums :rolling_on_the_floor_laughing::rolling_on_the_floor_laughing::rolling_on_the_floor_laughing:,2025-10-27 01:16:48,arch manning,0,0,0,0,250
"arch manning injury update: texas qb suffers concussion vs mississippi state, per report",2025-10-27 01:15:10,arch manning,3,3,13,1,14796
im concerned about arch manning. will he play next game? get well,2025-10-27 01:05:44,arch manning,0,0,0,0,329
theres a bunch of 5 stars who flops and 3 stars who are good. arch manning was a 5 star fernando mendoza was a 3 star. you have to see him play,2025-10-27 01:05:15,arch manning,1,0,0,0,314
we now know what injury arch manning suffered in texas footballs overtime win at mississippi state. manning sustained a concussion.,2025-10-27 01:00:13,arch manning,0,0,1,0,287
breaking news: kyron drones is no longer the most pressured quarterback in america. congrats to arch manning and nico iamaleava (115 pressured dropbacks) on this prestigious honor. drones falls to t3 at 113.,2025-10-27 00:48:41,arch manning,3,5,120,1,28650
a&ms gonna win the natty marcel reed is gonna win the heisman texas is gonna get slaughtered by vandy next weekend dodgers world series arch manning concussed texas basketball is gonna get killed by duke deaaron fox and jeremy sochan are still hurt who has it worse than me ?,2025-10-27 00:46:41,arch manning,0,0,1,0,604
"so not the offensive line giving up 7 sacks, including that one youre referring to. nobody lost us the game besides phil loadholt and coleman hutzler. defense made a career day out of arch manning",2025-10-27 00:42:57,arch manning,0,0,0,0,308
did you watch arch manning this past game! you have lost ya damn mind!! he terrible,2025-10-27 00:22:49,arch manning,0,0,1,0,346
still arch manning for me,2025-10-27 00:18:31,arch manning,0,0,0,0,577
"thats also why i just laugh to myself when our fanbase talks about this aint a good qb draft class. were in october. how do you already know this isnt a good draft class? because you heard it on the internet, or because you still think arch manning is worth waiting for?",2025-10-27 00:15:49,arch manning,0,0,0,0,298
@panthers linsanity run is over. guess we tanking for arch manning or something,2025-10-27 00:11:19,arch manning,0,0,0,0,301
grier would draft arch manning in the first round if he could.,2025-10-27 00:03:50,arch manning,0,0,0,0,389
arch manning injury update after texas longhorns star goes down in overtime,2025-10-27 00:03:48,arch manning,0,0,0,0,10
arch manning has 5 starts with an 80% or better ontarget rate two are against mississippi state,2025-10-27 00:00:56,arch manning,0,11,374,6,9808
report: texas qb arch manning sustains concussion vs. miss. state,2025-10-27 00:00:24,arch manning,7,6,12,1,41486
"after a quick glance of your timeline, i realized how insanely stupid you. lebron to dallas!! luka sucks! arch manning will save dallas!!. like, dude, put the bowl of paint chips down and snack on something healthier.",2025-10-27 00:00:14,arch manning,0,0,0,0,74
dont worry arch manning will save us!,2025-10-26 23:55:23,arch manning,5,0,1,0,959
"arch manning cant be drafted before the 5th rd based on the texas longhorns failure, and colorado buffaloes failure. texas longhorns are trash because of arch, colorado buffs are trash without shedeur. universe works in mysterious ways to expose man. common sense aint common.",2025-10-26 23:53:06,arch manning,0,1,1,0,428
i watched every snap of that ohio state game. idk how you only beat texas by 7 the way arch manning played. quite embarrassing actually that you could only put up 14 and let them hang around the whole game.,2025-10-26 23:47:24,arch manning,0,0,0,0,322
diego pavia vs arch manning,2025-10-26 23:40:58,arch manning,0,0,0,0,330
"dude. seriously, what the fuck are you talking about? youre now talking about arch manning. will you just shut your dumbass up?",2025-10-26 23:38:38,arch manning,0,0,0,0,59
itd be objectively wrong to place blame with your only investigation into it being the media/word rumor test... what is this a kirby moore burner account? why dont you go convince drink to put a league talent guard at tackle and tell him if matt gets hurt arch manning will come,2025-10-26 23:37:35,arch manning,2,0,1,0,701
because the sec is overrated and ap voters dont watch ball is why either is ranked. tennessee lost to every team that was decent and losing to arch manning should be automatic dq from top 25 contention. fraudulent ass conference for southern hicks,2025-10-26 23:37:10,arch manning,1,0,0,0,303
move at end of season get not much for caleb other than 23 rd picks move by november get 1 rd pick also a traded vet qb and a chance to get a arch manning. * only if you dont feel happy with a jalen hurts type qb at a ceiling of cw?! hmm just to get a sure pedigree of arch,2025-10-26 23:30:50,arch manning,0,0,1,0,354
"so, arch manning is a media darling, again. man, i wish the media could make up their minds if the kid is good or not. i give the kid credit. ive never heard him say a negative word.",2025-10-26 23:29:30,arch manning,0,0,0,0,388
ty simpson was a redshirt junior vs florida state who threw 50 passes before arch manning was a redshirt sophomore vs ohio state who threw 95 passes before julian sayin was a true freshman vs texas who threw 0 passes before these are not the same,2025-10-26 23:28:57,arch manning,1,0,1,0,315
arch manning :index_pointing_at_the_viewer_mediumdark_skin_tone: are a miami dolphin,2025-10-26 23:26:20,arch manning,0,0,0,0,251
updated: 1. ty simpson 2. joey aguilar 3. diego pavia 4. gunner stockton 5. john mateer 6. marcel reed 7. beau pribula 8. arch manning 9. taylen green 10. garrett nussmier 11. blake shapen 12. dj lagway 13. lanorris sellers 14. jackson arnold 15. austin simmons 16. zach calzada,2025-10-26 23:14:23,arch manning,0,0,4,1,2478
"arch manning against the blitz yesterday by half (did this by hand, came up with something slightly different than what pff is showing): 1st half: 3for7, 5 yards, 2 sacks 2nd half: 10for16, 191 yards, 2 tds, 2 sacks.",2025-10-26 23:11:25,arch manning,0,0,0,0,741
he can with arch and manning money.,2025-10-26 22:58:48,arch manning,0,0,0,0,570
texas qb arch manning reportedly suffered a concussion on his overtime scramble against mississippi state.,2025-10-26 22:55:25,arch manning,1,0,2,0,1895
report: texas football qb arch manning suffered concussion in win over mississippi state,2025-10-26 22:51:03,arch manning,0,0,0,0,282
i dont know 45 kinda a lot. arch manning leads the fourth quarter comeback win. the d was terrible for 3.5 quarters. hate all you want 16 is the real deal.,2025-10-26 22:50:20,arch manning,0,0,0,0,75
raise your hand if you really thought arch manning was actually going to be #heisman #1stoverall #godsgift this season. what a boondoggle. #browns #nottheguy,2025-10-26 22:41:16,arch manning,0,0,0,0,396
arch manning is concussed and in league protocol not available right now so not sure how to take this line.,2025-10-26 22:33:59,arch manning,3,0,1,1,2311
"with arch manning likely out with a concussion, heres what the texas longhorns game against the vanderbilt commodores could look like under quarterback matthew caldwell.",2025-10-26 22:25:50,arch manning,0,0,0,0,713
me too but arch manning led that 4th quarter comeback. true grit. out ol sucks,2025-10-26 22:20:47,arch manning,0,0,1,0,86
will gladly eat my words i apologize arch manning. what a game,2025-10-26 22:19:11,arch manning,0,0,2,0,1085
here what i saw bad d bad ol play bad d and arch manning leads 4th quarter comeback,2025-10-26 22:17:19,arch manning,0,0,1,0,69
"i agree but bryce ducked the elite 11 competition in highschool so we didnt get to see him compete against the other top qbs in his class and unfortunately its becoming a trend for the #1 qb to skip the competition each year arch manning, bryce underwood and now jared curtis",2025-10-26 22:10:41,arch manning,1,0,1,1,1266
3rd and 9 and the line lets a complete unblocked blitzer rush in to sack. i love how bad this line is. perfectly constructed to ruin the offense and let the dolphins get arch manning,2025-10-26 22:07:33,arch manning,0,0,0,0,377
osu who was only 7 better than a lost game 1 arch manning?,2025-10-26 21:58:52,arch manning,0,0,0,0,426
matthew caldwell threw a touchdown pass to emmett mosley in overtime after arch manning was knocked out of the game with an apparent injury and no. 22 texas came...,2025-10-26 21:54:05,arch manning,0,0,2,0,2242
"so many to pick from...... bobby layne, james street, marty akins, james brown, major applewhite, colt mccoy, ... on the way to being great arch manning. hook em",2025-10-26 21:37:00,arch manning,0,0,0,0,506
arch manning concussed in texas ot win  should be interesting week for a must win game this week,2025-10-26 21:35:20,arch manning,0,0,0,0,890
lo que va ser la prxima clase qb para el draft 2027: julian sayin dante moore(si se queda) arch manning dylan raiola marcel reed dj lagway lanorris sellers (si se queda),2025-10-26 21:34:34,arch manning,0,0,0,0,1432
why are the browns afraid to let him play. their season is over anyways. the more it feels like they are hiding something the more anxious and curious people will naturally get also i doubt arch manning will have to go through something like this,2025-10-26 21:34:29,arch manning,1,0,0,0,323
arch manning and the texas longhorns just did the georgia bulldogs a big favor source: dawn of the dawg @runnergal23 #sec :american_football:,2025-10-26 21:33:52,arch manning,0,0,0,0,345
"would be a pretty wild new subplot, juicy twist if matthew caldwell pulls off a win vs vanderbilt with arch manning likely sidelined :man_shrugging::man_shrugging::man_shrugging:",2025-10-26 21:32:31,arch manning,0,0,2,0,488
whats the report card for texas football after ot win at mississippi state,2025-10-26 21:30:15,arch manning,1,1,1,0,3133
@ me in state being up 17 with 9 mins to go and losing to arch manning,2025-10-26 21:28:58,arch manning,2,0,0,0,352
i love ut. just dont like how arch manning has been put on a pedestal a lot because of his name,2025-10-26 21:22:19,arch manning,1,0,1,0,333
"arch manning is the most overrated, overhyped qb in cfb",2025-10-26 21:21:54,arch manning,0,0,1,0,668
arch manning in two career starts against mississippi state: 55/77 671 passing yards 7 total td 2 wins #hookem,2025-10-26 21:15:13,arch manning,8,26,609,14,10841
"longhorns lose to florida, struggle against kentucky and mississippi state, and still think arch manning is a good qb. :neutral_face:",2025-10-26 21:10:14,arch manning,1,0,0,0,354
texas qb arch manning :sign_of_the_horns: 29/46 :sign_of_the_horns: 346 yds :sign_of_the_horns: 3 td :sign_of_the_horns: 1 rush td (1 int),2025-10-26 21:10:01,arch manning,1,0,1,0,511
arch manning and the #texas longhorns just did the #georgia bulldogs a big favor.... dont sleep on the brindle dogs in two weeks.,2025-10-26 21:02:33,arch manning,0,0,1,0,381
vandy wins with arch manning at qb. you watch.,2025-10-26 21:01:32,arch manning,0,0,0,0,344
"depending on arch manning progression through the concussion he suffered against mississippi state. as of now he is not available bc of league rules. if hes not back for vandy they win. ga l, arky depends, a&m l.",2025-10-26 20:56:58,arch manning,2,0,8,6,2473
no doubt #coachprime is upset. this hurts shedeur sanders path to becoming the next arch manning (or maybe it gets him closer?!). time for a trade to the #dallascowboys to solve thisor returning bill belichick to cleveland!,2025-10-26 20:55:51,arch manning,0,0,0,0,1124
arch manning put on one of the greatest qb 4th qtr comebacks in college football history. vs. mississippi state :face_screaming_in_fear::fire: 346 pass yds (career high) :police_car_light: 3 pass td 1 rush,2025-10-26 20:53:07,arch manning,0,0,1,1,330
"i would agree, ive been an arch manning hater for 6 games. but hear me out, texas does stop the run better than any team in the sec. and theyre playing vandy at home (who struggles to run) then georgia who struggles on defense, and finish against a good a&m team. they can win",2025-10-26 20:52:01,arch manning,1,0,0,0,340
he also did not target (deliberately take aim at). he was just going forward to tackle and had no idea mannings head would end up there. slowmotion typically makes it look worse but in real time he cant adjust in 1/10th of a second when arch falls forward.,2025-10-26 20:45:39,arch manning,0,0,2,0,751
arch manning is going to transfer to north carolina and play for belichick after all the backlash he gets this year. especially if his head coach leaves,2025-10-26 20:44:38,arch manning,1,0,0,0,331
ut football | arch mannings health in question after texas thrilling ot win against mississippi state,2025-10-26 20:40:06,arch manning,0,1,4,1,1176
time to tank for arch manning i guess,2025-10-26 20:37:09,arch manning,0,0,0,0,288
alabama almost loses to sc. matt moves them up. lets wait though for the video on how texas and arch manning suck.,2025-10-26 20:34:03,arch manning,0,0,0,0,592
"arch f ing manning leads 4th quarter longhorn comeback. even with an ol that is about as effective as a screen door on a submarine, he hung in took a beating but won the game.",2025-10-26 20:28:01,arch manning,0,0,0,0,64
penn state was preseason #1. arch manning was a talent. doesnt mean a lot when theres no other highlights,2025-10-26 20:22:37,arch manning,1,0,3,1,475
arch f ing manning leads longhorns 4th quarter comeback as this supposed great d kinda sucked until the 11 minute mark of the fourth quarter. the ol is not good. if you can block for arch he can be great,2025-10-26 20:16:46,arch manning,0,0,0,0,66
"vanderbilts new outlook, texas sized comeback, kiffins pursuit and brian kelly is lost in secfueled weekend #outkick",2025-10-26 20:12:33,arch manning,0,0,1,0,592
they are cheering anymore. as arch manning leads 4 th quarter comeback win. im lmfao,2025-10-26 20:06:22,arch manning,0,0,0,0,80
enough with the manning . we now hear about the great arch who is very average or below.,2025-10-26 20:01:10,arch manning,0,0,1,0,342
texas football came back from 17 points down to beat mississippi state on saturday. here are three questions now facing the longhorns.,2025-10-26 20:00:23,arch manning,1,0,1,0,2173
i need arch manning to clear concussion protocol immediately.,2025-10-26 20:00:16,arch manning,1,0,10,0,700
hell yeah just like arch manning,2025-10-26 19:59:51,arch manning,0,0,0,0,54
its a great day to remind yall that arch manning is a bbl.,2025-10-26 19:59:17,arch manning,0,0,1,0,468
arch manning was a heisman favorite this year after 7 games he shouldnt even be the starter :rolling_on_the_floor_laughing::rolling_on_the_floor_laughing::rolling_on_the_floor_laughing:,2025-10-26 19:57:13,arch manning,0,0,1,0,302
arch manning hurt during texas dramatic comeback win over mississippi state,2025-10-26 19:52:39,arch manning,0,0,1,0,334
texas coach steve sarkisian responds to rumors of communicating with nfl teams,2025-10-26 19:50:40,arch manning,0,0,0,0,6
arch manning is far closer to a twink than this guy lmao,2025-10-26 19:49:53,arch manning,1,0,2,0,304
"if a concussion keeps arch manning out of the vanderbilt game, matthew caldwell seems wellequipped to take over.",2025-10-26 19:45:08,arch manning,20,13,586,3,38968
"the bigger question i have is how the people who vote in these polls, who supposedly know ball, get them so laughably wrong. i knew that penn state, clemson and lsu were almost certainly overrated before any of them played a game. and texas at #1 was just pure arch manning hype.",2025-10-26 19:44:41,arch manning,3,0,14,0,1337
"arch manning threw for 169 yards in the 4th quarter, down 17 points on the road, to lead texas to one of its biggest 4q comebacks in school history. hope that gets a couple minutes this week in the face of so much hate on the arch manning narrative train.",2025-10-26 19:44:18,arch manning,32,75,1324,18,43194
when can you recall a qb (other than arch manning) playing themselves further down the draft board???,2025-10-26 19:43:59,arch manning,0,0,0,0,308
"#1 rating ring a bell, arch manning for heisman too? texas was saved last night and is a fraud....",2025-10-26 19:40:41,arch manning,0,0,0,0,314
arch manning glasses commercial playing on the tennis channel???,2025-10-26 19:37:37,arch manning,0,0,0,0,310
"puka nacuas 4year contract is indeed ~$4.1m total. arch mannings nil valuation varies by sourceon3 currently estimates $4.7m for 2025, though earlier reports cited $6.8m. the pergame comparison is approximate using the higher figure (e.g., $6.8m over 13 games half of",2025-10-26 19:35:28,arch manning,0,0,0,0,345
bruh...even arch manning could make that throw...:clown_face::clown_face::clown_face:,2025-10-26 19:30:33,arch manning,0,0,1,0,240
"#longhorns storm back from 17 down, win 4538 in ot at mississippi state; arch exits with injury after career night",2025-10-26 19:29:22,arch manning,0,1,1,0,643
arch manning to kentucky :woman_shrugging_mediumlight_skin_tone:,2025-10-26 19:28:42,arch manning,0,0,1,0,229
say that shit about arch manning again bitch! hes average at best.,2025-10-26 19:27:17,arch manning,0,0,0,0,194
and arch manning couldnt complete a forward pass in the game. not because of osus defense simply because he was throwing it at the ground.,2025-10-26 19:15:57,arch manning,0,0,0,0,272
oh so arch manning is bad bad,2025-10-26 19:14:50,arch manning,0,0,1,0,557
julian sayin diego pavia gunner stockton haynes king dante moore trinidad chambliss cj carr all have less tds than arch manning.,2025-10-26 19:12:41,arch manning,1,0,0,0,802
as a bengals fan i also do concur. yall should blow it all up for arch manning :face_with_tears_of_joy:,2025-10-26 19:11:47,arch manning,0,0,1,0,231
"as a jets fan im optimistic about the qb outlook for next draft. we went from thinking arch manning, cade klubnick, drew allar, garret nussmeir were the guys and they all have disappointed but ty simpson, fernando mendoza, dante moore all look like they have potential",2025-10-26 19:10:21,arch manning,0,0,0,0,112
injured arch manning exits as texas rallies for ot victory  espn,2025-10-26 19:10:04,arch manning,0,0,1,0,420
the volatility for arch manning continues,2025-10-26 19:08:28,arch manning,10,21,755,57,78491
"arch manning was hoopin in the 4th q, helping will texas to a comeback win. hes playing on heisman difficulty right now in this offense; seeing him overcome his surroundings is pretty encouraging for his development arc.",2025-10-26 19:06:41,arch manning,4,6,134,11,24055
arch manning vs mississippi state 63% comp || 82.2% ontarget || 346 yards || 4 total tds,2025-10-26 19:02:05,arch manning,4,40,513,54,7808
the decision this spring to add a 5th year grad transfer qb from troy to back up arch manning won texas a football game. hat tip to the texas personnel department and steve sarkisian/aj milwee. #hookem,2025-10-26 18:52:43,arch manning,9,22,1255,9,47118
why in the actual fuck is this showing up in a thread about arch manning... good grief can someone get all this shit out of my face for even 24 hours..,2025-10-26 18:42:47,arch manning,0,0,1,0,370
exposed is quite the word for a team that played arch manning and other limited offenses,2025-10-26 18:39:26,arch manning,0,0,0,0,405
that was one impressive road win for the aggies. and everyone thought this year was going to be the coronation of arch manning.,2025-10-26 18:35:25,arch manning,0,0,2,0,368
"arch manning injury update: texas qb takes hard hit, leaves mississippi state game via @usatoday",2025-10-26 18:30:58,arch manning,0,0,0,0,180
the no. 22 texas longhorns rode a dramatic fourthquarter turnaround and an improbable overtime to beat mississippi state 4538 saturday.,2025-10-26 18:30:11,arch manning,1,0,6,0,2515
"arch manning had his best game as a longhorn, and matthew caldwell came through in the clutch.",2025-10-26 18:29:05,arch manning,3,3,151,0,4549
this what niggas think arch manning is,2025-10-26 18:21:34,arch manning,0,1,1,0,418
arch manning hurt during texas dramatic comeback win over mississippi state #foxnews how about you leave the young man alone. stop putting the world on his young shoulders and let him grow,2025-10-26 18:18:01,arch manning,0,0,0,0,398
arch manning helped off the field after big hit  via @espn app,2025-10-26 18:16:02,arch manning,0,0,1,0,824
"quarterback arch manning sustained a concussion on the first play in overtime during no. 22 texas 4538 victory over mississippi state on saturday, espn reported.",2025-10-26 18:15:08,arch manning,0,1,1,0,907
so arch having a post by himself has nothing to do with his last name being manning? gtfo :skull:,2025-10-26 18:11:35,arch manning,1,0,2,0,352
arch manning left texas 4538 ot win over mississippi state on oct 25 after a hard hit to the head on a run play. he entered the medical tent and didnt return. coach sarkisian: well find out more when we get back to austin. reports from espn and others confirm a concussion;,2025-10-26 18:09:39,arch manning,0,0,0,0,564
matthew caldwell transferred to texas to sit behind arch manning. now he gets to tell his grandkids about this moment.,2025-10-26 18:08:09,arch manning,6,69,2863,58,213782
i keep telling yall we need to have a legitimate conversation about aj milwee remaining on texas staff. our 2nd string backup shouldnt be coming in and looking better than arch manning. but yall just want to keep bagging on sark. play calling has been a non issue for going,2025-10-26 18:06:30,arch manning,0,0,1,0,856
arch manning injury update: texas football qb exits game vs mississippi state in overtime,2025-10-26 18:00:29,arch manning,0,0,1,0,2177
backup quarterback matthew caldwell entered and threw a 10yard touchdown pass to emmett mosley for the 4538 win.,2025-10-26 18:00:07,arch manning,0,0,1,0,1155
"arch manning suffered a concussion in overtime of texas comeback victory on saturday, sources told espn. the longhorns host vanderbilt this week.",2025-10-26 17:54:55,arch manning,2,2,7,0,5282
"no. 22 texas pulls off an ot win at mississippi state, but questions linger over qb arch mannings health  will his availability change the longhorns season outlook? from #archmanning #longhorns #injurywatch",2025-10-26 17:53:51,arch manning,0,0,0,0,329
well hes not wrong. carson ben would rather throw it than hand it off due to his nil contract that might require he throws it a certain amount of times. people have seen more arch manning ads than touchdowns for texas.,2025-10-26 17:51:39,arch manning,0,0,1,0,253
arch manning :face_with_tears_of_joy: man shut ya dumb ass up,2025-10-26 17:47:44,arch manning,1,0,6,0,74
report: texas qb arch manning sustains concussion vs. miss. state #archmanning #matthewcaldwell #ncaafootball #texasfootball,2025-10-26 17:42:21,arch manning,0,0,0,0,413
"a team with a lot of freshman starting , and 62 is a joke, arch manning and a team full of starters with experience had to claw back to beat mississippi st be for real man",2025-10-26 17:38:15,arch manning,0,0,2,0,289
i hope arch manning is ok! that hit looked bad. gave him a concussion! :face_with_headbandage: dear chris grier do not take arch manning with the number 2 overall pick in april.,2025-10-26 17:28:52,arch manning,0,0,1,0,601
"texas escaped starkville, but arch mannings health now in question ahead of vanderbilt showdown #outkick",2025-10-26 17:23:38,arch manning,0,0,1,0,781
"#texas qb arch manning (78.9) was the highest graded longhorn in the win over mississippi state, per pff.",2025-10-26 17:23:00,arch manning,14,85,1556,30,57295
texas arch manning apparently injured in overtime win against mississippi state,2025-10-26 17:21:20,arch manning,0,0,1,0,539
"with arch manning in medical tent, texas qb matthew caldwell throws gamewinning td in 4538 ot win over mississippi state via @yahoosports",2025-10-26 17:18:57,arch manning,0,0,2,0,390
"steve sarkisian on arch mannings performance i thought arch battled his tail off...but hes a warrior. he battles, he competes, he takes hits, he gets back up, stands in the midst of fire and continues to throw",2025-10-26 17:16:45,arch manning,7,52,1166,30,29124
"bronny is 100x better at basketball than arch is at football who said anything about money? kid is a manning , he will never have to work a day in his life sounds like a typical troll farm account that doesnt exactly know what theyre talking about just wants to ragebait",2025-10-26 17:14:53,arch manning,2,0,0,0,303
:loudly_crying_face: i feel so bad for you. yeah arch manning is such a disappointment. last night was so scary for me though. im going to chalk it up to them being really tired with the past 4 weeks.,2025-10-26 17:12:09,arch manning,0,0,0,0,227
arch manning is way overhyped.,2025-10-26 17:10:26,arch manning,0,0,0,0,244
"texas beats mississippi state 4538. longhorns now 62. :american_football:arch manning throws 3 tds, rushes in another :face_with_headbandage:manning leaves injured :trophy:matthew caldwell seals it with ot heroics #hookem #texasfootball #secfb #secfootball #cfb #collegefootball",2025-10-26 17:08:08,arch manning,0,0,0,0,442
"arch manning hurt during texas dramatic comeback win over mississippi state never should tha numbers 7 and 16 bee assigned to a quarterback, let alone any nfl player....you are asking for disaster",2025-10-26 17:02:11,arch manning,0,0,0,0,276
sarkisian drops a postgame quote thats basically the definition of insanity:,2025-10-26 17:01:52,arch manning,1,0,11,0,4656
"vanderbilt keeps padding cfp resume, texas finds another way to win. but, is arch manning healthy? bama avoids upset. brian kelly facing intense heat, while lane kiffin could force florida to wait a while. business is picking up in college football.",2025-10-26 17:01:31,arch manning,4,5,42,1,30797
should be getting more attention nation wide. do you guys see his completion %? his touchdown to turnover ratio? if arch manning had those numbers theyd give him the trophy already,2025-10-26 16:59:59,arch manning,0,0,1,0,495
gunner stockton vs kentucky 15/23 196 1 td 1 int. arch manning 12/27 132 sellers 11/14 153 austin simmons 13/24 235 2 interceptions,2025-10-26 16:44:34,arch manning,0,1,51,2,1823
"in the midst of no. 22 texas comeback overtime win at mississippi state, questions now persist about longhorn quarterback arch mannings health. manning...",2025-10-26 16:41:04,arch manning,0,0,0,0,2259
texas qb arch manning (concussion) exited the longhorns 4538 victory over mississippi state during overtime & did not return qb matthew caldwell threw the game winning 10yd td pass to emmett mosley the longhorns battle #10 vanderbilt next week #gocfb #collegefootball #texas,2025-10-26 16:37:28,arch manning,1,1,3,0,824
the following longhorns set (or tied*) career highs for snaps played vs. miss state: (88) malik muhammad (81*) arch manning (79) jaylon guilbeau (72) graceson littleton (68) colin simmons (63) xavier filsaime (55) hero kanu (53) ethan burke (46) alex january (25*) lance jackson,2025-10-26 16:37:00,arch manning,12,12,515,8,27102
how were they to know arch manning was putrid?,2025-10-26 16:33:21,arch manning,1,0,0,0,213
he and arch manning need a few more minutes in the cfb cooker. high draft picks means team in desperate need of a franchise qb. what ever happened to allowing qb to sit a few years before throwing them into the fire?,2025-10-26 16:28:00,arch manning,0,0,0,0,237
we hype these guys to the next level based on thin resumes and then when they struggle we declare they suck (see arch manning). that is whats awful :sign_of_the_horns_light_skin_tone:,2025-10-26 16:19:05,arch manning,0,0,1,0,335
"after the injury to texas longhorns quarterback arch manning, matthew caldwell sealed the deal against the mississippi state bulldogs.",2025-10-26 16:03:07,arch manning,0,0,0,0,705
texas football: 3 questions facing longhorns after wild comeback win,2025-10-26 16:00:17,arch manning,0,0,2,0,1417
"longhorns ot victory :raising_hands: in the midst of no. 22 texas comeback overtime win at mississippi state on saturday, questions now persist about longhorn quarterback arch mannings health.",2025-10-26 15:45:06,arch manning,0,0,1,0,1192
"lamar jackson, arch manning, justin herbert | top football player rankings! (the united states) #lamarjackson #archmanning #justinherbert #footballplayer #theunitedstates #toprankings",2025-10-26 15:34:27,arch manning,0,0,0,0,373
i dont know anyone would give arch manning a hard time.. he can definitely outrun tua anyday! manning dont get no concussions either.. texas a&m is the team to beat in the sec anyway! :hundred_points::smiling_face_with_sunglasses::american_football::flexed_biceps_mediumdark_skin_tone:,2025-10-26 15:23:29,arch manning,0,0,2,0,350
"after arch manning took a big hit and was helped off the field after a 13yard scramble in overtime, backup matthew caldwell came in and needed just one pass to make an impact.",2025-10-26 15:00:07,arch manning,0,0,0,1,539
just seen the texas v mississippi state game. arch manning walked them down trailing 17 points in the 4th in their house wow,2025-10-26 14:59:48,arch manning,0,0,1,1,802
"the colts would be crazy not to draft arch manning, right?",2025-10-26 14:42:50,arch manning,0,0,0,0,312
arch mannings texas coach opens door to nfl move after declaring interest in struggling team via,2025-10-26 14:24:06,arch manning,0,0,0,0,305
texas arch manning suffers apparent upperbody injury in win vs. mississippi state,2025-10-26 14:17:22,arch manning,0,0,0,0,561
"@thechrislanders good god :seenoevil_monkey: every program in the country will want to poach manning? lay off the bong water my man, they can keep him :face_with_tears_of_joy:",2025-10-26 14:14:46,arch manning,0,0,0,1,310
arch mannings backup tosses gamewinning td for texas vs mississippi state after qbs injury via,2025-10-26 14:11:49,arch manning,0,0,0,1,1024
"arch manning had very little to do with it as he had 4 tds, over 300 yds passing and a 200 rating in the 4th quarter :man_facepalming:",2025-10-26 13:17:58,arch manning,0,0,0,0,324
"wow: texas wins in overtime! arch manning injured, caldwell clutch & sar... via @youtube",2025-10-26 13:07:29,arch manning,0,0,0,0,574
people said the same about arch manning and look how thats going,2025-10-26 12:59:05,arch manning,0,0,0,0,319
chris hunter is a dawg even the manning family was talking abt him . played ball w arch in hs,2025-10-26 12:53:54,arch manning,0,0,0,0,318
"they need a qb, fields is playing trash, arch manning in the next draft?",2025-10-26 12:46:48,arch manning,0,0,0,0,304
your qb is arch manning:face_with_tears_of_joy: pipe down,2025-10-26 12:37:26,arch manning,1,0,0,0,324
back breaking loss to arch manning inbound,2025-10-26 12:19:24,arch manning,0,0,1,0,397
arch manning can throw a deep ball but ty simpson cant :loudly_crying_face::loudly_crying_face::loudly_crying_face: okay man,2025-10-26 12:08:13,arch manning,0,0,0,0,779
"arch is not going to be the qb at texas next season. manning name or not, hes not the guy.",2025-10-26 12:04:12,arch manning,0,0,0,0,492
arch manning stats today: texas qbs leads comeback win vs mississippi state,2025-10-26 11:30:10,arch manning,4,3,17,0,10498
"texas escaped starkville, but arch mannings health now in question ahead of vanderbilt showdown",2025-10-26 11:23:40,arch manning,1,0,0,0,1225
this arch is better to look at than arch manning :rolling_on_the_floor_laughing::american_football::zany_face:,2025-10-26 11:03:19,arch manning,0,0,1,0,184
"arch manning led the longhorns to a spectacular comeback in the fourth quarter against the bulldogs, but he left the game injured.",2025-10-26 11:02:29,arch manning,0,0,0,0,1125
arch manning injury: latest as texas football qb leaves game,2025-10-26 11:00:30,arch manning,0,0,0,0,661
one downer after texas footballs thrilling ot win over mississippi state is the injury to arch manning and what it could mean for the rest of 2025.,2025-10-26 11:00:10,arch manning,0,0,0,0,353
si arch manning no se rinde yo tamopco,2025-10-26 10:59:12,arch manning,0,0,0,0,541
hes also better then: nussmeier austin simmons dante moore lanoris sellers arch manning dj lagway cade klubnik you know majority of the guys they rated over the gunner slinger,2025-10-26 10:58:44,arch manning,0,0,3,0,988
fair but after 8 games id argue every qb in the country has at least one game theyd like to take back. look at arch manning. hes had a few. this kid is playing well even though hes never really played qb anywhere. pretty fun and improbable story.,2025-10-26 10:56:51,arch manning,1,0,0,0,420
"arch manning injury update: texas qb takes hard hit, leaves mississippi state game",2025-10-26 10:45:09,arch manning,6,6,14,0,10951
agree to disagree :handshake_mediumlight_skin_tone:. if dak prescott can develop into a legit qb then so can arch manning. he does take some bad sacks sometimes. it wasnt just chunk plays but im sure thats what sticks out.,2025-10-26 10:40:44,arch manning,0,0,0,0,483
never going to happen. a top ten vandy team which is fraudulent like all the other sec mids is going to ranked but also mid texas next week. espn not going to miss an opportunity to gobble arch mannings knob.,2025-10-26 10:35:47,arch manning,1,0,2,0,627
arch manning was awesome today,2025-10-26 10:35:10,arch manning,1,22,503,28,64431
god bless you arch manning,2025-10-26 10:35:00,arch manning,0,0,0,0,141
so upset i wasnt home to watch the texas game arch manning is a goddamn wizard,2025-10-26 10:27:21,arch manning,1,0,1,0,360
"2 passes. florida and miss st. both times he had the same pockets as arch and both times he looked composed, and collected. arch manning is a fucking bum. get his ass off the team",2025-10-26 10:22:31,arch manning,2,0,1,0,165
"almost immediately, it seemed clear to the average fan or common joe that manning had #suffered a #concussion, appearing lost as he was assisted off the field.",2025-10-26 10:09:54,arch manning,0,0,1,0,592
"arch manning doesnt look how a certain crowd prefers, so the media is critical (rather than astroturfing for qbs that crowd likes). the zeitgeist is over that crowds bullshit, but reporters are slow, dumb. if fos buy the nonsense, he might become one of the biggest steals ever.",2025-10-26 10:06:16,arch manning,0,0,0,0,466
"the longhorns were able to get the win in starkville tonight, in large part because of arch mannings 350 yard, 4 td performance.",2025-10-26 10:05:42,arch manning,0,0,4,0,303
texas forces ot in starkville but falls just short against mississippi state. competitive from kickoff to the finish. #co3313,2025-10-26 09:59:41,arch manning,1,0,0,0,611
texas arch manning suffers apparent upperbody injury in win vs. mississippi state. :face_with_headbandage:,2025-10-26 09:56:00,arch manning,0,0,4,0,9121
rodger staubach  danny white drew bledsoe  tom brady bret farve  aaron rodgers arch manning  matthew caldwell,2025-10-26 09:50:51,arch manning,0,0,12,0,1817
"the #fact that the injury wasnt #diagnosed during the game when it appeared like he was #concussed, is actually pretty alarming. this might lead some to believe that its more than just a #concussion at this point, which isnt good at all.",2025-10-26 09:49:20,arch manning,0,0,0,0,420
"first, the nyt arch manning article. now, unreliable, fabricated trash like this from someone whos in their position simply because theyre a woman. very curious what youre hearing though, bonehead.",2025-10-26 09:46:45,arch manning,0,0,0,0,472
family tradition: arch manning earns a second career win over mississippi state free:,2025-10-26 09:43:49,arch manning,0,4,24,1,2617
family tradition: arch manning earns a second career win over mississippi state more from @josephcook89 (free):,2025-10-26 09:42:51,arch manning,0,0,24,0,3946
legendary stats arch manning is the prophecy,2025-10-26 09:41:14,arch manning,0,0,1,0,658
arch manning hurt during texas dramatic comeback win over mississippi state: texas quarterback arch manning may have suffered an injury during the teams comeback overtime win at mississippi state on saturday. manning scrambled for 13 yards on the fir,2025-10-26 09:39:22,arch manning,0,0,0,0,631
maybe arch manning is good :exploding_head:,2025-10-26 09:36:46,arch manning,0,0,7,1,1876
so happy that arch had a great game. his 346 yards and 3 touchdown passes and a running td were huge. manning came into his on tonight. niblett should be awarded the game ball. ol has to do better.,2025-10-26 09:33:25,arch manning,0,0,12,0,6247
"texas qb arch manning suffered a concussion in overtime, though the no. 22 longhorns still beat mississippi state, 4538. manning, who had a careerhigh 346 yards and three tds, was injured on the first play of overtime. backup matthew caldwell threw the winning touchdown,",2025-10-26 09:28:46,arch manning,0,0,0,0,1103
where did i ever glaze him you fucking moron? i just said that losing to arch manning of all people is worse than what they did last week. do you not know how to read? letting arch manning throw for 300 yards and 3 tds on you is the bottom and is embarrassing dumbass,2025-10-26 09:27:28,arch manning,1,0,1,0,151
hope aint a factor. yall are gonna get beat down arch manning gonna shit his pants in athens. i dont have a team i just hate texas and that gay ass austin texas town with 7 different ben and jerrys ice cream in a 1 mile radius. definitely gay.,2025-10-26 09:22:44,arch manning,2,0,0,0,605
"arch manning led texas to a spectacular comeback in the fourth quarter to defeat mississippi state 4538 in overtime, but he left the game injured.",2025-10-26 09:17:23,arch manning,0,0,1,0,1461
wow. bring back the lhn. you can watch these wins all weekend. arch manning winning games against 3a competition continues.,2025-10-26 09:14:48,arch manning,5,0,6,0,20903
"down 17 points entering the 4th, clocked it at 16x. arch manning and them texas boys werent gonna go out sad. surreal comeback finish. credits to mississippi state",2025-10-26 09:13:02,arch manning,0,0,3,0,817
texas is winning in spite of arch manning,2025-10-26 09:12:18,arch manning,1,0,1,0,541
3rd. and take arch manning,2025-10-26 09:10:18,arch manning,0,0,0,0,467
#mississippistate defense giving #texas #longhorns plenty of trouble! #collegefootball arch manning getting sacked over and over!,2025-10-26 09:10:18,arch manning,0,0,0,0,519
arch mannings backup tosses gamewinning td for texas vs msu via @mailsport,2025-10-26 09:07:38,arch manning,0,0,0,0,888
"arch manning had very little to do with it. it was jeff lebby managing the clock poorly, a horrific 4th down debacle, a texas punt return td, and a backup qb throwing a td in ot. stop glazing arch manning like hes any good at all and not a big reason why miss st was even up 17.",2025-10-26 09:07:38,arch manning,2,0,0,0,605
"what if i told you, arch manning throws for a career high 346 yards, 3 td, runs for another and ryan wingo goes off for a career high 184 yards while niblett returns another punt for a td in a horns win? youre probably thinking 4213 win (7/x) :thread:",2025-10-26 09:02:58,arch manning,1,0,0,0,619
arch manning helped lead the longhorns back from a 17point deficit before being knocked out of the game in overtime.,2025-10-26 09:00:15,arch manning,0,0,0,0,782
your theory should consider sark sux as a head coach in general. his best skill is bouncing around and pretending to be a good head coach. what im surprised about is the mannings ever let arch go to play under him in the first place. must be the texas money!,2025-10-26 08:53:04,arch manning,1,0,1,0,545
i told yall dont give up on arch hes a manning they will find a way to make him elite,2025-10-26 08:51:07,arch manning,0,0,1,0,923
sources: arch manning being treated for concussion after texas 4538 overtime victory at mississippi state,2025-10-26 08:47:32,arch manning,12,20,144,10,25853
right. just like you said arch manning was omgg great. only when its convenient for rob,2025-10-26 08:46:20,arch manning,0,0,5,0,698
texas longhorns quarterback arch manning exited with injury after the first play of overtime in the win against mississippi state.,2025-10-26 08:43:09,arch manning,0,0,0,0,838
"always pumped to host sundays 2a6a et on @infsportsnet yoshinobu yamamoto brilliance yet again brian kelly isnt the solution at lsu indiana hoosiers look invincible texas longhorns and arch manning get inspiring win 0 guests, just your calls all show:mobile_phone_with_arrow:8887104476",2025-10-26 08:41:19,arch manning,6,2,17,1,3660
5 takeaways from texasmississippi state: longhorns steal ot win after injury to manning,2025-10-26 08:40:00,arch manning,0,0,2,0,4637
texas stuns mississippi state with comeback win from down 17 as arch manning exits in ot,2025-10-26 08:38:45,arch manning,0,0,0,0,620
arch manning aint it and you know it. took a miracle to beat trash msu team that somehow the media is gonna spin it into a quality win and texas is back,2025-10-26 08:36:32,arch manning,1,0,1,0,381
"sarkisian meets with reporters every monday, so the first official update on mannings injury could come then #hookem",2025-10-26 08:30:49,arch manning,2,0,8,0,3168
"imagine paying what they did just to have a mediocre qb :rolling_on_the_floor_laughing:. arch manning 2.0, but i think texas got the better deal and thats not saying much :face_with_tears_of_joy:",2025-10-26 08:30:29,arch manning,0,0,1,0,378
texas qb arch manning injury a concern heading into sec stretch run,2025-10-26 08:25:34,arch manning,0,0,1,0,303
arch mannings status vs. vanderbilt in doubt after injury reports surface #hookem #texasfight #texalonghorns #archmanning,2025-10-26 08:24:24,arch manning,0,2,6,0,2477
arch manning has shown flashes the last few weeks since the oklahoma game where youre like ok...i can see the 5 :star: billing...his biggest issue is consistency. he looks and plays like ass more than he doesnt look and play like ass so once he can turn that around then...:fire:,2025-10-26 08:23:20,arch manning,0,0,0,0,746
"exactly. you can say anything you want about arch manning (i believe he really does not care) but he has guts and hes tough. texas didnt let anything stop them, especially, fortunately, and unfortunately, their own sabotage.",2025-10-26 08:21:14,arch manning,0,0,2,0,494
"texas escaped starkville, but arch mannings health now in question ahead of vanderbilt showdown next week. the longhorns qb left the game following the first play of overtime.",2025-10-26 08:19:45,arch manning,0,3,23,1,18478
texas completes the ultimate comeback! arch manning and ryan niblett are... via @youtube,2025-10-26 08:19:19,arch manning,0,0,1,0,783
arch manning played a fucking amazing game with zero o line and butterfinger receivers,2025-10-26 08:19:17,arch manning,1,0,65,0,1631
who are peyton mannings kids and how is he related to arch manning?,2025-10-26 08:15:50,arch manning,0,0,0,0,519
lets just agree arch is not nfl caliber talent. if his name wasnt manning he would be a nobody.,2025-10-26 08:12:35,arch manning,0,0,6,0,577
arch manning exits texass ot win vs. mississippi state early with apparent injury,2025-10-26 08:06:52,arch manning,0,0,0,0,727
how arch manning performed in texass thrilling overtime win vs. mississippi state,2025-10-26 08:06:41,arch manning,0,0,0,0,531
arch manning #earnednotgiven,2025-10-26 08:02:35,arch manning,0,0,0,0,557
we did it! ill just say? not a catch. but before that? arch manning was speared in the back and no call. i say? it all evened out:rolling_on_the_floor_laughing: but still? that wasnt a catch:face_with_raised_eyebrow: he was out.:man_shrugging_light_skin_tone:,2025-10-26 08:01:00,arch manning,0,0,0,0,586
arch manning pro comp: philip rivers,2025-10-26 07:54:19,arch manning,0,0,1,0,741
"arch manning tonight: 346 yards 3 td/ 1 int, 1 rushing td on an offense averaging 2.3 ypc and pressure on every play. good stuff brad!",2025-10-26 07:48:50,arch manning,0,0,0,0,874
"arch manning tonight: 346 yards 3 td/ 1 int, 1 rushing td on an offense averaging 2.3 ypc and pressure on every play.",2025-10-26 07:48:22,arch manning,1,0,3,0,1637
the longhorns overcame a 17point deficit with less than 10 minutes left in regulation and the loss of arch manning in overtime to stun the upsetminded bulldogs.,2025-10-26 07:48:15,arch manning,0,2,7,1,3828
arch manning completed 12of27 passes for 132 yards against this kentucky defense last week and that is genuinely unfathomable to me.,2025-10-26 07:48:02,arch manning,3,8,58,1,15597
well thats a concussion for arch manning,2025-10-26 07:47:07,arch manning,1,0,1,0,1406
is arch manning that bad that uk owned him last week,2025-10-26 07:47:05,arch manning,0,0,0,0,687
"considering the disappointments that his last 2 qbs (quinn ewers, arch manning) have become, sarkisian wont exactly be in high demand.",2025-10-26 07:46:22,arch manning,0,0,0,0,841
stupid ass number 6 on mississippi state defense cost me 1 thousand dollarsyou have the game won and you hit arch manning on 4th and long and get roughing the passer with all these people money on the line.kick his ass off the team bro,2025-10-26 07:46:03,arch manning,0,0,0,0,856
"arch manning sustained a concussion in ot against mississippi state. timetable up in the air, but i doubt he plays against vandy. its caldwell time. #hookem",2025-10-26 07:45:56,arch manning,1,0,5,0,1117
texas football quarterback arch manning left saturdays game against mississippi state with an apparent injury.,2025-10-26 07:45:06,arch manning,1,1,6,1,4117
whos better: arch manning or aiden chiles?,2025-10-26 07:44:17,arch manning,0,0,0,0,737
this was a cheap shot:enraged_face: manning injured as longhorns rally for ot win  via @espn app,2025-10-26 07:37:01,arch manning,0,1,3,0,1703
"sorry, i had the score wrong earlier. updated from sources: texas beat mississippi state 4538 in ot. arch manning injured on a 13yard run in ot after a hard hit (possible head injury; some reports mention leg). he didnt return. sarkisian: no update yet; more expected monday.",2025-10-26 07:35:59,arch manning,1,0,1,0,1579
"the on3 article states texas qb arch manning was injured on the first play of overtime vs. mississippi state after a hard hit on a 13yard run, possibly a concussion. he went to the medical tent and didnt return. coach sarkisian said postgame theres no update yet; more info",2025-10-26 07:34:25,arch manning,1,0,2,0,2324
texas football trailed mississippi state just about all game long but arch manning and then ryan niblett have keyed a comeback.,2025-10-26 07:33:27,arch manning,0,0,9,0,3622
cap arch manning was leading them back when he was asked to throw the ball texas falls in love with the run and then there behind the sticks,2025-10-26 07:32:26,arch manning,0,0,3,0,789
"arch manning suffered an apparent head injury on the first play of overtime in texass win over mississippi state on oct 25. he hit his head on the turf, left the game, and went to the medical tent. coach sarkisian: no update yet, will find out more soon. suspected concussion per",2025-10-26 07:32:16,arch manning,0,1,8,0,2656
check out this summarized news story :eyes: manning injured in longhorns overtime victory,2025-10-26 07:31:51,arch manning,0,0,0,0,704
thats toledo rocket arch manning to you buddy,2025-10-26 07:31:28,arch manning,1,0,0,0,646
i guess arch manning just is that bad,2025-10-26 07:30:50,arch manning,1,0,0,0,633
texas longhorns: 4 takeaways from 4538 sec win over mississippi state,2025-10-26 07:30:15,arch manning,0,2,5,0,2438
arch manning might be retarded,2025-10-26 07:26:40,arch manning,2,0,0,0,719
"just as it looked as if mississippi state was going to upset no. 22 texas, holding a 17point lead in the fourth quarter, arch manning and the longhorns stormed back to win in overtime.",2025-10-26 07:26:10,arch manning,0,3,8,0,2426
"these mizzou dorks are pretending apoplexy, thinking pribula was lighting it up lie joe burrow. arch manning complex",2025-10-26 07:25:14,arch manning,0,0,1,0,799
arch manning doesnt make that pass into the end zone btw. start the back up next game.,2025-10-26 07:24:23,arch manning,1,0,2,0,1120
i wish you could have finished it after the way you played. matthew caldwell gets a signature moment but is sure to give praise to starter arch manning. #hookem | #texas,2025-10-26 07:22:24,arch manning,2,34,1344,43,60324
"with arch manning in medical tent, texas qb matthew caldwell throws gamewinning td in 4538 ot win over mississippi state",2025-10-26 07:21:21,arch manning,0,0,0,0,821
remember when the sec said matteer was a heisman nussnmeyer was a heisman and arch manning was better than tim tebow ?,2025-10-26 07:20:44,arch manning,5,9,73,1,3712
texas techs 3rd string qb is better than arch manning.,2025-10-26 07:20:34,arch manning,0,0,7,0,854
arch manning injury: texas qb exits in overtime win against mississippi state #nba,2025-10-26 07:16:49,arch manning,0,0,0,0,1024
"the kentucky secondary is a complete horror show. actually an indictment of how bad arch manning is, that he couldnt do anything against these guys. theyre lost out there.",2025-10-26 07:16:44,arch manning,3,0,2,0,940
if you think arch manning is going #1 in the draft you should bet him at 1000/1 right now. :rolling_on_the_floor_laughing::rolling_on_the_floor_laughing:,2025-10-26 07:12:12,arch manning,2,0,0,0,780
its mississippi state. mississippi state deployed a 43 base front against against texas empty shotgun smash. passing leaks to arch were fatal. absolutely retarded to not deploy cover 1 and commit an extra body to mannings blind side via twists from the edge duo msus,2025-10-26 07:10:45,arch manning,0,0,1,0,844
with how bad arch manning is this is the break the team needed to replace their starting qb.,2025-10-26 07:08:34,arch manning,0,0,4,0,807
he will be battling arch manning for iu qb1.,2025-10-26 07:03:42,arch manning,0,0,0,0,847
arch manning is going into the tent for what,2025-10-26 07:03:38,arch manning,2,1,1,0,1194
@justinwells2424 with the scoop on arch mannings status for next week vs vandy,2025-10-26 07:02:36,arch manning,4,5,51,2,40502
what a night! gold tier results :trident_emblem::money_bag: pick of the day: :american_football: texas ml & :basketball: bulls +12.5 (120):check_mark_button: game props: :american_football: north carolina +11.5 (125):check_mark_button: :american_football: rice +10.5 (120):check_mark_button: player props: :american_football: arch manning o23.5 rushing yards (115):cross_mark: :basketball: lamelo ball o7.5 assists (130):check_mark_button:,2025-10-26 06:59:29,arch manning,0,0,0,0,1031
"its a treat when the jackal gets to watch college ball, in or out of prison. dont expect it too much! the longhorns may have had a bad afternoon, but they say that a hero could save them...and that was mosley iv. he, i think, was a real jackal!",2025-10-26 06:58:06,arch manning,3,0,0,0,848
two words: arch manning,2025-10-26 06:56:32,arch manning,1,0,0,0,770
arch manning left the game after his helmet appeared to bounce off the ground on the first play of ot in texas 4538 victory at mississippi state. sark told reporters after the game: well find out more when we get back to austin.,2025-10-26 06:54:20,arch manning,10,10,84,4,66639
per @justinwells2424 rt by @insidetexas: rt by @insidetexas: new sources provide the latest information on texas qb arch mannings injury status very latest: (on3+) @on3sports @insidetexas,2025-10-26 06:53:47,arch manning,0,0,1,0,1148
"per @insidetexas breaking: sources provide the latest information on texas qb arch mannings injury status latest, from @justinwells2424: (on3+) @on3sports",2025-10-26 06:53:46,arch manning,0,0,1,0,1058
"if texas replaced arch manning with bear bachmeier, they would be undefeated and ranked #1",2025-10-26 06:52:53,arch manning,0,1,26,0,1751
i thought they woni cut away too fast to another one. should have stuck it out. and i had to look it up and still cant believe arch manning is making 6.8 million a yr:flushed_face:,2025-10-26 06:52:34,arch manning,1,1,3,0,682
he said hed rather take his chances with cam ward over arch manning,2025-10-26 06:52:06,arch manning,0,0,0,0,1633
im sure the manning family is super excited about this announcement that he wants to coach the tennessee titans in the middle of archs junior year.,2025-10-26 06:50:34,arch manning,0,0,0,0,643
arch manning se lesiona durante dramtica remontada de texas ante mississippi state,2025-10-26 06:50:22,arch manning,0,0,1,0,954
have you seen arch manning throw a football?,2025-10-26 06:47:58,arch manning,0,0,1,0,718
new sources provide the latest information on texas qb arch mannings injury status very latest: (on3+) @on3sports @insidetexas,2025-10-26 06:47:49,arch manning,0,3,27,1,10935
"breaking: sources provide the latest information on texas qb arch mannings injury status latest, from @justinwells2424: (on3+) @on3sports",2025-10-26 06:46:50,arch manning,9,20,132,11,221410
we are witnessing the slow death of arch manning behind this offensive line,2025-10-26 06:43:48,arch manning,1,0,4,0,814
"yall!! @texasfootball arch manning owns mississippi state. 2 games : 671 yds passing, 5 td passes, 1 int, 39 yds rushing, and 2 rush tds. oh, and 2x wins!! hookem!!! :sign_of_the_horns_mediumlight_skin_tone::sign_of_the_horns_mediumlight_skin_tone::sign_of_the_horns_mediumlight_skin_tone:",2025-10-26 06:43:43,arch manning,1,0,1,0,1093
"god bless arch manning, and god bless texas. #hookem",2025-10-26 06:43:21,arch manning,1,0,1,0,727
arch manning took a huge step today.,2025-10-26 06:43:06,arch manning,0,0,1,0,653
this is like posting arch manning stats after beating up on buy games,2025-10-26 06:43:05,arch manning,0,0,4,0,2082
holy shit arch manning was bad.,2025-10-26 06:41:55,arch manning,0,0,0,0,671
play calling or we have another arch manning on our hands. confused as well and difficult to watch.,2025-10-26 06:41:25,arch manning,5,0,7,0,4088
"that comeback was electric, even with arch manning out. texas didnt miss a beat. @21_xbt has that same instinct for turning unexpected shifts into opportunities.",2025-10-26 06:39:33,arch manning,0,0,0,0,29
"tough break for arch manning, but texas showed real grit to pull off that comeback. @21_xbt reads situations like this, knowing when to adapt under pressure",2025-10-26 06:39:10,arch manning,1,0,0,0,702
arch manning exits with injury as texas completes thrilling comeback win over mississippi state,2025-10-26 06:38:33,arch manning,0,1,2,0,2755
arch manning leaves with an injury as texas stages a dramatic comeback victory over mississippi state.,2025-10-26 06:37:32,arch manning,0,0,1,0,853
i guess the moment i heard archie manning mentioning arch wasnt going this year immediately told me that they knew he wasnt ready.,2025-10-26 06:36:45,arch manning,0,0,1,0,668
"arch manning is very physically talented but he has very bad mechanics. thats why hes inaccurate. if he can figure it out, he will be nice.",2025-10-26 06:36:12,arch manning,1,0,0,0,652
manning injured as longhorns rally for ot win  via @espn app,2025-10-26 06:35:05,arch manning,0,0,0,1,1306
arch manning might not be a bum oh my gosh,2025-10-26 06:33:15,arch manning,0,0,0,0,631
just stop. you are not a texas fan! you are an arch manning fan bc of his last name! he is not him! shedeur is better than arch will ever be!,2025-10-26 06:32:47,arch manning,1,0,0,0,683
nothing but pure arch manning :pinched_fingers_mediumdark_skin_tone:,2025-10-26 06:30:13,arch manning,0,1,11,2,1337
did they let arch manning play with a concussion? :face_with_tears_of_joy::loudly_crying_face:,2025-10-26 06:30:07,arch manning,1,0,0,0,1346
texas qb arch manning suffered an apparent upperbody injury in the longhorns ot win over mississippi state. heres what we know.,2025-10-26 06:30:06,arch manning,0,1,0,1,1486
matthew caldwell threw a touchdown pass to emmett mosley in overtime after arch manning was knocked out of the game with an injury and no. 22 texas came from behind to beat mississippi state 4538 on saturday.,2025-10-26 06:30:05,arch manning,0,0,1,1,2326
texas qb arch manning exits with injury in longhorns ot win over mississippi state @llhightower8 | #hookem,2025-10-26 06:29:11,arch manning,0,1,2,0,2338
nhl arch manning,2025-10-26 06:28:16,arch manning,0,0,0,0,664
that texas team was rate #1 based on the extreme overhyping of arch manning. texas is severely overrated and ohio state scraping by them at home is their statement win.,2025-10-26 06:24:24,arch manning,1,0,0,0,817
manning injured as longhorns rally for ot win,2025-10-26 06:24:23,arch manning,0,0,0,0,1536
arch manning grew up tonight.  sarkisian,2025-10-26 06:23:53,arch manning,10,22,150,19,20584
"arch manning : 29/46 for 346 yards, 3 td passes, rushing td, int & a 143.4 qb rating (careerhighs in completions, pass attempts & passing yards)",2025-10-26 06:21:02,arch manning,0,1,3,0,1207
i guess we can stop talking about how terrible arch manning is now.,2025-10-26 06:20:53,arch manning,1,0,2,0,840
my man arch manning is a tough mofo.,2025-10-26 06:20:41,arch manning,0,0,2,0,818
do we have an arch manning on our hands with bryce underwood? 8 games in and i cant think of anything special. terrible decision making. weak accuracy. not blazing speed. not smart football. is it the receivers? coaching? play calling? we are hard to watch every week.,2025-10-26 06:20:33,arch manning,0,0,22,0,1525
arch manning could literally have 350+ yards and 4 touchdowns and i bet this dude would blame him for everything.,2025-10-26 06:20:22,arch manning,1,0,0,0,701
we just watch arch manning grow up.. i dont wanna hear it was an ugly win because its a win.. last week our defense and special teams held up the offense and this week the offense and special teams held up the defense.. great overall team win,2025-10-26 06:19:28,arch manning,1,0,1,0,735
is our praise for arch manning going to be as loud as our hot takes? or is it just a oneway street?,2025-10-26 06:18:51,arch manning,2,0,2,0,1943
4 arch manning transfer destinations to save his career if sark leaves texas,2025-10-26 06:17:44,arch manning,0,0,0,0,677
texas with the comeback win against an unranked team thats 03 in contention games. arch manning hype tour continues. :yawning_face::sleeping_face:,2025-10-26 06:15:36,arch manning,0,0,1,0,687
arch manning set a new career high in passing yards to lead the texas longhorns past the mississippi state bulldogs in overtime on saturday :exploding_head:,2025-10-26 06:15:07,arch manning,0,0,4,0,1101
marcel reed has more ints than arch manning lmfaoooooo,2025-10-26 06:14:56,arch manning,1,1,15,0,1516
i bet the manning family is thrilled about his desire to coach the tennessee titans in the middle of archs junior year..........,2025-10-26 06:14:19,arch manning,0,0,1,0,573
arch manning injury update: texas qb enters medical tent following td run,2025-10-26 06:13:47,arch manning,0,0,0,0,948
arch manning clearly deserves the heisman.,2025-10-26 06:12:15,arch manning,0,0,1,0,948
lets goooo!!!!!! :sign_of_the_horns_mediumdark_skin_tone::sign_of_the_horns_mediumdark_skin_tone::sign_of_the_horns_mediumdark_skin_tone: #texas #longhorns #arch #manning #football #collegefootball,2025-10-26 06:12:05,arch manning,0,0,2,0,1200
5 takeaways from texasmississippi state: longhorns steal ot win after injury to manning :eyes::sign_of_the_horns: @llhightower8 | #hookem,2025-10-26 06:08:44,arch manning,0,1,3,0,2492
steve sarkisians arch manning injury update doesnt seem promising at all:,2025-10-26 06:08:07,arch manning,1,2,25,3,9815
texas wins! but the offense continues to wreck the mental health of its fanbase:,2025-10-26 06:07:33,arch manning,0,1,23,0,2900
arch manning hurt after inspiring spectacular texas comeback against mississippi state :folded_hands:,2025-10-26 06:05:52,arch manning,0,1,0,0,1788
wow! im hearing arch manning to wisconsin rumors!,2025-10-26 06:04:51,arch manning,0,1,2,0,799
every family has a stupid person arch manning,2025-10-26 06:03:59,arch manning,0,1,0,0,829
miss st was about to end their long sec conference losing streak... then arch manning showing top pick potential happened in the 4th/ot,2025-10-26 06:03:20,arch manning,0,0,1,0,835
"technically, arch manning didnt win it. but he sure knows how to be romantic. :mending_heart:",2025-10-26 06:02:43,arch manning,0,1,2,0,1589
matthew caldwell threw a touchdown pass to emmett mosley in overtime after arch manning was knocked out of the game with an injury and no. 22 texas came from behind to beat mississippi state 4538.,2025-10-26 06:01:54,arch manning,0,0,4,0,2814
arch manning had a hulleva game today. great job young man!,2025-10-26 06:01:23,arch manning,0,1,4,0,830
didnt watch the whole game but apparently arch manning looked good today,2025-10-26 06:00:12,arch manning,0,0,1,0,910
check out 2024 panini prizm draft picks  rated prospect arch manning #192 red ice... #ebay via @ebay get this #archmanning at a #lowcost @dfsmojoman @ashtoneck8 @1218sports @bigt44dfs #ncaaf #texaslonghorns many other cards as well!,2025-10-26 06:00:08,arch manning,0,0,0,0,799
"my stock is wayyyyyy down on both arch manning & bryce underwood, they simply have to be better for what they are",2025-10-26 05:59:18,arch manning,0,1,1,0,859
is #arch #manning hurt where he might miss next week? #longhorns,2025-10-26 05:59:15,arch manning,0,0,0,0,833
the ncaa is 1000% getting arch manning in the playoff.,2025-10-26 05:58:34,arch manning,0,0,3,0,824
you think im a arch manning fan??? lmfaooooiii,2025-10-26 05:58:30,arch manning,1,0,1,0,723
"per @insidetexas new steve sarkisians nonupdate injury status for qb arch manning details, via @justinwells2424: (free) @on3sports",2025-10-26 05:58:19,arch manning,0,0,0,0,989
this coming from an arch manning fan is insane :rolling_on_the_floor_laughing:,2025-10-26 05:58:14,arch manning,1,0,0,0,615
arch manning is not an sec qb. hes just not. next man up!!!!,2025-10-26 05:58:01,arch manning,0,0,2,0,630
"@ukfootball boley can be as good as arch manning next yr at 21 years old! age, experience, strength, confidence, exactly :thumbs_up:",2025-10-26 05:57:55,arch manning,0,0,0,0,566
arch manning you are a fighting illini,2025-10-26 05:56:48,arch manning,0,0,1,0,635
wow that does sound like a good game. arch manning must have had a decent showing today to score that many points,2025-10-26 05:56:20,arch manning,0,0,1,0,640
"texas quarterback arch manning had one of his best games of his college football career on saturday, but left the game with an injury after taking a heavy hit in overtime :adhesive_bandage:",2025-10-26 05:55:49,arch manning,0,0,0,0,1814
arch manning defender lol youre going through enough,2025-10-26 05:55:27,arch manning,2,0,4,0,780
qb arch manning puts on a show in texas footballs epic comeback ot victory,2025-10-26 05:55:23,arch manning,0,1,0,0,387
all the arch manning haters shut the fuck up..,2025-10-26 05:54:43,arch manning,1,1,30,0,2385
texas may have won that game but arch manning has not improved. he did not win that game for them,2025-10-26 05:50:27,arch manning,1,0,0,0,922
"new steve sarkisians nonupdate injury status for qb arch manning details, via @justinwells2424: (free) @on3sports",2025-10-26 05:48:36,arch manning,1,3,18,2,12381
"that arch manning must really be something for sark to want to go coach the tennessee titans in the middle of his junior year...............wtf. penn state, florida, texas. that agent that reps all the college coaches is about to make some bank.",2025-10-26 05:47:48,arch manning,0,0,0,0,939
arch manning owns you,2025-10-26 05:47:40,arch manning,3,0,13,0,1832
are you talking about the wingo drop on 3 and 19 on a good throw from arch or the fact that the oline was an open gate. manning was dealing in 4q and defense came alive. niblet was niblet. great team win. maybe hold off on a negative tweet for a few..,2025-10-26 05:45:43,arch manning,1,1,2,0,823
tank for arch manning tank for nussmeier tank for allar tank for sellers fucking idiots.,2025-10-26 05:45:33,arch manning,1,0,0,0,1045
arch manning unreal vs. mississippi state :face_screaming_in_fear::fire: 346 pass yds (career high) :police_car_light: 3 pass td 1 rush td,2025-10-26 05:43:03,arch manning,75,161,3269,63,186211
texas quarterback arch manning exited with an injury in overtime after engineering one of the most thrilling comebacks of the college football season thus far in the longhorns 4538 win at mississippi state. :link:,2025-10-26 05:42:15,arch manning,0,1,6,1,6161
arch manning just lost his job laying down on his team like that. boy you better get your ass up and lead that team to a dub.,2025-10-26 05:41:51,arch manning,0,1,1,0,1362
"quinn ewers is the poster child for being cautiously optimistic. 1st round top 10 pick to 7th round with one bad year. not saying this kid has the flaws, just saying ewers is a good reason to be cautious. heck, look at arch manning (though both might be why ut needs a new coach).",2025-10-26 05:41:39,arch manning,1,0,1,0,1218
"yall beat mississippi state, an unranked team. and were down by multiple touchdowns until garbage time hit. please relax. arch manning was trash",2025-10-26 05:41:28,arch manning,2,1,1,0,1368
"arch manning was unreal vs mississippi state, including a career high on passing yards. #nfl #texas #archmanning",2025-10-26 05:40:25,arch manning,0,0,9,0,3142
i see arch redeemed himself today. i was gonna call for a dna test to make sure he was a manning. #vfl #gbo :tangerine::tangerine:,2025-10-26 05:39:33,arch manning,0,0,0,0,838
matthew caldwell comes in for texas and looks good again like he did against florida. if arch manning is out next week all eyes will be on the quarterback situation in texas with matthew caldwell starting.,2025-10-26 05:39:22,arch manning,1,0,3,0,1338
arch manning loves playing mississippi state man! last year 26/31 for 325 passing yds and two tds. this year : 29/46 346 passing yards 3 tds and a pick,2025-10-26 05:38:27,arch manning,1,0,6,0,1673
"steve sarkisian doesnt have an update on arch manning after he left the game in overtime, says hell have more information on monday.",2025-10-26 05:37:19,arch manning,2,4,98,2,8168
and it was arch manning back up :rolling_on_the_floor_laughing:,2025-10-26 05:36:16,arch manning,0,0,1,0,1481
arch manning vs miss state: 2024: 358 yds; 3 tds 2025: 352 yds; 4 tds,2025-10-26 05:36:13,arch manning,5,23,301,3,8158
no update on arch mannings status in the postgame from steve sarkisian after he left the game in overtime. well find out more when we get back to austin.,2025-10-26 05:36:08,arch manning,0,3,18,0,2329
"somehow, someway, arch manning once again got it done for the texas longhorns :fire::sign_of_the_horns:",2025-10-26 05:35:52,arch manning,0,0,8,0,1252
steve sarkisian on arch manning: i thought arch battled his tail off.,2025-10-26 05:35:52,arch manning,2,16,598,2,13061
steve sarkisian had no postgame update on texas qb arch manning. well have to wait until monday for the official word. #hookem,2025-10-26 05:35:49,arch manning,2,1,27,0,3086
no update on qb arch manning from steve sarkisian after leaving in ot with injury.,2025-10-26 05:35:45,arch manning,7,7,231,3,19184
texas football coach steve sarkisian said he doesnt have an arch manning injury update,2025-10-26 05:35:40,arch manning,7,13,177,7,25342
owwie! that hit looked brutal. fingers crossed arch is alright. texas cant afford to lose that manning magic now. #hookem,2025-10-26 05:35:20,arch manning,0,0,8,1,1098
arch manning and the texas complete an epic comeback for the win!!! texas wins 4538 in ot after scoring 24 unanswered points! #nfl #skpf #texas #archmanning,2025-10-26 05:35:19,arch manning,0,0,7,0,2670
"texas football coach steve sarkisian said he thinks his team grew up tonight, as well as arch manning",2025-10-26 05:35:13,arch manning,7,17,463,2,13653
did i say bench arch manning.....i take it back....,2025-10-26 05:34:54,arch manning,0,0,1,0,706
"texas football coach steve sarkisian said he thought arch manning battled his tail off. said he wished they played better around him, but hes a warrior.",2025-10-26 05:34:44,arch manning,1,21,510,5,13370
did you watch arch manning ball out all game?:face_with_tears_of_joy:,2025-10-26 05:34:21,arch manning,1,0,15,0,961
apropos of nothing there are 3 arch manning yaoi works on ao3 which is 3 more than i hoped would exist,2025-10-26 05:33:21,arch manning,0,0,4,0,1763
arch manning was cooking tonight,2025-10-26 05:33:16,arch manning,0,0,69,0,5882
arch manning holding the fort down nice comeback.,2025-10-26 05:32:48,arch manning,4,0,13,1,4296
boy that arch manning must a one in a generation type of qb for sark to want to coach the tennessee titans and leave in the middle of mannings junior year.,2025-10-26 05:32:35,arch manning,0,0,5,0,761
arch manning & jaxson dart .. got knocked out .. stay in the pocket .. noodle neck. :face_with_tears_of_joy::rolling_on_the_floor_laughing::man_facepalming_mediumdark_skin_tone:,2025-10-26 05:31:58,arch manning,0,0,0,0,818
"kid played a good game but if his last name wasnt manning, arch would be playing d2 or d3 ball. you cant convince me hes one of the best quarterback prospects ever",2025-10-26 05:31:25,arch manning,0,0,1,0,741
arch manning helped lead a thrilling fourthquarter comeback in the longhorns muchneeded win,2025-10-26 05:31:16,arch manning,0,1,15,0,17782
shoutout to @mostlysports capturing the moment when texas took arch mannings overtime td and silenced those cowbells. stadium energy went from eardrum killer to ghost town real quick.,2025-10-26 05:31:10,arch manning,1,0,11,0,1719
"arch manning is closer to his uncle eli, than he is his uncle peyton:double_exclamation_mark: if it wasnt for those two playoff runs that resulted in super bowl victories, eli would be an after thought, but because of those victories, hes in hof conversations, archie will have a career like his:double_exclamation_mark:",2025-10-26 05:30:02,arch manning,1,0,2,1,1173
blake shapen actually played a decent game. prayers up for arch manning. hate to see a kid go down. but jeff fucking lebby once again let us down for the third week in a row. fucking 3114 in the 4th quarter and we fucking lose. absolutely ridiculous.,2025-10-26 05:29:35,arch manning,0,0,3,0,1347
blake shapen outplayed arch manning :loudly_crying_face::loudly_crying_face::loudly_crying_face::loudly_crying_face:,2025-10-26 05:29:34,arch manning,0,0,0,0,938
nobody not a single person is calling arch manning a heisman candidate,2025-10-26 05:28:51,arch manning,1,0,3,0,1105
"arch manning, who played against mid five feet defensive backs in high school?",2025-10-26 05:28:33,arch manning,0,0,1,0,866
arch manning got more heart than tom aspinall!! who would have thought!!! :hundred_points::sign_of_the_horns_mediumlight_skin_tone::sign_of_the_horns_mediumlight_skin_tone:,2025-10-26 05:28:24,arch manning,0,0,2,0,1059
credit to arch manning for never quitting. dawg.,2025-10-26 05:26:58,arch manning,0,1,29,2,3045
texas longhorns how do you fucking do? arch manning,2025-10-26 05:26:46,arch manning,0,0,2,0,1403
jimmy haslam seeing what arch manning just did,2025-10-26 05:26:32,arch manning,0,0,1,0,823
"arch mannings stats vs. mississippi state (oct 25, 2025): 29/46 passing for 346 yards, 3 tds, 0 ints. rushing: details limited, but included a 3yard td and a 13yard scramble before exiting in ot with a head injury. texas won 4538.",2025-10-26 05:26:04,arch manning,1,0,1,0,1214
great. now i have to youtube tv to see how we got tied. i went for the evening mile. im guessing turnovers + ....receiver breaking tackles? or did arch just suddenly manning. time will tell,2025-10-26 05:26:00,arch manning,0,0,1,0,680
looks like a concussion for arch manning. he was definitely knocked out for a few seconds.,2025-10-26 05:25:51,arch manning,0,0,2,0,1268
arch mannings record as a starter in sec conference games for texas in 2025 is 3 wins and 1 loss.,2025-10-26 05:25:13,arch manning,0,0,0,0,936
arch manning. 346 yards 3 tds 1 int passing 1 rsh td,2025-10-26 05:25:07,arch manning,3,1,608,7,22382
"arch manning stats tell the bigger story here: 346 yards passing, 4 total tds. texas trailed by 17 in 4th before he sparked that comeback. kids clutch gene showed up big time in starkville. @sportscenter showing us what we already knew about the manning bloodline.",2025-10-26 05:24:46,arch manning,0,8,84,0,4821
arch manning in the 4th quarter:,2025-10-26 05:24:11,arch manning,3,26,365,14,42238
"to my friend arch manning, rest now, brother. we have the watch. and ill see you at valhalla.",2025-10-26 05:24:09,arch manning,0,0,3,0,977
"arch manning was injured in ot, but texas gets the win after scoring 24 unanswered points to close out the game. mississippi state is improved this year and had a very good chance to end their sec losing streak at 15 games.",2025-10-26 05:23:59,arch manning,0,0,2,0,2205
arch manning on some fucking voodoo magic shit weve never seen before bc wdym you turned this into a win,2025-10-26 05:23:22,arch manning,2,6,122,15,22577
true or false: arch manning is the best qb in college football. :face_with_monocle::face_with_monocle:,2025-10-26 05:23:11,arch manning,1,4,10,0,1286
mississippi state was the only team this szn so far that made arch manning look like a manning :rolling_on_the_floor_laughing:,2025-10-26 05:22:52,arch manning,2,0,6,0,980
"arch manning suffered an injury on this play ill provide more context when we have it, but the most likely diagnosis is a concussion.",2025-10-26 05:22:37,arch manning,8,1,66,6,35633
absurd showing from arch manning and the texas offense in the 4th.,2025-10-26 05:22:11,arch manning,3,20,184,12,30328
@icegov arch manning is an illegal immigrant and should be dealt with according boys,2025-10-26 05:22:01,arch manning,0,0,1,0,794
hook em fucking horns arch manning has officially arrived what a win. we were down 3114 i keep telling yall texas problems are not all arch.,2025-10-26 05:21:35,arch manning,0,0,4,0,1653
arch manning vs mississippi state: :sign_of_the_horns: 29/46 attempts :sign_of_the_horns: 350 total yards :sign_of_the_horns: 4 total touchdowns :sign_of_the_horns: 143.4 qb rating thoughts?,2025-10-26 05:21:28,arch manning,69,155,1745,34,76763
"what in the hell did i just watch?! a 24point 4th quarter by arch manning and the longhorns put them in position to win this one it ot. arch left ot with what appeared to be a head injury, and a dime was thrown by backup matthew caldwell to secure the mega comeback. :fire: :fire: :fire:",2025-10-26 05:20:33,arch manning,0,0,19,1,3431
heard its a torn vagina for arch manning. its a grade 3.,2025-10-26 05:19:59,arch manning,1,0,6,0,225
amazing game texas & arch manning! :fire:,2025-10-26 05:19:58,arch manning,0,0,4,0,778
arch manning won this game. parker livingstone helped. ryan niblett helped. ryan wingo helped (and nearly lost it). emmett mosely helped. matt caldwell helped. but arch manning won it.,2025-10-26 05:19:55,arch manning,1,0,9,0,1306
arch manning played very well today and yet all the posts i see is people hating on him lmao,2025-10-26 05:19:35,arch manning,0,0,2,0,1017
arch manning is a tough kid!,2025-10-26 05:19:29,arch manning,1,0,3,0,799
arch manning was helped off the field,2025-10-26 05:19:18,arch manning,0,1,14,0,19411
arch manning with another miserable performance and barely gets out of mississippi with the w. when is it time to pull the plug on this?,2025-10-26 05:18:40,arch manning,9,0,2,0,1751
arch manning is that dude. sucks he didnt get to finish that game.,2025-10-26 05:18:36,arch manning,0,0,5,0,1126
"manning needs to stay on the bench and caldwell needs an opportunity to succeed. i hate to say this but i hope arch stays injured. we play well against good teams and play terribly against awful teams. i dont get it. hook em, anyway. :sign_of_the_horns_mediumdark_skin_tone::sign_of_the_horns_mediumdark_skin_tone:",2025-10-26 05:18:32,arch manning,2,0,1,0,816
im like arch manning in the clutch,2025-10-26 05:18:31,arch manning,0,0,3,0,920
fighting with an 03 team back to back weeks with generation qb arch manning :face_with_tears_of_joy::face_with_tears_of_joy: wheres the shame,2025-10-26 05:18:18,arch manning,3,0,1,0,1283
arch manning: exits in overtime ,2025-10-26 05:18:17,arch manning,0,1,1,0,1468
"game over in starkville. even without counting on arch manning for the entire game (who left injured in ot), texas beats mississippi state in overtime 4538 with this td from emmett mosley! its the 2nd straight win for the longhorns in ot!",2025-10-26 05:18:13,arch manning,1,2,12,0,2397
"punt return tied it at 38 as @texasfootball scored last 17 of regulation. arch manning goes out on 1st play of ot (leg). matthew caldwell hits emmet mosely v for 10yard td (replay reversal). mississippi state cant answer, drops 16th straight sec game, 4538. #collegefootball",2025-10-26 05:17:53,arch manning,0,0,2,0,1798
we pray for arch manning,2025-10-26 05:17:45,arch manning,0,0,5,0,1046
"everyone can send your arch manning apologies to the texas facility, they will find him.",2025-10-26 05:17:34,arch manning,0,0,6,0,927
this arch manning led texas comeback vs mississippi state was electric future 1st rounder:locked_with_key:,2025-10-26 05:17:22,arch manning,4,3,9,0,2391
"arch manning plays much better in a hurry up 2 minute offense. sark needs to consider running tempo earlier. seems, if arch is given too much time to think, he overthinks.",2025-10-26 05:17:21,arch manning,0,0,9,0,810
"left is arch manning, right is garrett nussmeier. keep that same energy",2025-10-26 05:17:13,arch manning,4,0,8,2,16556
all the hate tweets about arch manning when we were down but he led the longhorns to a 17 point comeback with a win in overtime and its crickets????,2025-10-26 05:17:00,arch manning,3,1,7,0,1849
take back those mean things you were saying about arch manning.,2025-10-26 05:16:54,arch manning,14,14,257,7,43118
arch manning could throw 10 interceptions a game and i bet this dude would blame it on everyone except him.....glazing at an all time high.....caldwell shown me more in his 2 appearances than aech in 8 weeks tfoh,2025-10-26 05:16:33,arch manning,1,0,3,0,1588
arch manning comeback mississippi state are frauds longhorns magical run happening whose got it better than texas fans ??,2025-10-26 05:16:03,arch manning,2,6,55,2,3470
insane comeback for texas ... gotta feel bad for arch manning. his best game in a notgood season ... and it clearly looked like he was badly concussed after a big hit to the head (his teammates pulling him up limp).,2025-10-26 05:15:37,arch manning,2,0,12,5,2788
haha how many of those goofy bone head analysts at @espn were ready to crucify arch manning halfway through todays game? these the same people that went on and on for months about how justin fields and trey lance were gonna change the league hahahaha,2025-10-26 05:14:53,arch manning,0,0,3,0,1161
arch manning is still trash. hes never going to the nfl. what a waste of a last name,2025-10-26 05:14:43,arch manning,22,0,1,1,1831
and now we pray that arch manning will be ok :folded_hands_light_skin_tone:,2025-10-26 05:14:37,arch manning,0,0,3,0,1056
not a good game for the longhorns at all but they came up and got the win in ot . really hope arch manning is alright after taking that hit on his last play he came up very wobbly #hookem,2025-10-26 05:14:33,arch manning,1,0,2,0,1178
arch manning led an incredible comeback! :sign_of_the_horns: 29/46 346 passing yards 3 passing tds + 1 rushing td 200+ qb rating in the 2nd half :sign_of_the_horns:,2025-10-26 05:14:33,arch manning,12,150,1797,24,54290
"arch manning throws for a careerhigh 346 yards and 3 td as #22 texas erases a 17point deficit to defeat mississippi state, 4538, in overtime :fire: mannings final stat line: :white_medium_square: 29/46 passing :white_medium_square: 346 pass yds :white_medium_square: 3 pass td/1 int :white_medium_square: 63.0 cmp % :white_medium_square: 1 rush td",2025-10-26 05:14:31,arch manning,0,8,52,4,6276
"texas victory! :sign_of_the_horns: huge comeback by the longhorns who were down by 17 points with less than 10 minutes left in the game. 29/46, 346 yards, 3 td, 1 int and 1 rushing td for qb arch manning (injured in ot). texas (62) stays in the race in the sec.",2025-10-26 05:14:29,arch manning,1,2,4,1,1128
arch manning is so lost out there. he needs to transfer now. this experiment has failed.,2025-10-26 05:13:52,arch manning,6,0,1,1,1364
"and yes, arch manning is a dude 29 of 46 for 346 yards and four total touchdowns in an epic comeback win.",2025-10-26 05:13:37,arch manning,3,4,29,0,2273
arch manning played a lot better in the second half and i hope hes ok.. but salute to matthew caldwell for coming into the game in that situation and being a straight assassin.,2025-10-26 05:13:33,arch manning,0,0,5,0,1144
"you know arch manning must be a future hof nfl qb now. he is so good, sark wants to bounce.......... to the tennessee titans?!?!?!?",2025-10-26 05:13:20,arch manning,0,0,1,0,852
"texas completes the comeback in overtime! after being down 17 points in the 4th quarter, the longhorns storm back to take down mississippi state in ot. arch manning briefly went to the medical tent during overtime, but texas got the job done! arch manning: :large_orange_diamond: 29/46 completions",2025-10-26 05:13:15,arch manning,0,1,1,0,1248
arch manning won this game. parker livingstone helped. ryan niblett helped. ryan wingo helped (and nearly lost it). matt caldwell helped. but arch manning won it.,2025-10-26 05:13:14,arch manning,1,3,48,0,6528
per @insidetexas arch manning is slow to get up after a 13yard scramble. matthew caldwell is warming up on the sidelines and will enter. manning is walking off under his own power and making his way to the injury tent.,2025-10-26 05:13:11,arch manning,0,0,0,0,1164
"scotts empirical elites texas (45)  mississippi state (38) passing: arch manning (texas): 29/46, 346 yds, 3 td blake shapen (mississippi state): 26/42, 381 yds, 4 td receiving: ryan wingo (texas): 5 rec, 184 yds emmett mosley v (texas): 4 rec, 53 yds, 2 td parker livingstone",2025-10-26 05:12:34,arch manning,0,0,1,0,1458
you murdered arch manning so he cant play against georgia,2025-10-26 05:12:32,arch manning,2,0,1,0,1082
"game over!!!! texas longhorns win!!! down 17 in the 4th quarter. arch manning, wingo and niblett wheeled us through. arch 346 pyrds. defense locked in, offensive line locked in and got the job done",2025-10-26 05:12:24,arch manning,0,0,2,0,988
i cannot believe what i just experienced watching that texas game. arch manning and texas are the double a version of the tampa bay buccaneers. #collegefootball #ncaaf #archmanning,2025-10-26 05:12:18,arch manning,0,0,2,0,973
arch fucking manning,2025-10-26 05:12:09,arch manning,1,0,1,0,830
"arch manning vs mississippi state 29/46 346 yards 4 total tds (3 air, 1 ground) texas comes back from down 17 on the road to win in ot",2025-10-26 05:12:09,arch manning,7,53,701,13,34500
"arch was exceptional tonight in starkville: 346 pass yds, 4 total tds. few qbs in cfb win that game. manning against pavia in austin next week :fire:",2025-10-26 05:12:04,arch manning,1,1,8,1,987
the possibility of arch manning and the longhorns turning this around is still alive cannot believe they won that game.,2025-10-26 05:12:04,arch manning,2,0,11,0,1517
arch manning has arrived,2025-10-26 05:12:03,arch manning,0,0,2,0,700
"arch manning is undefeated when my aunt doesnt bet on texas #lol (shes not betting against him , shes just giving him some time alone.)",2025-10-26 05:12:00,arch manning,0,0,2,0,785
texas win it in ot what. a. game. i owe arch manning an apology he balled out tonight :cold_face:,2025-10-26 05:12:00,arch manning,18,24,645,19,53865
"arch manning looks lost out there. time to maybe start a new guy, he probably cant be in the sec.",2025-10-26 05:11:56,arch manning,4,0,5,0,1459
matthew caldwell already better than arch manning,2025-10-26 05:11:55,arch manning,0,0,1,0,833
"nice moment for auburn highs matthew caldwell, who played at jax state, gardnerwebb & troy before going to texas to compete to be arch mannings backup. more misery for mississippi state, which hasnt won an sec game since oct. 21, 2023 vs. arkansas.",2025-10-26 05:11:48,arch manning,0,1,3,0,1503
legacy win for arch manning today,2025-10-26 05:11:43,arch manning,0,0,5,0,626
what a comeback by the longhorns! mississippi state will be kicking themselves for a long time. well need to keep an eye on the updates regarding arch mannings injury.,2025-10-26 05:11:41,arch manning,1,0,5,1,1107
what a win from (22) texas what a loss from mississippi st i hope arch manning is ok (22) texas vs (10) vandy next week gonna be a banger,2025-10-26 05:11:39,arch manning,0,0,8,0,775
texas. arch. fight. manning. :sign_of_the_horns_mediumlight_skin_tone:#hookem,2025-10-26 05:11:37,arch manning,1,9,180,1,4926
"i apologize arch manning, i was not familiar with your game.",2025-10-26 05:11:34,arch manning,1,2,12,0,1750
arch manning won this game. parker livingstone helped. ryan wingo helped (and nearly lost it). ryan niblett helped. matt caldwell helped. but arch manning won it.,2025-10-26 05:11:34,arch manning,0,1,8,0,1192
somebody on @realapp said @texasfootball sacrificed arch manning for this win :face_with_tears_of_joy::face_with_tears_of_joy::face_with_tears_of_joy::face_with_tears_of_joy:,2025-10-26 05:11:19,arch manning,0,0,1,0,661
"mississippi miracle for the texas longhorns! down 17, with an overtime win minus arch manning!:cow_face::american_football:",2025-10-26 05:10:59,arch manning,1,0,1,0,878
not arch manning saves texas,2025-10-26 05:10:58,arch manning,0,0,1,0,764
what a fucking win by texas. arch manning has arrived aswell. fairs man,2025-10-26 05:10:33,arch manning,0,0,4,0,973
"texas completes a seasonsaving major 4th quarter comeback, beating mississippi state in ot. arch manning hurt near the end. hit his head hard on the turf. but his sub throws a td to win it.",2025-10-26 05:10:29,arch manning,1,0,3,0,1645
"texas with another great escape thanks to ryan niblett, arch manning, matthew caldwell and a defense that showed up when it mattered most. the horns rallied back from a 3114 deficit. incredible.",2025-10-26 05:10:29,arch manning,2,10,377,1,7319
arch manning won this game. parker helped. wingo helped (and nearly lost it too). matt caldwell helped.,2025-10-26 05:10:12,arch manning,0,0,6,0,1230
texas qb arch manning goes down after the longhorns miraculous fourthquarter comeback by texas,2025-10-26 05:10:04,arch manning,0,1,9,0,2172
fucked around and fell asleep during the game. did arch manning get benched?,2025-10-26 05:09:50,arch manning,3,0,1,0,1647
texas win again even though arch manning was playing against them,2025-10-26 05:09:33,arch manning,1,0,1,0,1064
#texas and arch manning showed me something in this game. man they have been good in the second half. maybe this kid does have what it takes. cant wait to see some more growth.,2025-10-26 05:09:06,arch manning,0,1,1,0,1198
what a win for texas. have to imagine theyre without arch manning next week though,2025-10-26 05:08:55,arch manning,0,0,0,0,1211
texas takes the lead in overtime. it should be noted that arch manning left the field injured.,2025-10-26 05:08:38,arch manning,0,0,2,1,1522
qb arch manning very shaken up after a big tackle in ot... :grimacing_face:,2025-10-26 05:08:00,arch manning,0,0,2,2,1518
oh my gosh i hope arch manning is okay,2025-10-26 05:07:58,arch manning,0,0,7,0,1334
every single person in the crowd at this msst game look like arch manning,2025-10-26 05:07:51,arch manning,3,1,6,0,1742
matthew caldwell is already better than arch manning lmao arch hitting a security guard in the face if he tried this fade ball,2025-10-26 05:07:43,arch manning,53,13,184,19,38385
arch manning left the game after this hit,2025-10-26 05:07:31,arch manning,1,0,1,0,2225
dont let this game convince you that arch manning is good,2025-10-26 05:07:13,arch manning,2,0,4,1,1751
matthew caldwell already is better than arch manning,2025-10-26 05:07:04,arch manning,6,6,55,1,18460
why is nobody posting about arch manning?,2025-10-26 05:06:14,arch manning,0,0,3,0,1474
can we just admire this comeback by texas btw? everyone on arch mannings case as texas is down 17 with 10 minutes left in the 4th and he leads them back to go to ot unfortunately gets injured but this could be the game and moment texas and arch needed to get on track,2025-10-26 05:06:05,arch manning,0,0,4,1,1556
arch manning soft benching?,2025-10-26 05:05:59,arch manning,2,1,3,0,1566
texas qb arch manning exits game after taking hard hit in ot vs. mississippi state,2025-10-26 05:05:58,arch manning,0,0,1,0,3951
arch manning to the medical tent might actually help texas,2025-10-26 05:05:56,arch manning,1,0,1,0,1466
arch manning to louisville #arch2theville2026,2025-10-26 05:05:54,arch manning,1,0,0,0,1307
matthew caldwell should start over arch manning,2025-10-26 05:05:41,arch manning,1,0,4,0,2283
arch manning is injured and in the tent but what a catch,2025-10-26 05:05:28,arch manning,0,0,1,0,1658
prayers for arch manning,2025-10-26 05:05:12,arch manning,0,2,13,0,2827
"there used to be a rule in the nfl called piling on. this is almost the modern version that the @nfl and @ncaa need to ban hitting a player as theyre already falling to the ground like this is very unnecessary and just gets people injured, like arch manning here",2025-10-26 05:04:54,arch manning,2,1,5,0,3750
arch manning gets his head rung on the first play of ot. hes in the medical tent and is out the rest of the game :police_car_light:,2025-10-26 05:03:38,arch manning,2,4,39,3,15664
arch manning got rocked looking like he maybe on concussion protocol for texas,2025-10-26 05:03:31,arch manning,0,1,2,1,339
arch manning goes down and to the medical tent after this run in overtime. probably a concussion.,2025-10-26 05:03:11,arch manning,29,25,463,35,87747
i guess arch manning got on here at halftime :man_shrugging:,2025-10-26 05:02:55,arch manning,0,0,2,0,1722
"arch manning limps off after the first play of overtime. troy transfer matthew caldwell in at quarterback for texas. his first pass ruled incomplete in the end zone, but its being reviewed.",2025-10-26 05:02:45,arch manning,0,2,3,1,3897
arch manning has entered the medical tent :folded_hands:,2025-10-26 05:02:41,arch manning,3,2,25,0,11231
jesus. we just lost arch manning. what a hit he took. he gave his life for that first down,2025-10-26 05:02:37,arch manning,0,0,1,1,1579
texas qb arch manning was helped to the medical tent in ot. matthew caldwell is in at quarterback.,2025-10-26 05:02:30,arch manning,4,6,70,3,19233
arch manning hurt running the ball in ot #texas,2025-10-26 05:02:22,arch manning,12,4,48,13,67814
"cfb: just when it seemed like he was finding his groove, arch manning is down.",2025-10-26 05:02:20,arch manning,0,2,18,4,6585
"as much as i wish he did, as cool as it would be to see, arch manning doesnt have it. there is a 0% chance bo wallace, chad kelly, matt corral, jaxson dart, dak, peyton manning, tom brady would let themselves be taken out of the game in ot regardless of how hurt they are.",2025-10-26 05:02:14,arch manning,11,1,13,0,6193
arch manning has no clue he was just playing a football game :flushed_face:,2025-10-26 05:02:04,arch manning,0,0,2,1,1433
":fire::american_football: tough break in overtime! :face_screaming_in_fear::collision: texas qb arch manning goes down with an injury during ot the entire longhorns sideline held their breath. prayers up for a speedy recovery :folded_hands::flexed_biceps: :heart_on_fire: #hookem please like, follow, and join in on the conversation. #texas #longhorns #archmanning",2025-10-26 05:01:56,arch manning,0,0,1,1,2293
legit hope arch manning is alright..,2025-10-26 05:01:50,arch manning,2,1,8,1,3145
arch manning literally looked like everyone was bothering his nap. yikes.,2025-10-26 05:01:49,arch manning,0,0,1,1,1224
drake maye is around 20 months older than arch manning. @iamjamesstewart @gregabedard @tonymassarotti @felgerandmazz,2025-10-26 05:01:45,arch manning,0,0,0,0,1211
arch manning is hurt. no clue on what the severity is.,2025-10-26 05:01:36,arch manning,0,0,1,0,1367
":police_car_light: injury alert :police_car_light: arch manning is down!! #texaslonghorns #texas he took a big hit and was slow getting off, didnt look great! :broken_heart: pray for arch manning",2025-10-26 05:01:33,arch manning,0,0,2,0,3100
"arch manning head slammed to the ground on a hit by msu defender. lets hope the #longhorns qb is ok. hes had a good day, despite a bad showing by texas. get better arch :folded_hands_medium_skin_tone:",2025-10-26 05:01:25,arch manning,0,0,4,0,1737
arch manning must have been hurt on that sneak. he did not come out for overtime.,2025-10-26 05:01:25,arch manning,2,0,0,0,1476
arch manning. soft. what other top qb quits the game in ot inside the 10,2025-10-26 05:01:23,arch manning,0,0,1,0,1136
no way. an arch manning backup? no longhorns fan wanted that. . .. .,2025-10-26 05:01:21,arch manning,0,0,0,0,1166
prayers for arch manning. :folded_hands_light_skin_tone::folded_hands_light_skin_tone::folded_hands_light_skin_tone:,2025-10-26 05:01:12,arch manning,0,0,1,0,1221
arch manning in the medical tent after taking a hard hit in overtime against mississippi state.,2025-10-26 05:01:09,arch manning,6,15,161,5,160743
regardless of the outcome of the game and what i said earlier. arch manning fought tooth and nail to get us back in this one,2025-10-26 05:01:03,arch manning,0,0,4,0,1380
arch manning gets hurt in ot and also goosby is hurting texas will likely have to close this game with caldwell,2025-10-26 05:01:01,arch manning,0,0,3,0,1675
this dude arch manning.slide broyoure not like that,2025-10-26 05:01:00,arch manning,0,0,1,0,1330
i hope its not serious for arch manning,2025-10-26 05:00:57,arch manning,0,0,2,0,1255
no way arch manning got injured in ot during the best game in his career,2025-10-26 05:00:56,arch manning,0,1,1,0,2201
arch mannings head smacked on the floor. hopefully hes ok. looked to be wobbling off the field.,2025-10-26 05:00:48,arch manning,0,0,0,0,354
get well soon arch manning :folded_hands: @texasfootball,2025-10-26 05:00:47,arch manning,0,0,0,0,1243
arch manning is injured and is out of the game in overtime :flushed_face: no clue on the severity of the injury,2025-10-26 05:00:41,arch manning,3,5,15,0,3522
arch manning nooooooooo :broken_heart:,2025-10-26 05:00:38,arch manning,0,0,0,0,1
arch manning rocked out of the game??,2025-10-26 05:00:38,arch manning,0,1,0,1,1397
down goes arch manning :(,2025-10-26 05:00:37,arch manning,0,0,1,0,1366
arch manning brain is cooked after that hit.,2025-10-26 05:00:36,arch manning,0,0,1,0,1453
arch manning bro:loudly_crying_face::loudly_crying_face::man_facepalming:,2025-10-26 05:00:29,arch manning,1,0,0,0,1417
arch manning is out in overtime with an injury vs mississippi state. :american_football:,2025-10-26 05:00:20,arch manning,0,0,2,1,1954
oh no arch manning is hurt,2025-10-26 05:00:19,arch manning,0,0,3,1,1548
arch manning woozy in the head,2025-10-26 05:00:19,arch manning,0,0,1,0,1525
not arch manning,2025-10-26 05:00:14,arch manning,0,0,1,0,1391
arch manning doesnt know his name right now not good,2025-10-26 05:00:14,arch manning,0,0,1,0,1383
cant watch the vols because arch manning is buns smh,2025-10-26 05:00:12,arch manning,3,0,4,0,1755
arch manning concussion protocol,2025-10-26 05:00:11,arch manning,0,1,2,0,1673
arch manning goes out of the game in ot after taking a hard hit to the back against msu!,2025-10-26 05:00:08,arch manning,0,0,2,0,1396
texas qb arch manning is injured in ot. hes in the medical tent,2025-10-26 05:00:08,arch manning,4,8,80,0,12248
"arch manning hurt on the first play of overtime, he took a helmet to the back of the gourd.",2025-10-26 05:00:07,arch manning,0,1,0,0,1603
i just missed a brazzell touchdown because of arch manning,2025-10-26 05:00:05,arch manning,0,0,3,0,1258
what a fucking game by arch manning hope he is ok showed a lot of heart,2025-10-26 05:00:02,arch manning,0,0,2,0,1103
stop being mean to arch manning!!!! 346 yards today!!!!,2025-10-26 05:00:01,arch manning,2,0,27,0,4349
arch manning getting walked off the field after a 1st down run in ot,2025-10-26 04:59:58,arch manning,0,1,0,0,1057
arch manning taking an injury to avoid a high pressure situation of course,2025-10-26 04:59:56,arch manning,3,0,4,0,2204
huge blow for texas. arch manning with a concussion at the start of overtime,2025-10-26 04:59:56,arch manning,0,1,0,0,1457
arch manning just got his head gronk spiked in the turf,2025-10-26 04:59:52,arch manning,0,0,1,0,959
and now texas will need to win in overtime without arch manning. sure looks like a hit that could keep him out next week too.,2025-10-26 04:59:51,arch manning,2,3,7,0,3412
"every texas fan should be extremely bullish about arch manning after watching this past 4th quarter, regardless of the result",2025-10-26 04:59:50,arch manning,0,0,2,0,950
"good, gutsy effort by arch manning.",2025-10-26 04:59:46,arch manning,2,1,16,0,2824
arch manning just got rocked,2025-10-26 04:59:46,arch manning,2,1,37,0,4775
arch manning is concussed! he doesnt know what planet he is on.,2025-10-26 04:59:44,arch manning,0,0,0,0,831
arch manning walks off on his own power not gonna speculate,2025-10-26 04:59:43,arch manning,10,2,234,2,25038
matthew caldwell enters the game for injured arch manning,2025-10-26 04:59:42,arch manning,1,3,65,1,7496
prayers up for arch manning. :folded_hands:,2025-10-26 04:59:42,arch manning,1,2,9,1,3610
arch manning made of glass,2025-10-26 04:59:41,arch manning,0,0,0,0,715
arch manning walking off slowly after a run on the first play of overtime.,2025-10-26 04:59:35,arch manning,0,0,4,1,5562
arch manning get down or get outta bounds. archie nahhh,2025-10-26 04:59:34,arch manning,0,0,2,0,973
arch manning head hit the ground soooo hard.. gotta be a concussion man.. hes gotta be done for this ot damnitt,2025-10-26 04:59:33,arch manning,0,0,0,0,1123
arch manning is down doesnt look great,2025-10-26 04:59:33,arch manning,0,0,0,0,655
"oh my, that looks really bad for arch manning",2025-10-26 04:59:32,arch manning,0,0,0,0,934
arch manning is 100% concussed. he hit the ground so hard,2025-10-26 04:59:26,arch manning,0,0,3,0,850
arch manning is down,2025-10-26 04:59:25,arch manning,1,5,46,8,9170
arch manning is hurt on the first play of ot as his head slams to the turf.,2025-10-26 04:59:18,arch manning,0,0,8,0,1467
arch manning is down after the first play of overtime. took a big hit into the turf after a scramble. his helmet hit the ground pretty hard.,2025-10-26 04:59:17,arch manning,0,0,4,0,3352
arch manning is slow to get up after a 13yard scramble. matthew caldwell is warming up on the sidelines and will enter. manning is walking off under his own power and making his way to the injury tent.,2025-10-26 04:59:16,arch manning,0,1,38,3,4801
nigh nigh arch manning.,2025-10-26 04:59:15,arch manning,0,0,0,0,604
arch manning just died omg,2025-10-26 04:59:12,arch manning,0,0,2,0,1053
arch manning is down after opening overtime on the run. looked like he took a shot in the back after a 13yard gain. matthew caldwell time. #hookem,2025-10-26 04:59:07,arch manning,0,0,16,0,1918
arch manning got his bell rung,2025-10-26 04:59:06,arch manning,0,0,0,0,602
arch manning has to slide there. not getting up after a hit on a qb run is so tough to see after the fourth quarter he just had.,2025-10-26 04:59:03,arch manning,0,1,5,0,1159
arch manning got rocked,2025-10-26 04:59:00,arch manning,0,0,1,0,610
arch manning knocked himself out,2025-10-26 04:58:56,arch manning,0,0,2,0,634
arch manning needs to slide.,2025-10-26 04:58:55,arch manning,0,0,1,0,706
arch manning prob got a concussion,2025-10-26 04:58:52,arch manning,0,0,6,0,1228
arch manning concussed on the first play of ot,2025-10-26 04:58:51,arch manning,0,0,1,1,650
"arch manning hit really hard, and is down on the field. head was sandwiched into the turf.",2025-10-26 04:58:31,arch manning,9,4,127,4,26258
arch manning down after getting toppled on a scramble.,2025-10-26 04:58:30,arch manning,0,0,0,0,593
credit where its due arch manning is the reason why texas will win this game.,2025-10-26 04:58:28,arch manning,1,1,25,2,3003
arch manning is on the ground. got popped pretty good on that run.,2025-10-26 04:58:27,arch manning,0,0,8,0,4583
that 4th down penalty hittin arch manning costed us this game. #msstatevstexas,2025-10-26 04:58:24,arch manning,0,0,1,0,460
all momentum is with texas & arch manning right now. close out ot. lets go,2025-10-26 04:58:05,arch manning,0,1,0,0,475
did the same scout who gave arch manning a 5 star label also say that garrett nussmeier was a first round nfl prospect? this guy is so bad. might be my least favorite college qb ever. 11 td passes in 7 games at lsu. how?!,2025-10-26 04:57:47,arch manning,0,0,17,0,3189
arch manning career on the line in this overtime,2025-10-26 04:57:37,arch manning,0,0,0,0,459
"arch manning could pull out his biggest win as a starter, if he rallies texas in ot. they were down 3821 in the 4th and they rallied to tie it.",2025-10-26 04:57:25,arch manning,1,0,2,0,667
not arch manning?? 350 yards and 4 total tds??,2025-10-26 04:55:48,arch manning,0,0,0,0,590
live look at arch manning during film sessions,2025-10-26 04:55:29,arch manning,0,0,0,0,630
i cant hang with all the arch manning hate talk when his ol is the real problem,2025-10-26 04:53:01,arch manning,0,0,0,0,757
my favorite thing about nil era college football is seasons like this where we get arch manning and drew allar commercials all day. 10/10 unintentional comedy.,2025-10-26 04:52:34,arch manning,0,0,2,0,879
arch manning late in games against mid opposition...,2025-10-26 04:51:37,arch manning,1,3,127,3,22156
arch manning if you win me this game ill never say another bad word about you,2025-10-26 04:51:18,arch manning,2,0,6,0,1228
arch manning growing up today,2025-10-26 04:51:17,arch manning,0,0,0,0,1104
arch manning checked twitter at halftime.,2025-10-26 04:51:12,arch manning,0,0,5,0,936
think you need to be as objective as you are with boxing. have you been watch your qb beck? hes arch manning big brother. sorry as idkw. he has no choice but to run. you would be a 3 loss team already if he didnt.,2025-10-26 04:46:40,arch manning,0,0,0,0,858
can we be honest? arch manning had the sons that everyone should have wanted.,2025-10-26 04:45:40,arch manning,0,0,0,1,963
best game in my opinion arch manning has played he is battled adversity all freaking day today.,2025-10-26 04:45:13,arch manning,1,4,25,1,2194
give the heisman to arch manning you cowards,2025-10-26 04:45:05,arch manning,1,0,1,0,1151
never mention arch manning in the same convo as eli and peyton,2025-10-26 04:44:57,arch manning,0,0,0,0,782
"ngl, i wrote texas off earlier but thats a helluva comeback!! hope arch manning and the longhorns can pull it off! hook em! :orange_heart::sign_of_the_horns:",2025-10-26 04:44:26,arch manning,4,2,37,2,2603
who reminded arch that hes a manning?,2025-10-26 04:44:03,arch manning,0,0,2,0,610
arch manning silencing critics in this 2h,2025-10-26 04:44:01,arch manning,0,0,3,0,877
arch manning needs to buy his kick off return man a car if the longhorns win this. #hookem,2025-10-26 04:43:54,arch manning,0,0,8,0,1751
literally everyone talks about arch manning and his failure to meet expectations. and bronny is still the poster child for being ass and a product of nepotism. both things can be and are true at the same time.,2025-10-26 04:43:26,arch manning,3,0,3,0,845
@texasfootball @archmanning @texaslonghorns @utbarstool arch manning does not give up. texas does not give up. that is what matters. texas fight! texas tough!!,2025-10-26 04:43:14,arch manning,0,0,0,0,643
"arch manning is so american... a nepo baby with a name, very little talent, but shoved down peoples throat as the greatest thing since the air fryer...",2025-10-26 04:42:18,arch manning,3,0,8,0,1259
this bum ass loser arch manning really about to get carried to a win by special teams smfh,2025-10-26 04:42:08,arch manning,6,0,2,0,1266
what a special teams play freaking awesome ut kept fighting and fighting if they pull this out this will be texas best victory and arch mannings best game at qb to me because he will have battled so much adversity,2025-10-26 04:41:49,arch manning,0,0,4,0,1261
what a comeback for arch manning and texas. miss st just fell apart. not over yet. a roughing the passer call gave arch new life and longhorns are back.,2025-10-26 04:41:14,arch manning,0,0,10,0,2868
texas 80yard punt return touchdown i seriously owe texas and arch manning an apology they are cooking :fire::fire:,2025-10-26 04:41:14,arch manning,1,0,16,1,2958
arch manning what a touchdown drive to tie it he should be pick 1 in american football draft,2025-10-26 04:40:45,arch manning,1,0,2,1,639
cfb: sometimes it seems like arch manning could be a decent player but at other times he seems clueless.,2025-10-26 04:40:09,arch manning,0,1,8,0,3399
arch manning saved again,2025-10-26 04:40:04,arch manning,0,0,2,0,500
"in arch manning that was, we are alive!",2025-10-26 04:39:56,arch manning,1,0,1,0,957
arch manning comeback is wild,2025-10-26 04:39:55,arch manning,0,0,1,0,509
arch and shapen looking like brady v manning with 350 each in the air :skull:,2025-10-26 04:39:54,arch manning,0,0,0,0,117
oh my god texas just tied the game and arch manning didnt have to touch the football.,2025-10-26 04:39:51,arch manning,1,0,4,0,698
"would be a great way to fix his arch manning bust. if he stayed, it will sabotage his job. if he leaves, its someone elses problem and he can always come back to the sec.",2025-10-26 04:39:05,arch manning,0,0,0,0,429
i think people forget that arch manning isnt peyton or elis son his dad is the disappointment,2025-10-26 04:38:28,arch manning,3,0,1,0,635
arch manning reading a defense,2025-10-26 04:37:03,arch manning,0,0,5,0,2188
"looks like arch manning is turning the corner, finally looks like a competent qb out there",2025-10-26 04:35:01,arch manning,0,0,1,0,571
arch manning misses so many wide open guys. first and goal he had his rb leaking into the flat for a walk in tdjust doesnt throw to him. second and goal he has a receiver on a quick out wide openjust doesnt throw to him. he just cannot make good decisions.,2025-10-26 04:34:45,arch manning,1,0,0,0,598
this is such a black eye for college football. the alabama ending is blatantly rigged then suddenly arch manning goes from ass to throwing for over 200 yards and 2 tds in half a quarter in the texas game. its blatantly rigged for betting and for viewership.,2025-10-26 04:34:42,arch manning,3,0,1,0,853
"arch manning is so overrated, just like john mateer :face_with_tears_of_joy:",2025-10-26 04:34:33,arch manning,0,0,3,0,945
arch manning is going to kill nil for future generations!,2025-10-26 04:34:20,arch manning,2,0,2,0,1034
theres more issues in texas than just arch manning. im still a believer hell be fine and im still #archingmyback #collegefootball,2025-10-26 04:34:19,arch manning,0,0,2,0,558
arch manning just hasnt been putting the ball where it needs to be.,2025-10-26 04:34:19,arch manning,1,0,0,0,416
arch manning finally has a good performance. the rest of the team,2025-10-26 04:33:53,arch manning,0,0,6,0,947
"ive spent a bunch of time this season wondering if weve been attributing too much of arch mannings struggles to the offensive line play happening in front of him. the last quarter tells me we have not. a little comfort, a little time, good production. who knew?",2025-10-26 04:33:46,arch manning,2,4,22,1,2817
arch manning with the game on the line,2025-10-26 04:33:43,arch manning,0,0,1,0,529
arch manning is not good at all,2025-10-26 04:33:16,arch manning,0,0,0,0,364
win or loss arch manning grew up today,2025-10-26 04:33:08,arch manning,0,2,0,0,1456
i know defenses love playing against arch manning,2025-10-26 04:33:03,arch manning,0,0,0,0,206
"ive watched a lot of arch manning games this year and hadnt decided much about him until tonight. his field vision is awful, he has wide open receivers and just doesnt see them.",2025-10-26 04:32:52,arch manning,0,0,0,0,441
"arch manning lives off screen pass yac and fuck it, somebody gotta be open heaves.",2025-10-26 04:32:45,arch manning,0,0,0,0,494
a receiver actually let arch manning down for once?,2025-10-26 04:32:34,arch manning,0,0,0,0,445
"hey, arch manning cant catch em too! cmon texas!",2025-10-26 04:32:15,arch manning,0,0,1,0,518
"say what you want about arch manning, but hes gotten very little help today from his receivers, his oline, or his defense.",2025-10-26 04:32:14,arch manning,6,0,25,0,3255
its a one score game with 4:14 remaining. texas trails 3835 with all three timeouts remaining. arch manning is up to 346 passing yards.,2025-10-26 04:32:11,arch manning,16,5,88,1,12621
"yeah this is more than an arch manning problem in austin, this whole team is a mess",2025-10-26 04:32:08,arch manning,0,0,0,0,403
now arch manning cant miss what a game we got in starkville,2025-10-26 04:32:02,arch manning,0,0,1,0,422
arch manning be out there on dat field flinging monkey shit at folks,2025-10-26 04:31:55,arch manning,0,0,0,0,345
my opinion on arch manning remains unchanged.,2025-10-26 04:31:48,arch manning,0,0,3,0,751
ill ease off of arch manning if he wins this game this is a game that will tell me all i need to know,2025-10-26 04:31:22,arch manning,0,0,0,0,408
arch manning leading a comeback,2025-10-26 04:30:56,arch manning,0,1,0,0,388
now that texas will be unranked is arch manning bout to have ut do to stever sarkisian what psu just did to james franklin,2025-10-26 04:30:51,arch manning,0,0,6,0,1985
"arch manning got an arm, ion know what his problem is:white_exclamation_mark:",2025-10-26 04:30:49,arch manning,0,0,2,0,416
arch manning not ready? or is this just another overrated texas team? or is it both?,2025-10-26 04:30:33,arch manning,1,0,0,0,351
arch manning so ass:face_with_tears_of_joy:,2025-10-26 04:30:27,arch manning,0,0,0,0,281
steve sarkisians nfl announcement sends interesting message on arch mannings future at texas #nfl,2025-10-26 04:30:23,arch manning,0,0,0,0,359
arch manning aint shit like his uncle peyton i know that much,2025-10-26 04:30:18,arch manning,0,0,0,0,255
arch manning is here mf.,2025-10-26 04:30:17,arch manning,0,0,0,0,220
arch manning sux!!!,2025-10-26 04:30:10,arch manning,0,0,0,0,222
arch manning sucks cock,2025-10-26 04:29:25,arch manning,1,0,0,0,92
per my sources: arch manning is expected to enter the transfer portal. his top destination is @vol_football where coach josh heupel has expressed mutual interest.,2025-10-26 04:29:25,arch manning,0,0,0,0,485
arch manning is a check down specialist. 200 passing yards after catch????,2025-10-26 04:29:20,arch manning,0,0,1,0,543
arch manning straight azz!! how you allow miss st have 38 points over you?!! you are playing cowbell ringing mississippi state!!!,2025-10-26 04:28:47,arch manning,1,0,1,0,762
arch manning disaster class,2025-10-26 04:28:34,arch manning,1,0,0,0,309
just remember espn pushed texas and arch manning on us and ranked them number 1 :rolling_on_the_floor_laughing::shushing_face:,2025-10-26 04:28:25,arch manning,0,0,6,0,451
e(lies)****/slander about arch manning and @texasfootball in general will be tolerated,2025-10-26 04:28:17,arch manning,0,0,0,0,294
im here to confirm theres a 100% chance that arch manning is dogshit.,2025-10-26 04:28:01,arch manning,0,0,0,0,287
you have a problem playing competition. arch manning was your toughest game lol,2025-10-26 04:27:21,arch manning,2,0,0,1,372
arch manning with a massive 1st down throw on 3rd and 10,2025-10-26 04:26:50,arch manning,0,7,133,6,5460
this will forever be an arch manning hater account,2025-10-26 04:26:48,arch manning,0,0,1,0,289
arch manning !!!,2025-10-26 04:26:28,arch manning,0,0,0,0,274
arch manning hooping,2025-10-26 04:25:54,arch manning,3,1,28,0,3199
did the call come into the texas/mississippi st. game that arch manning needed to suddenly look like a superman in the 4th quarter after being complete ass? its all rigged.,2025-10-26 04:25:39,arch manning,0,0,0,0,326
arch manning will be great,2025-10-26 04:25:16,arch manning,0,0,2,0,312
arch manning has 71 ovr deep pass accuracy #texass,2025-10-26 04:25:32,arch manning,0,0,3,0,284
"texas is actually asshole lmao faked out everyone due to the propaganda machine, arch manning sad case.. ass",2025-10-26 04:25:33,arch manning,3,0,1,0,293
arch mannings draft stock,2025-10-26 04:25:12,arch manning,15,3,97,0,25204
i dont think its texas yeararch manningmost overrated qb in college football . miss state opening up a can of whoop up on the longhornslooking at loss #3.,2025-10-26 04:25:12,arch manning,0,0,0,0,289
"meanwhile, speaking of chips off the block what in the world is going wrong with the mannings latest gen player arch losing to mississippi state? hey texas. wth? :hundred_points::bullseye::loudly_crying_face:",2025-10-26 04:25:03,arch manning,0,0,1,0,253
texas attack is waking up! arch manning finds emmett mosley v. the game is not over.,2025-10-26 04:23:53,arch manning,0,0,3,1,705
arch manning has a chode,2025-10-26 04:23:53,arch manning,0,0,1,0,275
does arch manning declare for the draft and become the biggest bust since ryan leaf?!?!,2025-10-26 04:23:03,arch manning,0,0,0,0,316
bruh thats a perfect throw. i still believe in arch manning,2025-10-26 04:22:52,arch manning,0,0,0,0,572
i think its time to bench arch manning!!!,2025-10-26 04:22:32,arch manning,0,0,0,0,284
arch manning has been hot ass for the past several games,2025-10-26 04:22:28,arch manning,0,0,0,0,281
arch manning trying to throw the ball more than 10 yards down the field,2025-10-26 04:22:20,arch manning,2,0,15,1,2018
arch manning needs to transfer to miami,2025-10-26 04:21:36,arch manning,0,0,0,0,300
arch manning had a good run,2025-10-26 04:21:33,arch manning,0,0,0,0,265
blame yall self yall put all this pressure on arch manning and see what happens,2025-10-26 04:21:15,arch manning,0,0,0,0,650
arch manning getting cooked by mississippi state ?,2025-10-26 04:21:14,arch manning,2,0,0,0,736
arch manning is simply not good. somebody needs to get fired. @texaslonghorns,2025-10-26 04:21:02,arch manning,0,1,2,0,585
arch manning is not playing wonderful:loudly_crying_face:,2025-10-26 04:20:59,arch manning,0,0,0,1,297
the same way we got swindled into believing arch manning is a d1 qb and sark is a d1 head coach all hype sir!,2025-10-26 04:20:53,arch manning,0,0,0,0,537
"breaking: theres a 99% chance that arch manning is complete ass, according to @playprophetx!",2025-10-26 04:20:40,arch manning,31,38,504,13,94391
texas quarterback arch manning tossed a touchdown pass to emmett mosley with 9:34 left in the game. current score: mississippi state 38 texas 28,2025-10-26 04:20:36,arch manning,0,1,1,0,696
arch peyton manning in garbage time,2025-10-26 04:20:30,arch manning,0,0,1,0,220
"arch manning is quietly 25/37 for 299 yards and 3 tds, not to mention his 1 turnover came on a good throw that was dropped. this texas team makes zero sense.",2025-10-26 04:20:20,arch manning,8,8,278,3,8763
arch manning aint shit,2025-10-26 04:20:16,arch manning,0,0,1,0,375
this game has had the full arch manning experience,2025-10-26 04:20:16,arch manning,0,0,2,0,513
ty was playing like arch manning damn near the whole game i thought we was cooked,2025-10-26 04:20:07,arch manning,0,0,0,0,655
texas and arch manning are basura,2025-10-26 04:20:05,arch manning,0,0,0,0,292
arch manning on the money :bullseye:,2025-10-26 04:19:41,arch manning,1,10,198,2,5270
"arch manning is struggling again and is losing to mississippi state by 17 points. dan orlovsky and the white guys on espn, fs1, and podcasts said he was better than shedeur! why have they been quiet lately? :thinking_face:",2025-10-26 04:19:21,arch manning,1,0,1,0,424
arch manning is a fraud,2025-10-26 04:18:55,arch manning,0,0,11,0,913
"good luck finding a team that is going to target him as a priority hire. i dont think hes a bad coach, but im not sure anyone is dying to jump ahead first in with a guy who has been unimpressive with developing quinn ewers and arch manning.",2025-10-26 04:18:53,arch manning,1,0,1,0,823
nice throw arch manning for the touchdown i know you got got the qb talent in there just relax and let it come out:sign_of_the_horns:,2025-10-26 04:18:41,arch manning,0,1,2,0,378
its time to look at the facts. texas will fight until the clock is 0:00. as im typing this...arch manning throws a td to mosley. texas: 28 | mississippi state: 38 9:34 left in the fight! #hookem,2025-10-26 04:18:39,arch manning,1,0,8,0,1041
"texas is f...king lost head up their @$$. #longhorns what a laughing stock we have been made of . #texaslonghorns arch manning with all due respect isnt a great qb at all maybe a somewhat good qb , but a beast not even close. this guy has zero grit zero fight. a joke",2025-10-26 04:18:34,arch manning,7,0,4,0,5429
arch manning doesnt play defense :man_shrugging_mediumdark_skin_tone:,2025-10-26 04:18:24,arch manning,0,1,2,0,292
"we fuck at least somebody can block something, maybe he can go play on the oline and block for arch manning, hookem horns :sign_of_the_horns:",2025-10-26 04:18:23,arch manning,1,0,1,0,276
arch manning!!! another touchdown.,2025-10-26 04:18:21,arch manning,0,0,0,0,259
my bad arch manning,2025-10-26 04:18:16,arch manning,0,0,7,0,843
arch garbage time manning,2025-10-26 04:18:14,arch manning,0,0,1,0,385
arch manning connects with emmett mosely v to make it a 10 point difference,2025-10-26 04:18:06,arch manning,1,17,634,10,18325
aj swann vs arch mannings stats. arch manning has half of his stats against middle tennessee school of the blind. its pretty close,2025-10-26 04:18:05,arch manning,1,1,2,0,2354
dawg wingo is 63 high jumping these passes from arch manning,2025-10-26 04:17:42,arch manning,0,0,1,0,263
arch manning you are crazy,2025-10-26 04:17:37,arch manning,0,0,0,0,263
yo arch manning is so hot and cold lmao damn this dude will throw shit missiles then dunk on a nigga next play,2025-10-26 04:17:35,arch manning,0,1,2,0,289
"arch manning can look god awful and then make plays like this. the talent is there, but so is the inconsistency.",2025-10-26 04:17:31,arch manning,22,20,471,29,66044
arch manning so tough,2025-10-26 04:17:30,arch manning,0,0,0,0,235
arch manning get ready to study tight end! #hornsdown,2025-10-26 04:17:29,arch manning,1,0,0,0,240
"not sure how much consolation this is, but even if arch manning lived up to the billing, theres no way texas could win a national championship with this d.",2025-10-26 04:17:23,arch manning,0,1,1,0,283
maybe the recruiting services such as yourself work for didnt rank arch manning correctly,2025-10-26 04:17:22,arch manning,1,0,0,0,353
"touchdown, texas! arch manning to emmett mosley!",2025-10-26 04:16:51,arch manning,2,2,47,1,4011
arch manning fuckin sucks :face_with_tears_of_joy:,2025-10-26 04:16:49,arch manning,0,0,0,0,282
arch manning is garbage,2025-10-26 04:16:33,arch manning,0,0,0,0,287
arch is the frankie jonas of the manning family,2025-10-26 04:16:17,arch manning,0,0,3,0,395
"arch manning owes me $200. ill take it in $btc, arch.",2025-10-26 04:16:16,arch manning,2,0,3,0,413
arch manning wont get an nfl job ever trying to do shit behind this line and with this lack luster roster. thats facts.,2025-10-26 04:16:16,arch manning,0,0,3,0,378
what team is arch manning playing for this time next year ?,2025-10-26 04:16:12,arch manning,28,2,11,0,2950
arch manning transfer portal to miami,2025-10-26 04:16:05,arch manning,0,0,0,0,443
arch manning might be one of the biggest disappointments of all time,2025-10-26 04:15:51,arch manning,0,0,1,0,418
"#idontwanttooverreactbut arch manning is absolute ass and sark should be fired immediately! also, vandy is the grittiest team in college football.",2025-10-26 04:15:34,arch manning,0,0,2,0,281
"another week, another horrible performance by arch manning. lennoris sellars is ass too",2025-10-26 04:15:26,arch manning,0,0,0,0,227
arch manning is @texasfootball downfall get rid of him!,2025-10-26 04:15:20,arch manning,0,0,0,0,213
i cannot believe this texas team was the number one team going into the preseason. arch manning and the longhorns are godawful,2025-10-26 04:15:12,arch manning,0,0,3,0,451
arch manning playing like jay fruci right now,2025-10-26 04:14:59,arch manning,0,0,2,0,227
arch if his surname wasnt manning,2025-10-26 04:14:40,arch manning,0,0,1,0,178
"consider how media works. more clicks = more money. why do you think arch manning was projected by the media as the #1 pick next year & a heisman finalist? because his name on their lists gets people to click. same with shadeur. the media made him a top pick, not nfl scouts.",2025-10-26 04:14:30,arch manning,4,0,0,0,298
arch manning after holding the ball for 4 seconds and finally throwing the check down,2025-10-26 04:14:14,arch manning,0,1,1,0,1393
"petition for arch manning to transfer to itt tech, who says no?",2025-10-26 04:14:03,arch manning,0,0,0,0,216
im so happy arch manning sucks lmao,2025-10-26 04:13:53,arch manning,0,0,0,0,205
remember when they had arch manning posted up in the trenches? lol that boy need his hood pass revoked:man_gesturing_no_dark_skin_tone::face_with_tears_of_joy:,2025-10-26 04:13:50,arch manning,1,0,5,0,3328
i feel bad for arch he didnt ask for all the crazies to hype him up to be payton manning,2025-10-26 04:13:50,arch manning,0,0,0,0,161
if arch manning didnt have the last name manning he would not be on a program lol,2025-10-26 04:13:31,arch manning,0,0,0,0,215
hate to say it but arch manning stinks.,2025-10-26 04:13:25,arch manning,0,0,0,0,380
if anybody believes arch manning is in any way even average then youre just blindly following this team.,2025-10-26 04:13:19,arch manning,0,0,0,0,222
arch manning is overhyped,2025-10-26 04:13:08,arch manning,0,0,0,0,227
"arch manning may be done at texas. not sure how the defense was ranked as high as they were, but not being able to score quickly isnt helping. this loss is going to be mainly on the defense, but hes just not figuring it out, looking down targets and late on everything.",2025-10-26 04:13:00,arch manning,0,0,0,0,282
"whats wrong, arch manning? no division ii school for you and texas to taunt today?",2025-10-26 04:12:53,arch manning,1,1,10,0,1981
live look at arch manning,2025-10-26 04:12:50,arch manning,0,2,8,1,1339
texas football. as big of a joke as arch manning being the preseason heisman.,2025-10-26 04:12:41,arch manning,0,0,4,0,839
"the offensive line is bad, arch is not a very good passer at all. in fact, he is below average at best as a pocket passer. so the only thing start can do is adjust his offense and run it for what mannings strengths are and hes not doing that.",2025-10-26 04:12:41,arch manning,0,0,4,0,260
arch manning got heart .. but he not ready to lead a team,2025-10-26 04:12:32,arch manning,0,0,0,0,279
"arch manning, you just got outplayed by some dude whose name i dont know. @texasfootball",2025-10-26 04:12:23,arch manning,0,0,1,0,213
now comes heisman favorite #arch manning to show us all that he is the best! :rolling_on_the_floor_laughing::rolling_on_the_floor_laughing::rolling_on_the_floor_laughing::rolling_on_the_floor_laughing::rolling_on_the_floor_laughing: #hookem #msu #missstate #cfb,2025-10-26 04:12:07,arch manning,0,0,1,0,298
ppl blame arch manning but defense couldnt stop a dead body leaving a cemetery,2025-10-26 04:12:04,arch manning,0,0,0,0,175
arch manning needs to go. please,2025-10-26 04:12:01,arch manning,0,0,0,0,176
eli arch manning and texas losing?,2025-10-26 04:11:42,arch manning,0,0,0,0,311
arch manning not making the nfl brother,2025-10-26 04:11:16,arch manning,1,1,1,0,426
arch manning the savior,2025-10-26 04:11:10,arch manning,0,0,1,0,284
arch manning was a nepo manning!!! #hornsdownstinky,2025-10-26 04:10:58,arch manning,0,0,1,0,195
arch manning and his oline posing for a flick :crossed_fingers:,2025-10-26 04:10:33,arch manning,0,0,0,0,516
i told yall miss state +7 2h ima fucking he genius. fuck arch manning,2025-10-26 04:09:56,arch manning,0,0,0,0,208
thats a nice arch manning u got,2025-10-26 04:09:53,arch manning,1,0,0,0,1240
is arch manning mentally disabled #noticing,2025-10-26 04:09:48,arch manning,0,0,0,1,223
"you are right. he made no reads, just threw the ball to his roommate. arch manning has zero situational awareness.",2025-10-26 04:09:08,arch manning,0,0,2,0,247
thats a 30 sweeeeep :broom: arch manning over 214.5 pass yards :check_mark_button: zevi eckhaus under 215.5 pass yards :check_mark_button: ryan williams over 60.5 passing yards :check_mark_button: +13.75 units this football season tap in with prop model :smiling_face_with_horns:,2025-10-26 04:09:07,arch manning,0,0,5,0,581
texas quarterback arch manning tosses a 6yard touchdown pass with 13:15 left in the game.,2025-10-26 04:09:02,arch manning,0,0,0,0,321
peyton mannings son will be the arch manning college football was expecting :police_car_light::eyes:,2025-10-26 04:08:26,arch manning,0,0,1,1,259
"the way i see it, he say this long behind jalen milroe for a reason. similar to arch manning behind quinn ewers",2025-10-26 04:08:22,arch manning,0,0,0,0,347
arch manning lanorris sellers bryce underwood the ruiners of nil,2025-10-26 04:08:20,arch manning,0,0,1,0,645
arch manning azz !,2025-10-26 04:08:19,arch manning,0,0,0,0,201
what a throw and catch from arch manning to parker livingstone! :exploding_head:,2025-10-26 04:08:00,arch manning,0,6,165,1,6310
"arch manning connects with parker livingstone for the touchdown, the second connection of the day. texas still down 3421 with 13:15 left in regulation.",2025-10-26 04:07:53,arch manning,0,0,0,0,359
arch manning down 3 scores with the game on the line,2025-10-26 04:07:48,arch manning,7,91,1910,40,65309
griffis >>> arch manning,2025-10-26 04:07:26,arch manning,0,0,0,0,252
"arch manning is not a bad quarterback, but he has no line or receivers. you dont get sacked 56 times a game when you have a good offensive line. too many dropped passes. those boys need more stickum on their gloves.",2025-10-26 04:06:56,arch manning,0,0,1,0,341
arch manning is wildly inconsistent but im still pretty sure theres a potentially really good qb in there,2025-10-26 04:06:51,arch manning,1,0,0,0,279
#texaslonghorns arch manning is a fraud!! #horns #hookem,2025-10-26 04:06:47,arch manning,1,0,2,0,418
arch manning trash ?,2025-10-26 04:06:08,arch manning,0,4,2,0,1717
#hookem arch manning throwing a simple 4 yard slant,2025-10-26 04:05:54,arch manning,0,0,2,1,912
"honestly, give arch manning the heisman for playing behind this ol and playing 1 respectable game",2025-10-26 04:05:13,arch manning,2,6,243,1,8306
lets go! arch manning deep ball! (youre down 3114 to mississippi state) (ohio state owns you),2025-10-26 04:04:57,arch manning,3,0,7,0,17498
arch manning? more like dart manning da boom pshhh,2025-10-26 04:04:51,arch manning,0,0,1,0,279
what a throw by arch manning,2025-10-26 04:04:41,arch manning,0,0,6,0,322
arch manning to wingo. that was good,2025-10-26 04:04:18,arch manning,0,0,0,0,310
arch manning with the statpadding touchdown right there,2025-10-26 04:03:56,arch manning,1,1,9,1,2773
proud to announce i have abandoned my arch manning fandom i am now a proud ty simpson fan,2025-10-26 04:03:08,arch manning,0,0,0,0,511
arch manning and texas look like a last place sec team.,2025-10-26 04:03:01,arch manning,2,0,1,0,655
fuck arch manning. cant ride the name forever. dude is done. and tx is gonna lose me some good $ on my parlay. fu texas,2025-10-26 04:02:57,arch manning,0,0,1,0,756
arch manning im sorry brudda you might be ass but ill never stop betting on you,2025-10-26 04:02:47,arch manning,2,1,5,0,9268
"this shit feels like its on purpose at this point yo cause can the texas longhorns be this bad at football? i mean, yeah, arch manning should be on the bench but damn #hookem",2025-10-26 04:02:36,arch manning,1,0,2,0,677
is arch manning the most overrated quarterback in the history of college football?,2025-10-26 04:02:22,arch manning,0,0,0,0,333
bryce underwood> arch manning,2025-10-26 04:02:18,arch manning,0,0,2,0,809
"can @texasfootball wait until after november 15 to cut the cord on the arch manning experience, or? asking for an entire fanbase :face_with_tears_of_joy:",2025-10-26 04:02:10,arch manning,1,0,7,0,479
arch manning and ryan wingo hook up for a deep one! #hookem,2025-10-26 04:02:08,arch manning,0,2,12,1,566
so why is texas not benching arch manning yet?,2025-10-26 04:01:59,arch manning,0,0,0,0,338
arch manning so trash he got sark wanting to go to the nfl :face_with_tears_of_joy::face_with_tears_of_joy:,2025-10-26 04:01:46,arch manning,0,0,0,0,290
will arch manning be a 5th round pick and 3rd string to flacco and gabriel?,2025-10-26 04:01:44,arch manning,0,0,1,0,333
fire arch manning!!!,2025-10-26 04:01:40,arch manning,0,0,0,0,408
arch manning with a bomb? a blind squirrel finds a nut every once in a while,2025-10-26 04:01:40,arch manning,0,0,3,0,172
i has arch manning as my heisman favorite before the season :broken_heart::victory_hand:,2025-10-26 04:01:24,arch manning,1,0,0,0,332
arch manning with another huge completion to ryan wingo,2025-10-26 04:01:08,arch manning,3,37,931,23,58008
nice throw arch manning :thumbs_up:,2025-10-26 04:00:58,arch manning,0,0,1,0,280
free arch manning,2025-10-26 04:00:37,arch manning,0,1,1,0,989
arch manning to mcneese state calling my shot now,2025-10-26 04:00:36,arch manning,0,0,2,0,423
"the way talking heads latched their names on to arch manning because of his last name, i feel so bad for the kid. he was set up by so many media members because of his last name, and none of them will say a word now.",2025-10-26 04:00:03,arch manning,0,0,1,0,272
arch manning stinks,2025-10-26 03:59:59,arch manning,0,0,2,0,277
time to bench arch manning,2025-10-26 03:59:40,arch manning,1,0,5,0,2767
who should texas target in the portal to compete with arch manning next year?,2025-10-26 03:59:39,arch manning,3,0,1,0,305
but you said arch manning would be the best qb in college football,2025-10-26 03:59:29,arch manning,0,0,2,1,439
arch manning every drop back as a starter for texas,2025-10-26 03:59:10,arch manning,2,1,24,3,6679
am i here in time to slander arch manning?,2025-10-26 03:58:52,arch manning,0,0,1,0,265
take a joke man lmao. how about arch manning tho,2025-10-26 03:58:48,arch manning,0,0,0,0,255
arch manning is ass.,2025-10-26 03:58:46,arch manning,0,0,1,0,326
sarcesian or whatever his name should be ashamed! what kind of play calling is going on with that spoiled rotten bunch upstairs??? they have to be the biggest disappointment in texas! laughing stock of the sec!!!! will arch manning put up with that...or leave for a real,2025-10-26 03:58:45,arch manning,1,0,0,0,263
@williamfleitch i followed you just now for the sole purpose of telling you what a terrible piece that was about 21 yearold arch manning. you sound jealous and sour and kind of yucky not to mention amazingly knowledgeable about the game of football. all you need to do is watch,2025-10-26 03:58:42,arch manning,1,0,1,0,215
yo arch manning really a white worse version of jalen hurts,2025-10-26 03:58:41,arch manning,0,2,26,1,7185
"what if i told you 2 months ago that jackson arnold would have a better qbr than arch manning, lanoris sellers, and dj lagway?",2025-10-26 03:58:29,arch manning,0,0,0,0,114
everyones shitting on arch manning for being overrated. he aint got nothing to do with that lol. blame the media that was actually doing the overrating.,2025-10-26 03:58:08,arch manning,1,0,1,0,516
"right now, the qb arch manning most resembles is d. j. uiagalelei.",2025-10-26 03:57:54,arch manning,0,0,0,0,268
@texasfootball yall are donkey ass will never put yall on a parlay again. you suck. arch manning sucks yall are dog shit,2025-10-26 03:57:38,arch manning,0,0,0,0,267
"had a member at work convince arch manning was legit and to back texas, im bouta cancel this nigga membership fool",2025-10-26 03:57:38,arch manning,0,1,0,0,369
longhorns have no run game today. arch manning is playing well. the rest of the team forgot their talent at home,2025-10-26 03:56:59,arch manning,1,0,1,0,411
arch manning & the texas offense have got to give the texas defense some time to rest. they need a long drive. sark please use sure passing game in place of the run mississippi state is all over the run game today.,2025-10-26 03:56:53,arch manning,0,0,0,0,494
arch manning is?,2025-10-26 03:56:51,arch manning,0,0,0,0,264
arch manning for heisman?? texas preseason #1?? frauds,2025-10-26 03:56:45,arch manning,0,0,2,0,297
arch manning is garbage....fo my face,2025-10-26 03:56:39,arch manning,0,0,1,0,283
"arch manning may not even be a first round pick tbh, not fucking sorry",2025-10-26 03:56:29,arch manning,2,0,0,0,285
again how is arch manning still a starting qb here? hes god awful horrendous,2025-10-26 03:56:22,arch manning,0,1,0,0,301
is arch manning the most overrated player in the history of the college sports?,2025-10-26 03:56:17,arch manning,2,0,0,0,331
"man texas is so terrible :disappointed_face: cant believe i had them making the final 4 at the beginning of the year , i take everything i said back :double_exclamation_mark: arch manning single handedly is ruining the manning legacy :hundred_points:",2025-10-26 03:56:03,arch manning,0,0,1,0,285
"fuck texas 300 donation extra sharp of me, arch manning hang by your balls",2025-10-26 03:55:56,arch manning,0,0,0,0,309
arch manning is bad,2025-10-26 03:55:54,arch manning,1,0,4,0,452
and they said this draft class was better and arch manning was a first round draft pick :rolling_on_the_floor_laughing::rolling_on_the_floor_laughing::rolling_on_the_floor_laughing:,2025-10-26 03:55:48,arch manning,0,0,0,0,268
mestemaker > arch manning,2025-10-26 03:55:27,arch manning,1,0,5,1,852
is arch manning the biggest bust of all time?,2025-10-26 03:55:20,arch manning,1,0,0,0,285
bench arch manning,2025-10-26 03:55:06,arch manning,0,0,0,0,342
maybe search arch manning on here before posting this :face_with_tears_of_joy:,2025-10-26 03:55:01,arch manning,1,0,7,0,741
wrap up the arch manning experiment and try and different qb,2025-10-26 03:54:57,arch manning,0,0,13,1,772
texas.texas is really gonna lose to mississippi state and ruin a parlay. texas is ass. arch manning is ass.,2025-10-26 03:54:55,arch manning,0,1,1,0,421
arch manning stay still for a second,2025-10-26 03:54:35,arch manning,2,0,6,1,2509
so peyton manning didnt teach arch manning nothing hun:loudly_crying_face:,2025-10-26 03:54:24,arch manning,0,0,1,0,104
arch manning about to be the richest qb in college riding the bench... texas cant go on like this.. for god sakes end it already.. brutal,2025-10-26 03:54:24,arch manning,0,0,1,0,369
that ohio state win over texas is looking really piss. poor now. arch manning has been exposed all season long and the sec is looking a lot stronger than the big ten.,2025-10-26 03:54:22,arch manning,0,0,0,0,314
arch manning need to pass the sticks,2025-10-26 03:54:13,arch manning,0,0,0,0,302
so long arch manning.,2025-10-26 03:54:13,arch manning,0,0,0,0,282
im removing arch manning as my cover photo.:pensive_face::pensive_face:,2025-10-26 03:54:02,arch manning,0,0,0,0,368
lmao arch manning is trash can :loudly_crying_face:,2025-10-26 03:53:52,arch manning,0,0,0,0,294
texas pays arch manning to be ass. pretty awesome for arch,2025-10-26 03:53:42,arch manning,0,0,0,0,329
im afraid yall might be right about arch manning :face_with_bags_under_eyes:,2025-10-26 03:53:33,arch manning,0,0,0,0,302
arch manning and steve sarkisian will not be in austin next year.,2025-10-26 03:53:31,arch manning,2,1,7,0,1124
arch manning one of the most overhyped of all time,2025-10-26 03:53:25,arch manning,0,0,0,0,291
*indiana hoosiers quarterback arch manning,2025-10-26 03:53:05,arch manning,3,1,24,1,4326
arch sucks dick. the manning story is over.,2025-10-26 03:52:54,arch manning,0,0,0,0,101
"i owe quinn ewers an apology, arch manning just isnt the guy",2025-10-26 03:52:19,arch manning,0,0,1,0,484
arch manning buns,2025-10-26 03:51:59,arch manning,0,0,0,0,344
"look at texas bro. arch manning, im sorry but its so over.",2025-10-26 03:51:59,arch manning,0,1,1,0,609
arch manning may be one of the worst qbs in division 1 football. the inability to complete simple routine routes is mind boggling texas is a joke. penn state has a walkon qb that is 100x better. offer chad powers a full ride and get him from the portal.,2025-10-26 03:51:29,arch manning,1,0,3,0,1187
"blake shapen & the missippi state bulldogs about to upset arch manning & the texas longhorns, handing them their 3rd loss of the season and perhaps all but eliminating the horns from the cfp?! :eyes:",2025-10-26 03:51:16,arch manning,0,0,2,0,648
people quick to call lebron james and bronny nepotism but dont want to talk about arch manning,2025-10-26 03:51:15,arch manning,33,17,198,11,29947
i am a little surprised that arch manning is a dud,2025-10-26 03:50:54,arch manning,0,0,1,0,276
"in terms of college prospect hype, arch manning is certainly the biggest disappointment of the nil era and maybe in the history of college football. what im watching is horrific, terrible mechanics, cant lead a receiver, lacks touch on when to strong arm a throw etc.",2025-10-26 03:50:52,arch manning,1,0,6,0,1251
id fire the ad and hc that allowed a player like arch manning to hold the program hostage like he has. aint nfw hes the best qb on the roster.,2025-10-26 03:50:45,arch manning,0,0,1,0,407
"to all @ncaafootball @secfootball, if you play the longhorns @texasfootball, dont bother punting the ball. the offense sucks. they wont bench arch manning. youll be fine. just go for it!!! every. time!!!! #texaslonghorns #texasfootball #sec #secfootball #longhorns #hookem :sign_of_the_horns:",2025-10-26 03:50:41,arch manning,0,0,1,0,463
this is about to turn into the florida game as far as the shape of it where this oline is going to have to pass block for arch manning a lot.,2025-10-26 03:50:19,arch manning,3,2,18,0,3363
arch manning know yhis your last quarter as a starter for texas,2025-10-26 03:49:30,arch manning,0,0,3,0,375
our defense is packing it in. and i blame steve sarkisian bum ass and arch manning bum ass.,2025-10-26 03:49:27,arch manning,1,0,1,0,401
arch manning may have the talent of a 7th round pick #horndown,2025-10-26 03:49:05,arch manning,2,0,1,0,344
who is actually worse? arch manning or steve sarkisian for not having any stones to bench him.....even temporarily. what a joke the texas longhorns are. #texvsmsu #sec,2025-10-26 03:48:17,arch manning,1,0,4,0,1207
"im sure at the press conference theyll take offense to a reporter asking a real question, sure sark will sayvits hard to win at mississippi state or some dumb shit. im over him and this team especially arch manning #hookem",2025-10-26 03:47:31,arch manning,1,0,7,0,781
arch manning is showing that he is overrated. good offensive one or not. he holds on the ball to long. gosh he reminds me of his uncle eli.,2025-10-26 03:47:19,arch manning,0,0,2,0,521
arch manning is not an average 1st year starter that shows flashes of greatness hes historically bad even in the games hes won he hasnt looked good texas needs to consider benching him to save their season .,2025-10-26 03:47:18,arch manning,0,0,2,0,539
"when i look at arch manning just waiting behind the line and look around, doing nothing but wait for someone to tackle him. im very sad. he looks like a deer caught in the headlights. take manning out please",2025-10-26 03:47:13,arch manning,1,0,4,0,574
arch manning???????,2025-10-26 03:46:41,arch manning,0,0,1,1,567
arch manning cant execute 10% of the plays that they ran with ewers. arch manning cant even hit a slant route. the oline sucks too but i feel like sark has to call plays with one hand tied behind his back.,2025-10-26 03:46:28,arch manning,0,0,4,1,706
arch manning has completed 16 passes for 162 yards today. texas receivers have 150 yards after the catch.,2025-10-26 03:46:21,arch manning,0,0,2,0,394
does arch manning know how to read defenses???,2025-10-26 03:46:19,arch manning,1,0,1,0,264
arch manning dead ass is a 6th round pick at best,2025-10-26 03:46:04,arch manning,1,0,0,0,303
that arch manning is no longer with the program notification is about to hit,2025-10-26 03:45:41,arch manning,0,0,2,0,360
arch manning sucks!,2025-10-26 03:45:37,arch manning,0,0,0,0,279
i think im going to take the year off as a longhorns fan. arch manning is the worst quarterback in cfb,2025-10-26 03:45:37,arch manning,1,0,1,0,500
arch manning when he drops back to read coverages.,2025-10-26 03:45:30,arch manning,0,0,2,0,292
arch manning is one the worst d1 qbs i have ever seen. texas should bench him but they cant because he is getting bank from nil,2025-10-26 03:45:15,arch manning,0,0,1,0,525
arch manning can windmill now?! :exploding_head:,2025-10-26 03:45:10,arch manning,1,1,10,2,2622
arch manning and texas sad bruh,2025-10-26 03:45:09,arch manning,0,0,0,0,332
boy arch manning some ass :loudly_crying_face::face_with_tears_of_joy::loudly_crying_face::face_with_tears_of_joy:,2025-10-26 03:45:06,arch manning,0,0,1,0,239
ok all jokes aside people what does arch manning do thats good enough for him to even be considered in the nfl draft ?,2025-10-26 03:44:56,arch manning,1,0,1,0,299
id rather put my neighbors ikea furniture together than watch arch manning play football,2025-10-26 03:44:45,arch manning,5,2,28,0,3660
arch manning sucks.. i cant defend him anymore something is not right with him,2025-10-26 03:44:44,arch manning,4,2,3,0,3013
"for a kid that grew up around football his entire life, arch manning has zero game awareness at times. takes another bad sack and costs his team a fg attempt.",2025-10-26 03:44:35,arch manning,1,1,10,0,970
i know hes a manning and all but i think a benching is what is needed for arch.,2025-10-26 03:44:32,arch manning,0,0,2,1,448
if his last name was not manning he wouldnt be at texas; but he is there; and he should be fucking benched#arch manning#texas longhorns,2025-10-26 03:44:22,arch manning,1,0,1,0,471
arch manning literally takes sacks like a fucking bum he is ! he just sits in the pocket like he got all day i swear i hate this dude,2025-10-26 03:44:15,arch manning,0,0,1,0,156
arch manning anytime he plays an sec school,2025-10-26 03:44:14,arch manning,0,0,0,0,289
"arch manning has to have the lowest football iq of any other sec qb. i know he was blitzed, but you cannot take a sack there.",2025-10-26 03:44:13,arch manning,0,0,4,0,717
arch manning is so ass,2025-10-26 03:44:10,arch manning,0,0,0,0,310
arch manning is fucking awful. get this sorry ass bum off of my team.,2025-10-26 03:44:07,arch manning,1,0,4,0,471
miami hurricanes quarterback arch manning.,2025-10-26 03:44:02,arch manning,1,2,18,0,6935
out of heisman race: carson beck :chipmunk: arch manning :wastebasket: maybe still alive but need to win their game: ty simpson :elephant: diego pavia :anchor: alive and happy: fernando mendoza :italy: julian sayin :chestnut: jeremiyah love :red_heart: @bobmason200,2025-10-26 03:44:02,arch manning,0,0,2,0,678
arch manning is very bad btw,2025-10-26 03:43:59,arch manning,0,0,1,0,234
@fbidirectorkash arresting arch manning after the game @elimanning @minakimes,2025-10-26 03:43:59,arch manning,0,0,3,0,251
i dont want to hear again that arch manning is as good as his last name would say @texaslonghorns hes an average guy who doesnt do anything impressive,2025-10-26 03:43:58,arch manning,0,0,0,0,237
arch manning gets worser every week #texaslonghorns,2025-10-26 03:43:56,arch manning,0,0,1,0,282
arch manning might be the wprst qb in college no trollin,2025-10-26 03:43:55,arch manning,0,0,2,0,433
"arch manning is holding this ball for hours & hour inside the pocket, he has more time than he had against kentucky & florida but hes simply just not getting the ball out. cant see down the field, but if these are long developing plays once again then thats just bad on sark",2025-10-26 03:43:54,arch manning,0,0,0,0,33
yeah at this point please leave and take arch manning with you.,2025-10-26 03:43:49,arch manning,0,0,0,0,454
arch manning is a nepotism hire,2025-10-26 03:43:47,arch manning,0,0,0,0,230
why dont they bench arch manning he sucks :face_with_symbols_on_mouth::face_with_symbols_on_mouth::face_with_symbols_on_mouth:,2025-10-26 03:43:45,arch manning,0,0,3,0,117
its sooooo funny how the tried to convince us that arch manning was the second coming :face_with_tears_of_joy::face_with_tears_of_joy::face_with_tears_of_joy::face_with_tears_of_joy::face_with_tears_of_joy:. hes dog shit.,2025-10-26 03:43:38,arch manning,0,0,1,0,255
arch manning needs to be amputated,2025-10-26 03:43:32,arch manning,0,0,0,0,322
arch manning is sacked on 3rd and 2,2025-10-26 03:43:27,arch manning,24,9,49,3,21028
now do arch manning,2025-10-26 03:43:22,arch manning,0,0,1,0,99
nah arch manning is completely lost out there man,2025-10-26 03:43:19,arch manning,0,0,1,0,279
arch manning is jarren williams bad wow,2025-10-26 03:43:19,arch manning,1,0,0,0,524
ya im off the arch manning train. dude is struggling bad,2025-10-26 03:43:15,arch manning,0,0,3,0,787
arch manning might be one of the worst qbs in college football,2025-10-26 03:43:11,arch manning,0,0,2,0,298
wtf is arch manning looking at,2025-10-26 03:43:05,arch manning,0,0,1,0,498
nah bench arch manning man lmaooo,2025-10-26 03:43:02,arch manning,0,0,2,0,386
arch needs to sign up for that manning qb camp or something,2025-10-26 03:42:59,arch manning,0,0,3,0,231
"how tf does arch manning have 6 rush attempts, and only 4 yards :rolling_on_the_floor_laughing:",2025-10-26 03:42:45,arch manning,1,0,1,0,333
arch manning we need to talk bro:loudly_crying_face:,2025-10-26 03:42:44,arch manning,0,0,0,0,255
arch manning has been playing awful,2025-10-26 03:42:07,arch manning,0,0,0,0,215
@texasfootball what is going on with arch manning? so far he is not showing any of the manning pedigree smh,2025-10-26 03:41:59,arch manning,0,0,0,0,209
steve sarkisians offense with arch manning seems to be making a trend this season in having all of their opponents look like an opposing nick saban defense smh... terrible fall off from having the most wins in the sec the past 2 seasons #texaslonghorns,2025-10-26 03:41:41,arch manning,0,0,0,0,319
arch manning if his last name wasnt manning,2025-10-26 03:41:40,arch manning,0,0,0,0,47
i feel like the manning family is going to demand arch change to his mothers last name to lessen the humiliation.,2025-10-26 03:41:10,arch manning,0,0,0,0,54
there aint no mf way caldwell is worse than this. ive had enough of arch manning for 2025 he is trash and should not be the qb for the university of texas #hookem,2025-10-26 03:41:02,arch manning,7,1,18,0,1559
illinois vs texas in the toilet bowl this year. even sorry ass arch manning could shread this illinois defense.,2025-10-26 03:40:37,arch manning,0,0,1,0,287
arch manning is a rough watch man,2025-10-26 03:40:31,arch manning,1,0,3,0,570
then he wouldnt be arch manning plain and simple,2025-10-26 03:40:09,arch manning,0,0,1,0,496
"arch manning should transfer to indiana next year and play under a proven winner, coach cignetti. sark leaving for the nfl is definitely happening. mendoza to the draft.so pitch arch to indiana where uncle peyton is the most beloved man in the state?! just makes the most sense",2025-10-26 03:39:59,arch manning,1,0,0,0,350
gotta feel bad for arch manning at this point. dude needs a fresh start somewhere else.,2025-10-26 03:39:57,arch manning,2,0,6,0,756
the arch manning hype is no more. he needs to work out with eli and peyton manning this game vs mississippi state is ridiculous smh,2025-10-26 03:39:47,arch manning,0,0,0,0,254
i have never seen a more unmotivated or uncompetitive team in recent memory than the current texas longhorns football team. this is what happens when you overpay overgrown children. #texvsmsu #sec its 5:40 and arch manning still sucks.,2025-10-26 03:39:42,arch manning,9,3,12,1,3475
its time to bench arch manning,2025-10-26 03:39:21,arch manning,0,0,1,0,287
hate to say this as i truly looked forward to young arch manning play with all the hypeproblem is he just looks lostsadtark may have to bench him,2025-10-26 03:39:15,arch manning,0,0,0,0,304
the arch manning era at texas has been a train wreck,2025-10-26 03:39:13,arch manning,44,25,427,12,22354
arch manning really sucks at football.,2025-10-26 03:39:08,arch manning,0,0,1,0,277
i bet you the backup for arch manning better than him bro hes horrible,2025-10-26 03:39:00,arch manning,0,0,0,0,274
we gotta have a real conversation about benching arch manning.,2025-10-26 03:38:52,arch manning,0,0,1,0,95
what field is arch manning seeing today sark??,2025-10-26 03:38:52,arch manning,0,0,1,0,287
"when they bring in the backup qb in garbage time, arch manning career over.",2025-10-26 03:38:22,arch manning,0,0,0,0,345
"no arch manning slander this week , slander wingo and the rest of that sorry ass offense feet for hands receivers",2025-10-26 03:38:18,arch manning,0,0,0,0,302
they bought that arch manning stock at the top.,2025-10-26 03:38:17,arch manning,0,0,0,0,58
arch manning is overrated im sorry but the hype wasnt justified idk if he is this bad or this coach is overrated,2025-10-26 03:38:10,arch manning,0,0,1,0,398
"ive watched tsips react to qbs for a long time, if arch doesnt have manning on his jersey with all that preseason hype they wouldve called for the backup a long time ago.",2025-10-26 03:38:08,arch manning,0,0,0,0,247
you have to bench arch manning after that throw on 3rd & 2 every d1 qb in the country makes that throw,2025-10-26 03:38:02,arch manning,1,1,0,0,598
arch manning is the jemarcus russell of college football.,2025-10-26 03:37:55,arch manning,0,0,1,0,288
"arch manning cant hit simple slant passes, not a starting caliber sec qb",2025-10-26 03:37:48,arch manning,0,1,1,0,556
they gone really let arch manning lose they games hes terrible idk why i out them on my slip again,2025-10-26 03:37:47,arch manning,0,0,0,0,157
arch manning is on a full blown garrett gilbert run right now,2025-10-26 03:37:27,arch manning,3,1,12,0,784
"lol and of course arch manning cant make a simple throw, bench him im begging you bro #hookem",2025-10-26 03:37:25,arch manning,0,0,5,0,565
arch manning is terrible,2025-10-26 03:37:18,arch manning,0,0,0,0,144
k1ll arch manning this dude cant run. cant throw. cant read a defense. cant convert. hes fuckin shit,2025-10-26 03:37:17,arch manning,0,1,2,0,361
i keep waiting for arch manning to be good and its not happening,2025-10-26 03:37:13,arch manning,0,0,0,0,331
pull. arch. manning. my god its worse than watching paint dry,2025-10-26 03:37:09,arch manning,0,0,1,0,296
another week and arch manning is still dog shit.,2025-10-26 03:37:06,arch manning,0,0,0,0,308
terrible ball arch manning,2025-10-26 03:37:05,arch manning,0,0,0,0,280
arch manning is mississippi states best player,2025-10-26 03:36:54,arch manning,0,0,2,0,323
arch manning just isnt good. sorry.,2025-10-26 03:36:52,arch manning,0,0,1,0,276
arch manning is trash.,2025-10-26 03:36:50,arch manning,0,0,3,0,93
arch manning is so bad,2025-10-26 03:36:49,arch manning,0,0,1,0,268
arch manning still has not learned how to complete the layups,2025-10-26 03:36:47,arch manning,0,1,3,0,397
arch manning cant throw a slant route. i am done with him.,2025-10-26 03:36:41,arch manning,1,0,5,0,955
arch manning is a 3 star recruit. guess everyone else was right.,2025-10-26 03:35:50,arch manning,0,0,4,0,222
"forget the heisman and a national championship this season, will arch manning finish the year as the starter?",2025-10-26 03:33:30,arch manning,0,0,1,0,316
are you allowed to have the arch need to stay in school to get his degree for accounting conversation or not because you attend the manning camp?,2025-10-26 03:33:08,arch manning,0,0,0,0,429
he not coming to jets.i want arch manning,2025-10-26 03:32:43,arch manning,0,0,0,0,332
but what about arch manning and texas?...oh wait \_()_/,2025-10-26 03:32:25,arch manning,0,0,0,0,338
arch manning hate watch!!!!,2025-10-26 03:31:43,arch manning,0,0,0,0,125
shitty :rolling_on_the_floor_laughing::rolling_on_the_floor_laughing: overrated over hype piece of dog shit bottom feeding trash ass team. oh and fuck arch manning,2025-10-26 03:30:58,arch manning,0,0,2,0,293
bro said i cant coach arch manning anymore,2025-10-26 03:30:50,arch manning,0,0,0,0,446
"arch manning is a fraud, can we all just stop talking about him?",2025-10-26 03:30:24,arch manning,0,0,0,0,379
"when it was shedeur sanders during his collegiate career he was criticized a lot, but with arch its ok this is his first official year and hes a manning so hell do better next time.",2025-10-26 03:29:31,arch manning,0,0,0,0,664
arch manning might solve nepotism,2025-10-26 03:29:29,arch manning,5,4,27,1,12509
sark bench arch manning. the kid cant play,2025-10-26 03:28:58,arch manning,0,0,1,0,410
"you gotta give it up for arch manning for gutting it out. hes hurt, but trying. hook em!",2025-10-26 03:28:42,arch manning,1,0,0,0,475
the texas longhorns and arch manning playing like booty cheeks again against an unranked team! #hookem,2025-10-26 03:28:36,arch manning,1,0,0,1,640
so many people said arch manning was gonna be a star simply because of his last namei dont think hes anything close to being an nfl player,2025-10-26 03:28:27,arch manning,2,0,1,0,448
"arch manning has yet to figure out how to adjust protection. never slides the running back, tells the oline to slide, audibles, max protects, or anything.",2025-10-26 03:28:22,arch manning,1,1,1,0,343
i think its fair to wonder if sark is running from the fact that he hitched his wagon to arch manning and the kid cant play dead in a western.,2025-10-26 03:27:51,arch manning,1,0,0,0,393
new football cartoon south carolina mizzou vanderbilt ty simpson iowa arch manning ole miss oklahoma,2025-10-26 03:27:40,arch manning,0,0,0,0,735
arch manning need to change his got damn last name,2025-10-26 03:27:32,arch manning,1,1,0,0,563
"sark will be coaching the titans next year, and arch manning will be wearing a different uniform. mark my words!",2025-10-26 03:27:24,arch manning,0,0,1,0,385
arch manning & matt zollers :globe_showing_americas::droplet: choose comfort that cares! scott comfortplus toilet paper delivers softness & strength while supporting ecofriendly living. made with responsibly sourced materials to help protect our planet. get yours now :backhand_index_pointing_right: #ecofriendly,2025-10-26 03:26:42,arch manning,0,0,0,0,127
dear arch manning: how long will it take you to realize on 3rd down they are going to send pressure and you cant just stand there :grinning_squinting_face:,2025-10-26 03:26:42,arch manning,1,2,0,0,556
arch manning is the biggest fraud. we went from the hype of an undefeated season heismen national championship to dam he gonna end up on the browns lol,2025-10-26 03:26:18,arch manning,2,1,3,0,419
chatgpt show me arch manning getting his professional doctorate in dentistry,2025-10-26 03:25:50,arch manning,0,0,0,0,109
arch manning is a bust. sark is an idiot. oline is weak. defense is useless. biggest program in the country. what an embarrassment.,2025-10-26 03:25:47,arch manning,0,0,1,0,416
arch manning at halftime: :brick: 99 passing yards :brick: 2 total tds :brick: 1 int texas is losing 2414 to unranked mississippi state :cold_face: #arch,2025-10-26 03:24:51,arch manning,0,0,3,0,495
if only the warby parker nil deal helped arch manning read the defense better.,2025-10-26 03:24:50,arch manning,0,1,1,0,428
arch manning the seller of all parlays,2025-10-26 03:24:30,arch manning,0,0,3,0,677
done with this team steve sarkisian go ahead and leave to the nfl while you still can this shitty ass team is going to cost you your job. oh and fuck arch manning! and fuck all the texas alumni boosters that push for this clown. you should get your nil money back from this ass,2025-10-26 03:24:15,arch manning,0,0,0,0,164
"is arch manning the most overrated prospect of alltime, regardless of sport?",2025-10-26 03:24:15,arch manning,1,0,1,0,1053
this #arch manning does not seem to be improving. #hookem #bulldogs #msu #espn #cfb #texas,2025-10-26 03:23:29,arch manning,0,0,1,0,446
sort of looks like that arch manning high school tape,2025-10-26 03:23:18,arch manning,0,0,0,0,328
"im sure arch manning is a great guy, but my godsark has got to try something else",2025-10-26 03:23:14,arch manning,0,0,0,0,610
"arch manning and texas are awful, just fuck off",2025-10-26 03:22:58,arch manning,0,0,1,0,328
arch manning wouldnt even be starting for ball state if his name wasnt manning.,2025-10-26 03:22:47,arch manning,0,1,0,0,446
listen to me.arch manning stinks. ok? no wonder sark putting out the bat signal that hes ready to get up outta there,2025-10-26 03:21:40,arch manning,0,0,0,0,309
you heard it here first  arch manning will get drafted lower than the vaunted shadeur sanders was  it at all!,2025-10-26 03:21:39,arch manning,0,0,0,0,2
"if you actually know football you would know that arch manning actually played pretty good in the first half. two major drops, and terrible oline play is the real story for this game.",2025-10-26 03:21:16,arch manning,0,0,1,0,283
arch manning is not good ive seen enough sark just doesnt want to bench him this season because he knows hed transfer,2025-10-26 03:21:02,arch manning,0,0,0,0,337
"arch manning is a fraud, the crowd saying give him more time!! does not exist anymore.",2025-10-26 03:21:00,arch manning,0,0,0,0,256
when arch manning gone have a breakout game,2025-10-26 03:20:07,arch manning,0,0,0,0,271
"hello, my name is arch manning qb for the texas longhorns. i am coming out to say that i was part of the mafia sports betting scandal @fbidirectorkash",2025-10-26 03:19:35,arch manning,0,1,3,0,508
how ass is arch manning?,2025-10-26 03:19:11,arch manning,1,0,7,0,1105
arch arch manning showing off his arm strength #arch,2025-10-26 03:18:34,arch manning,0,0,1,1,262
he better hope the gm isnt an arch manning fan,2025-10-26 03:18:22,arch manning,0,0,0,0,276
arch manning is the jamarcus russell of the sec.,2025-10-26 03:18:20,arch manning,0,0,8,0,451
imagine if arch manning was broke and had to work harder to get better and not be a nepo baby with millions from nil already.............,2025-10-26 03:18:04,arch manning,6,7,93,5,42067
arch manning is trash bro :face_with_tears_of_joy: yall really hyped this kind,2025-10-26 03:17:53,arch manning,0,0,1,0,240
"arch manning doesnt play defense, whats their problem?",2025-10-26 03:16:54,arch manning,0,0,10,0,2141
arch manning is not ready for prime time. i think sark is stuck between a rock and a hard place... and so are we.,2025-10-26 03:16:45,arch manning,0,0,1,0,280
ppl should not be let off the hook for having arch manning #1 in mock drafts and gaslighting anyone that questioned it.,2025-10-26 03:16:45,arch manning,0,1,1,0,379
im talking about the game. and hes losing again. arch manning is a wr trying to play qb,2025-10-26 03:16:39,arch manning,1,0,1,0,270
at what point does the arch manning experiment end in @texasfootball ? too much money invested to quit?,2025-10-26 03:16:30,arch manning,0,0,2,0,289
all that arch manning #1 shit out the window aint it.. backup probably like that,2025-10-26 03:16:15,arch manning,1,0,1,0,258
"qb busts happen from ncaaf > nfl. rarely do they happen this bad from hs > ncaaf. arch manning is truly abysmal. theres literally nothing he does thats average. theres no way he should have even been a 3 star , let alone generational. #hookem",2025-10-26 03:16:11,arch manning,0,0,0,0,270
would you rather have fields or arch manning as your starting qb?,2025-10-26 03:14:54,arch manning,1,0,0,0,702
arch manning in the first half: 99 yards 12/19 1 td 1 int is texas in trouble?,2025-10-26 03:14:45,arch manning,22,11,71,0,62827
arch manning = garrett gilbert.,2025-10-26 03:14:43,arch manning,0,0,0,0,374
"after the pick by qb arch manning, its the longhorns defense thats now taking on water. mississippi state leads 2414 at halftime. and theres not much to say. :television: secn",2025-10-26 03:14:16,arch manning,0,1,4,1,678
arch manning isnt very good.,2025-10-26 03:14:01,arch manning,0,0,2,0,444
"it is really quite simple. if arch manning has the time, he can make this offense do some special things. but this offensiveline is a major achilles heel of this team, and that does look likely to get any better",2025-10-26 03:13:18,arch manning,1,0,1,0,306
"college football is great because arch manning can be declared the heisman favorite and future #1 pick without starting a meaningful game... then 8 games in, hes significantly worse than bear bachmeier. honestly, bear should be insulted by this comparison. hes that much better.",2025-10-26 03:13:17,arch manning,0,1,3,0,687
maybe talk about how average arch manning is.,2025-10-26 03:12:54,arch manning,1,0,1,0,393
99 pass yards with 97 yac :loudly_crying_face::loudly_crying_face::loudly_crying_face::loudly_crying_face::loudly_crying_face: arch manning is ass :loudly_crying_face::loudly_crying_face::loudly_crying_face::loudly_crying_face::loudly_crying_face:,2025-10-26 03:12:43,arch manning,0,1,1,0,86
somehow this is arch mannings fault :man_shrugging:,2025-10-26 03:12:26,arch manning,0,0,1,0,263
your twitter name is literally arch wtf was that manning :face_with_tears_of_joy::face_with_tears_of_joy::face_with_tears_of_joy:,2025-10-26 03:11:45,arch manning,0,0,0,0,329
@espn why not shots of the manning family in the stands when arch struggles?,2025-10-26 03:11:32,arch manning,0,0,0,0,172
"fire the coach get rid of the defensive coordinator clean house and get rid of arch manning because he is all life hes not related to peyton or eli. this guy cannot read defenses. he cannot play the game the way its supposed to. he cant even last in college, let alone the pros",2025-10-26 03:11:28,arch manning,0,0,0,0,268
2nd year arch manning was widely projected as a generational talent with the quarterback lineage vs shapen. but i know the arch label is now being challenged due to his limited recent struggles. i know theres something in arch hes got to just start playing better.,2025-10-26 03:11:01,arch manning,0,0,0,0,237
overrated arch manning,2025-10-26 03:10:46,arch manning,0,0,1,0,524
good fire the bum. he knows arch manning fucking sucks.,2025-10-26 03:09:42,arch manning,0,0,1,0,275
just checking inhows that arch manning heisman season going?,2025-10-26 03:09:28,arch manning,0,0,1,0,389
arch manning at half vs mississippi state: 12/19 99 yards 1 tuddy 1 donation one of the biggest college football heists in recent memory. @realapp,2025-10-26 03:08:29,arch manning,1,0,4,0,810
arch manning peeefuucckkiinngggyyeeewwwww,2025-10-26 03:08:22,arch manning,0,0,0,0,252
arch manning if he wasnt related to peyton and eli manning,2025-10-26 03:07:49,arch manning,9,14,112,15,44623
@sheponair arch manning dude is overrated and i dont wanna hear it from you anymore about this guy,2025-10-26 03:07:46,arch manning,0,0,1,0,321
arch manning is not as advertised.,2025-10-26 03:07:31,arch manning,0,0,0,0,493
"im starting to see that arch manning isnt bad its really his offensive line thats terrible and cant give him more then 2 seconds to throw the ball smh, texas needs a better o line and theyll be solid smh :man_facepalming:",2025-10-26 03:07:12,arch manning,0,0,5,0,691
arch manning will look great in a st. louis battlehawks jersey :fire:,2025-10-26 03:07:09,arch manning,0,1,0,0,319
"at halftime: arch manning is 12/19 w/ 99 yards. the 2nd play of the game was a 60 yard now pass that went for a td. outside of that play, arch is 11/18 with 39 yards. this texas offense can lose to anybody. this texas defense can beat anybody. every week is ugly and chaotic.",2025-10-26 03:06:56,arch manning,64,18,340,7,43883
arch manning and lane kiffin are gonna be dangerous in the swamp next year,2025-10-26 03:06:52,arch manning,0,0,0,0,326
i just got home..how bad is arch manning looking today? my goodness.,2025-10-26 03:06:45,arch manning,0,0,1,0,979
arch manning flex on grad students at low tier schools but fold the second he plays comp what a pathetic fucking player,2025-10-26 03:06:29,arch manning,0,0,0,0,301
arch manning (not good at sports) holy fuck i should have faded them,2025-10-26 03:06:19,arch manning,0,0,0,0,259
arch and the manning family should be livid with the team surrounding him this year,2025-10-26 03:06:14,arch manning,0,0,1,0,207
"who would you trust to qb your team: arch manning, jeff lockie or braxton burmeister?",2025-10-26 03:06:02,arch manning,0,0,0,0,197
arch manning starting at qb for texas.,2025-10-26 03:04:57,arch manning,0,1,1,0,346
cant believe i hyped up arch manning being drafted to new orleans last year that nigga so ass :loudly_crying_face::loudly_crying_face::loudly_crying_face::loudly_crying_face:,2025-10-26 03:04:40,arch manning,0,0,3,0,361
arch manning at halftime: :brick: 99 passing yards :brick: 2 total tds :brick: 1 int texas is losing 2414 to unranked mississippi state :cold_face:,2025-10-26 03:04:38,arch manning,23,10,265,7,32039
university of louisianamonroe qb arch manning,2025-10-26 03:04:24,arch manning,1,0,1,0,265
if archs last name wasnt manning he wouldnt sniff an nfl team. im interested to see if a gm takes the leap on him in the late rounds (in 2027) simply on his name.,2025-10-26 03:04:14,arch manning,0,0,0,0,214
"halftime, mississippi state leads texas 2414. this is a good ut defense, the bulldogs have put 281 yards up on them. defensively, state has made arch manning miserable, constant pressure.",2025-10-26 03:04:13,arch manning,0,2,11,1,2786
is arch manning horrible?,2025-10-26 03:03:57,arch manning,1,0,2,0,633
arch manning.. disgracing the family name every weekend lol,2025-10-26 03:03:39,arch manning,0,0,2,0,278
"arch manning is going to come out in the second half looking like a heisman contender, right?",2025-10-26 03:03:13,arch manning,1,0,1,0,330
"arch manning was involved in sports gambling, look into it @ncaa",2025-10-26 03:03:10,arch manning,0,0,0,0,263
arch manning is playing like ass against mississippi state. he is crumbling under pressure. if his last name wasnt manning texas would be making a change at qb #longhorns #hookem #collegefootball #collegegameday #mississippistate,2025-10-26 03:03:09,arch manning,0,0,8,0,777
miss state +7 2h i promise you this hits. arch manning is ass and texas never was back. longhorns dog shit today . easiest bet ever,2025-10-26 03:03:08,arch manning,0,0,0,0,412
how ass is arch manning,2025-10-26 03:02:00,arch manning,1,3,19,6,6748
arch manning masterass game :fire::fire::fire::fire: can only beat up on weak teams :check_mark_button:,2025-10-26 03:01:56,arch manning,1,0,2,0,699
arch manning is the reason,2025-10-26 03:01:39,arch manning,0,0,1,0,232
"arch manning is a bum, plain and simple.",2025-10-26 03:01:33,arch manning,0,0,1,0,242
"steve needs to pull arch & start surveying his other qbs abilities in the face of adversity. let your nuts hang steve, and stop pleasure seeking the manning hype. this is ridiculous and eomething needs to change :unamused_face:",2025-10-26 03:01:32,arch manning,0,0,1,0,204
2nd quarter quarterback efficency ratings arch manning: 88.4 blake shapen: 289.5 thats the worst of both worlds for the longhorns.,2025-10-26 03:01:30,arch manning,9,7,84,0,8690
our offensive line is not the best. but arch manning causes a lot of sacks.. because he holds the ball too long because he struggles to read coverages.,2025-10-26 03:01:18,arch manning,0,0,1,0,215
"when your star qb is mid manning....i mean, arch manning, its easy to fall into that delusion.",2025-10-26 03:01:06,arch manning,0,0,2,0,241
funnily enough arch manning is the only redeemable thing about this offense. lol,2025-10-26 03:00:50,arch manning,6,8,223,2,8336
ryan williams and arch manning are two of the most hyped college players and they both are complete :pile_of_poo:,2025-10-26 03:00:44,arch manning,0,0,1,0,343
texas allows 24 first half points to mississippi st. it seems a lifetime ago arch manning was the heisman preseason favorite and they were #1 ranked preseason as well. if they lose today they will fall all the way out of the top 25. @coachandco,2025-10-26 03:00:36,arch manning,5,0,2,0,2486
i hope arch manning transfers to play qb for james franklin so we can get the worlds shittiest 57 hype train,2025-10-26 03:00:36,arch manning,1,0,17,0,1807
arch manning biggest bust of the year #collegefootball #texaslonghorns,2025-10-26 03:00:27,arch manning,0,0,1,0,196
how bad is arch manning? #hookemhorns,2025-10-26 03:00:26,arch manning,0,0,1,0,94
"photos: mississippi state football vs texas, blake shapen vs arch manning see top photos",2025-10-26 03:00:15,arch manning,1,0,0,0,1272
i cant do this anymore. arch manning is genuinely ass,2025-10-26 03:00:14,arch manning,0,1,1,0,648
id probably pay more attention to the state game if it didnt hurt so bad to watch arch manning play quarterback,2025-10-26 03:00:08,arch manning,0,0,4,0,499
yall are awfully quiet today about arch manning stinking it up today against miss state,2025-10-26 03:00:06,arch manning,0,0,0,0,465
arch manning do 12 bird wing flaps before each play. then throw the most inaccurate pass on the planet.,2025-10-26 03:00:02,arch manning,2,1,9,0,2800
ryan williams and arch manning when it comes to letting their teams down this year,2025-10-26 02:59:56,arch manning,7,7,193,8,55769
arch manning at halftime:  99 passing yards  2 total tds  1 int texas is losing 2414 to unranked mississippi state at halftime :cold_face: how do we feel about the redshirt sophomore?,2025-10-26 02:59:51,arch manning,1,2,14,0,5480
"at this rate, saints gonna be able to get arch manning in free agency. texas not very good, mississippi state playing great",2025-10-26 02:59:21,arch manning,1,0,0,0,212
it just isnt happening this year. this ol just cant do arch any favors its so bad. the defense can only do so much. we arent winning with this ol/manning combo. time to play spoiler against big opponents,2025-10-26 02:59:16,arch manning,0,0,0,0,137
"analysts are mixed on arch mannings 2026 nfl draft stock amid his uneven 2025 season (60% completion, 11 tds, 5 ints). espns dan orlovsky calls him a top longterm prospect. vinnie iyer (sporting news) projects top5 pick, possibly in 2027 if he returns. others like nick",2025-10-26 02:59:12,arch manning,1,0,1,0,213
why does arch manning suck?,2025-10-26 02:59:12,arch manning,1,0,1,0,206
arch manning sucks shedeur was way better than him in college,2025-10-26 02:58:57,arch manning,0,0,0,0,202
"if shedeur sanders was a 5th round pick, then arch manning is a undrafted free agent.",2025-10-26 02:58:53,arch manning,1,1,3,1,614
arch manning wouldnt win awards if he played with high schoolers,2025-10-26 02:58:52,arch manning,0,0,0,0,163
arch manning sucks. ryan wingo sucks. tre wisner sucks. steve sarkisan fucking sucks.,2025-10-26 02:58:37,arch manning,2,1,4,0,779
if texas doesnt have a better option than arch manning then they better find one.,2025-10-26 02:58:24,arch manning,1,0,1,0,685
@grok what are football analysts saying about arch manning and his draft stock?,2025-10-26 02:58:17,arch manning,1,0,0,0,190
yeah man it pains me to say this but arch would be doing this if his last name wasnt manning. lets be honest.,2025-10-26 02:58:10,arch manning,1,0,6,0,1606
"sark take your hoe ass to the nfl, give arch manning a better coach.",2025-10-26 02:58:07,arch manning,0,0,3,0,414
blake shapen is so much better than arch manning its not even funny,2025-10-26 02:57:59,arch manning,0,0,1,0,226
where is @barstooltexas right now? sure are mighty quiet with the elite arch manning at the helm. #overrated,2025-10-26 02:57:57,arch manning,1,0,1,0,239
arch manning is trash :face_with_tears_of_joy::face_with_tears_of_joy:,2025-10-26 02:57:54,arch manning,0,0,1,0,200
arch manning is ass,2025-10-26 02:57:51,arch manning,0,0,1,0,212
the arch manning texas year has to go down as one of the biggest bust years of all time in any sport,2025-10-26 02:57:51,arch manning,0,0,1,0,399
"arch manning, get ready to learn used car salesman, buddy",2025-10-26 02:57:50,arch manning,0,2,2,0,4825
im sick of this offensive line. im sick of arch manning,2025-10-26 02:57:48,arch manning,0,0,2,0,469
"on the live @_svpod last saturday, @notthefakesvp gave the most honest analysis of arch manning ive heard. its spot on if youve watched the first half from stark vegas. (also, you gotta watch the live pod. saturdays in the fourth window.)",2025-10-26 02:57:40,arch manning,0,0,0,0,225
after kash patel went to arkansas to arrest jackson arnold he turned right around and shot to texas to capture arch manning,2025-10-26 02:57:13,arch manning,0,0,0,0,268
my biggest issue with sark has always been these east to west plays and minimal north to south plays. all that trickery can be annoying. oh and arch manning sucks.,2025-10-26 02:56:59,arch manning,0,0,1,0,234
at what point does arch manning get benched this dude is just not good,2025-10-26 02:56:58,arch manning,0,0,1,0,212
7 games of arch manning and hes doing anything to get out of town.,2025-10-26 02:56:57,arch manning,1,2,10,0,1003
the media said that and that arch manning is a generational talent :person_shrugging:,2025-10-26 02:56:54,arch manning,0,0,0,0,55
"arch manning is going to make sark move on, hes over it",2025-10-26 02:56:37,arch manning,1,0,3,0,591
arch manning gotta hit the bench. the last name has taken him far enough.,2025-10-26 02:56:36,arch manning,1,2,10,0,1103
arch manning needs to learn from his uncles and just take the sack sometimes. he be killing his team flipping the ball out to a guy 10 yards behind the line,2025-10-26 02:56:36,arch manning,0,0,1,0,171
how bad is arch manning in texas.? i cant believe hes still starting.,2025-10-26 02:56:30,arch manning,0,0,0,0,194
i want arch manning off my fucking football team!!!! #texasfootball #texaslonghorns,2025-10-26 02:56:24,arch manning,0,0,1,0,209
texas might fire arch manning lol,2025-10-26 02:56:22,arch manning,0,0,4,0,252
97 out of arch mannings 99 passing yards are after the catch. i dont think ive ever seen something like that :loudly_crying_face:,2025-10-26 02:56:15,arch manning,1,2,10,1,1681
arch manning my god,2025-10-26 02:56:08,arch manning,0,0,1,0,160
arch manning is far from a number 1 pick the fact that he was even considered a number 1 pick is a laugh in itself .,2025-10-26 02:56:06,arch manning,0,0,1,0,208
"chatgpt #nfl mock draft 1. caleb downs, s (titans) 2. dante moore, qb (jets) 3. arch manning, qb (saints) 4. kadyn proctor, ol (lvr) 5. peter woods, dl (miami) 6. keldric faulk, edge (browns) 7. jeremiyah love, rb (arizona) 8. jordyn tyson, wr(ravens) 9. spencer fano, ol (texans)",2025-10-26 02:55:55,arch manning,0,1,1,0,1289
arch manning being a bum wasnt on my bingo card this year,2025-10-26 02:55:34,arch manning,0,0,1,0,169
time to bench arch manning good lord:loudly_crying_face:,2025-10-26 02:55:24,arch manning,1,0,13,0,4587
arch manning might stink,2025-10-26 02:55:22,arch manning,0,0,2,0,232
arch manning not it,2025-10-26 02:55:06,arch manning,0,0,2,0,166
every arch manning statline is the same,2025-10-26 02:55:05,arch manning,0,0,1,0,178
we have mississippi state out here looking like a juggernaut. defense is tired because our offense keeps them on the field. because they are so trash. and that starts with steve sarkisian and arch manning.,2025-10-26 02:54:55,arch manning,0,0,1,0,310
"lmao and here we are again, a week later, talking about how bad of a qb arch manning is, again!!! and dont get me started on steve choker sarkisian. texas football needs to clean house immediately! i am so beyond tired of this weak ass team :face_with_tears_of_joy:",2025-10-26 02:54:47,arch manning,3,1,5,0,1336
its so much fun sacking arch manning.,2025-10-26 02:54:29,arch manning,0,0,3,0,651
arch manning gonna be at fresno state next year,2025-10-26 02:54:23,arch manning,1,1,1,0,251
what was arch manning doing this offseason??,2025-10-26 02:54:19,arch manning,4,0,8,1,1386
how is arch manning still starting? hes horrendous,2025-10-26 02:54:11,arch manning,1,1,2,0,335
texas is cooked. arch manning is aj swann with clout. the manning name cant carry him his whole life,2025-10-26 02:54:09,arch manning,0,1,5,0,2935
"arch manning is a d3 or naia qb, at best :wastebasket:",2025-10-26 02:53:59,arch manning,0,0,1,0,298
texas are the most fraudulent retarded fucks ive ever watched play football. arch is putting the manning name to shame.,2025-10-26 02:53:57,arch manning,0,0,4,0,494
i think arch manning is less than advertised. maybe all the ad revenue has affected his ability.,2025-10-26 02:53:49,arch manning,1,0,1,0,182
arch manning might not be the guy,2025-10-26 02:53:43,arch manning,0,0,0,0,183
but but but arch manning is the savior,2025-10-26 02:53:42,arch manning,1,0,8,0,521
"lol texas.absolute fucking bums!!! horrible play calling, horrible coaching, horrible qb play and now a dog shit defense!!! arch manning is a fraud and this team is cooked!!!!",2025-10-26 02:53:40,arch manning,0,0,0,0,230
arch manning just isnt good at football,2025-10-26 02:53:40,arch manning,0,0,2,0,426
arch manning heisman winning qb under mario cristobals quarterback rehabilitation program,2025-10-26 02:53:37,arch manning,1,0,0,0,689
never been anyone as overrated as arch manning  playing this season more like arch(ie) bunker...@texasfootball :american_football:,2025-10-26 02:53:35,arch manning,0,0,0,0,204
arch manning is dead to me.,2025-10-26 02:53:25,arch manning,1,1,0,0,1892
i thought arch manning was supposed to be good? this guy should not be drafted higher than shadeuce saunders. :man_shrugging:,2025-10-26 02:53:19,arch manning,1,0,0,0,147
i stand corrected blake shape looks 100% better than arch manning:face_with_tears_of_joy::face_with_tears_of_joy::face_with_tears_of_joy: fuckin bozo clown university they built on the 40 acres. got retards calling themselves pe cowboys never worked a hard day in your life. soft hands. lmao,2025-10-26 02:53:14,arch manning,1,0,0,0,50
i need steve sarkisian and his offensive guru label outta here. and take arch manning with him.,2025-10-26 02:53:14,arch manning,0,4,6,0,1178
blake shapen the mississippi state qb is making arch manning look like he needs to go back to the manning passing academy. arch has got to step his game up.,2025-10-26 02:53:06,arch manning,1,0,2,0,342
arch manning is bad or is it juss texas overall?!,2025-10-26 02:53:02,arch manning,1,0,0,0,193
fuck ut football and fuck arch manning,2025-10-26 02:52:54,arch manning,0,0,0,0,363
like ive been saying arch manning struggles to read defensive coverages.,2025-10-26 02:52:30,arch manning,2,0,2,0,579
texas offense is hot garbage. at what point do you bench arch manning? gotta think about whats best for the rest of the team.,2025-10-26 02:51:29,arch manning,2,1,14,0,1482
i dont care anymore arch manning is the most overrated fucking player ever this team blows cock,2025-10-26 02:51:21,arch manning,0,0,0,0,76
"if his last name was not manning, arch manning would be playing at citadel..#arch manning#texas longhorns",2025-10-26 02:51:04,arch manning,1,1,5,0,824
arch manning and texas. not good at all.,2025-10-26 02:50:37,arch manning,0,0,2,0,283
arch manning very well might have a processing problem. the game is moving way to fast for him its kinda shocking,2025-10-26 02:50:21,arch manning,1,1,9,0,675
ut boosters have to be fuming watching arch manning play,2025-10-26 02:50:19,arch manning,1,1,7,0,833
freshmen or not arch manning doesnt have the tools to be a good qb i just cant see him going up against elite colleges and winning .,2025-10-26 02:50:13,arch manning,1,0,3,0,710
arch is so fucking bad man. its truly remarkable how bad he is. another wide open receiver. with time mind you missed by manning. take his ass off the field and show him the door,2025-10-26 02:50:06,arch manning,0,0,3,0,293
arch manning really should get with @selectqb asap. im so serious. darrell would get arch right in no time.,2025-10-26 02:49:53,arch manning,2,2,11,0,749
time for the arch manning hate watch,2025-10-26 02:49:52,arch manning,0,0,0,0,235
arch manning is generational shitty,2025-10-26 02:49:45,arch manning,1,1,1,0,218
arch manning has too much faith in his offensive line. get it out!!,2025-10-26 02:49:32,arch manning,0,0,0,0,231
arch manning gone be cold af for mcnesse state next year,2025-10-26 02:49:28,arch manning,1,0,1,0,231
"i feel bad for archie manning. he finished top 4 in heisman voting multiple times, was the second overall pick in the nfl. but his name gets disgraced with arch",2025-10-26 02:49:22,arch manning,0,0,0,0,507
"arch manning is legit bad. what a hilarious story, all because the insanely smart media (of people who never even played/coached at a high level) said he was the best player in the country.",2025-10-26 02:49:09,arch manning,0,0,15,0,1752
arch manning youre so shit please go keys,2025-10-26 02:48:57,arch manning,0,0,1,0,237
arch manning should start looking into another career,2025-10-26 02:48:54,arch manning,0,0,2,0,240
"arch manning is sacked, again",2025-10-26 02:48:43,arch manning,15,3,92,4,9302
bench arch manning the backup cant be any worse,2025-10-26 02:48:38,arch manning,1,0,6,0,577
arch manning #enjoylowes,2025-10-26 02:48:33,arch manning,0,1,0,0,273
another week the entire world gets evidence that arch manning is adopted.,2025-10-26 02:48:33,arch manning,0,0,9,0,981
texas fans are quick to blame the oline but arch manning constantly holds on tn the ball longer than he should.,2025-10-26 02:48:32,arch manning,1,1,7,0,823
arch manning starting to melt down in cowbell country!,2025-10-26 02:48:21,arch manning,0,0,1,0,277
is arch manning point shaving? he just walked straight into that sack. nice point shaving the first half,2025-10-26 02:48:21,arch manning,0,1,1,0,221
arch manning would probably wreck shop at a school like sam houston st.,2025-10-26 02:48:16,arch manning,0,0,0,0,185
arch manning sacked by nic mitchell.,2025-10-26 02:48:11,arch manning,0,0,1,0,294
u know things are bad for arch manning when he isnt trending on twitter while being down against mississippi state with an int and 90 yards passing,2025-10-26 02:47:53,arch manning,1,0,2,0,385
i hate arch manning. #hookemhorns,2025-10-26 02:47:01,arch manning,0,0,1,0,184
"if im archie manning, im pissed off that arch was named after me",2025-10-26 02:44:53,arch manning,0,0,5,0,497
"texas longhorn fans, hows arch manning looking?",2025-10-26 02:44:48,arch manning,1,1,2,0,378
arkansas defense really gonna bring hope to arch manning fans,2025-10-26 02:44:32,arch manning,0,0,1,0,239
arch manning looks as bout as comfortable as a porcupine back in the pocket... goodness,2025-10-26 02:44:32,arch manning,0,0,0,0,218
arch manning generational arm strength :fire::fire:,2025-10-26 02:43:55,arch manning,1,0,5,0,4145
"this texas team is very flawed. arch manning hasnt been great, but my lord this team is struggling from top to bottom. #texaslonghorns #texas",2025-10-26 02:43:40,arch manning,0,0,0,0,299
"texas vs ms state:beating_heart::beating_heart::beating_heart: after 10 plays, texas quarterback arch manning finds parker livingstone on a 1yard dump touchdown pass with 12:41 left in the half. current score: texas 14 mississippi state 7. #eatemup#thisistexas #hookem get more link",2025-10-26 02:43:01,arch manning,0,0,0,0,18
if his last name wasnt manning this arch kid would be a doordasher,2025-10-26 02:42:31,arch manning,1,0,4,0,451
"i realize its been said a lot, but goddamn i still cant believe how ass arch manning is. one of the biggest conjobs in sports history.",2025-10-26 02:42:26,arch manning,51,23,680,11,79240
"after an arch manning interception, @hailstatefb takes the lead on a fg! @hailstatefb 17 @texasfootball 14",2025-10-26 02:42:07,arch manning,0,1,1,0,1325
@texasfootball replace arch manning! cant hit a receiver in stride. sucks as quarterback!,2025-10-26 02:41:50,arch manning,0,0,3,0,320
"a pass bounces off of parker livingstones hands, and you guys immediately go to the, arch manning sucks. narrative?",2025-10-26 02:41:40,arch manning,0,0,2,1,506
arch manning showing off his arm strength :fire::fire:,2025-10-26 02:41:27,arch manning,48,54,961,33,110429
kelley jones right place right time tough drop leads to an arch manning pick,2025-10-26 02:41:19,arch manning,2,4,43,3,6002
im not sure arch manning could flip whoppers correctly,2025-10-26 02:41:08,arch manning,2,2,22,0,4265
"at this point, arch manning might as well apply for a job at the krusty krab!!",2025-10-26 02:41:00,arch manning,2,0,2,0,272
"@texaslonghorns replace arch manning! he cannot hit a receiver in stride! either behind, at their feet or over their head. im sure there are some high school players better than him!",2025-10-26 02:40:46,arch manning,0,0,1,0,260
arch manning works for al qaeda,2025-10-26 02:40:40,arch manning,0,0,1,0,202
arch manning is horrible at football. i think the backups are probably better than this kid,2025-10-26 02:40:37,arch manning,0,0,0,0,199
you have to bench manning. arch is a liability,2025-10-26 02:40:36,arch manning,1,0,3,0,402
texas is bad arch manning stinks sark is going to the nfl texas is a dead program walking at this point. a program that was one win was from a national championship a year ago. some are saying the buckeyes buried the program.,2025-10-26 02:40:21,arch manning,0,0,2,0,312
"mississippi state picks off arch manning, making it 8 straight games with an int for the bulldogs.",2025-10-26 02:40:17,arch manning,0,0,0,0,99
arch manning really isnt him :face_with_tears_of_joy:,2025-10-26 02:40:14,arch manning,0,0,1,0,204
"mississippi state football vs texas, blake shapen vs arch manning see top photos",2025-10-26 02:40:08,arch manning,0,0,0,0,490
arch manning is fucking retarted,2025-10-26 02:40:08,arch manning,0,0,3,0,279
kelley jones intercepts arch manning! its still just as complicated for texass offense.,2025-10-26 02:40:01,arch manning,0,0,1,1,481
arch manning might be the most overrated college prospect of this generation,2025-10-26 02:39:58,arch manning,60,17,164,13,59165
arch manning deep down field completion ( to the other team),2025-10-26 02:39:51,arch manning,5,2,23,0,5387
and arch manning is picked off,2025-10-26 02:39:32,arch manning,31,63,1204,25,234249
the fbi also needs to investigate every espn commentator and talking head who told us arch manning was pro caliber and a heisman front runner in the off season,2025-10-26 02:39:29,arch manning,0,0,2,0,187
almost went a full half without an arch mannings roommate reference.,2025-10-26 02:39:15,arch manning,0,0,2,0,462
oh no arch manning,2025-10-26 02:39:12,arch manning,3,4,9,0,2328
arch manning interception hit,2025-10-26 02:39:01,arch manning,0,0,2,0,427
arch manning ruins my saturdays :expressionless_face:,2025-10-26 02:39:00,arch manning,0,0,3,0,191
i despise arch manning.,2025-10-26 02:38:29,arch manning,0,0,2,0,249
arch manning is moose piss rather have trent at qb,2025-10-26 02:38:24,arch manning,0,1,1,0,398
"death, taxes and a government mandated arch manning interception",2025-10-26 02:38:07,arch manning,0,0,5,0,412
arch manning is the most overrated player in recent cfb history,2025-10-26 02:38:05,arch manning,25,16,227,8,58210
imo arch manning is the most overrated qb of the last 10 years...,2025-10-26 02:37:59,arch manning,1,1,6,0,1758
"beautiful interception, arch manning. notice how he doesnt even care when he walks off the field. hes getting his $6 million.",2025-10-26 02:37:58,arch manning,0,0,1,0,345
arch manning int after the ball deflects off of livingstones hands,2025-10-26 02:37:52,arch manning,12,3,59,4,16958
arch manning is not a very good quarterback.,2025-10-26 02:37:47,arch manning,2,0,2,0,395
longhorns qb arch manning throws an interception on a pass dropped by parker livingstone. mississippi state db kelley jones play gives the bulldogs the football in texas territory.,2025-10-26 02:37:41,arch manning,6,3,49,0,6943
texas offense is awful!!! arch manning ass to but his offensive line dont help at all they stink to,2025-10-26 02:37:40,arch manning,0,0,1,0,272
another arch manning interception,2025-10-26 02:37:33,arch manning,1,0,2,1,429
texas has to bench arch manning? do you just want to ignore how awful he is? all the time in the world and he is throwing picks on 1st and 10 because he simply cant play quarterback. it is time to move on texas. he is awful!!!!,2025-10-26 02:37:22,arch manning,1,0,3,0,688
arch manning fires a deep ball that it is off livingstones hands and is picked off. state takes over in texas territory.,2025-10-26 02:37:21,arch manning,0,0,2,0,405
bro get arch manning and this bum ass texas offense off my fucking tv! make a fucking catch bro! holy shit,2025-10-26 02:37:19,arch manning,1,0,4,0,423
arch manning sucks bruh.,2025-10-26 02:37:15,arch manning,0,0,2,0,247
arch manning is trash,2025-10-26 02:37:14,arch manning,0,0,3,0,601
and arch manning is picked off by kelly jones hahahaha,2025-10-26 02:37:11,arch manning,0,4,47,0,2558
arch manning is bad at this stage of his career,2025-10-26 02:37:09,arch manning,1,0,3,0,859
neither is arch manning,2025-10-26 02:37:08,arch manning,0,0,0,0,235
"arch manning i cant be mad at you he dropped it , but texas as a whole is ass",2025-10-26 02:37:08,arch manning,0,0,1,0,258
arch manning fucking junk lmfaooo,2025-10-26 02:37:06,arch manning,0,0,2,0,329
arch manning is not good,2025-10-26 02:37:06,arch manning,0,0,0,0,184
is arch manning gonna be texass starter by the end of the year?,2025-10-26 02:36:55,arch manning,0,0,1,0,214
bench. arch. manning.,2025-10-26 02:36:55,arch manning,0,0,1,0,205
rape arch manning,2025-10-26 02:36:53,arch manning,0,1,1,0,353
lmfao arch manning,2025-10-26 02:36:52,arch manning,0,0,0,0,199
arch manning is just bad at football man,2025-10-26 02:36:46,arch manning,0,0,4,0,794
arch manning masterclass #hornsup,2025-10-26 02:36:45,arch manning,1,4,32,2,11749
arch manning gets worse every week,2025-10-26 02:36:44,arch manning,0,0,2,0,408
arch manning needs to bolt man.,2025-10-26 02:36:40,arch manning,1,0,1,0,409
kelley jones picks off arch manning and returns it to the ut 40yard line.,2025-10-26 02:36:38,arch manning,1,0,4,0,858
arch mannings pass intended for parker livingstone bounces off of livingstones hands and is intercepted by kelley jones.,2025-10-26 02:36:33,arch manning,7,0,15,1,5816
these annoyncers for the sec are either unprepared or lying arch manning didnt run for shit vs kentucky,2025-10-26 02:33:27,arch manning,0,0,0,1,181
connor stroh should have just sent an rsvp to the texas defense for a party at arch manning on that last 3rd down play. horrible.,2025-10-26 02:31:24,arch manning,0,0,0,0,301
im tired of watching arch manning,2025-10-26 02:31:19,arch manning,0,0,1,0,222
doesnt look like arch manning is hurt at all :person_shrugging:,2025-10-26 02:31:19,arch manning,0,0,0,0,1623
arch manning fucking blows.this is mississippi state defense bro,2025-10-26 02:30:40,arch manning,0,0,2,0,235
"i would tell yall to sit arch manning ass down, but im making so much money off taking him for less every saturday.",2025-10-26 02:30:33,arch manning,0,0,1,0,217
arch manning picks up a first down on 3rd and 11 with his legs,2025-10-26 02:29:02,arch manning,3,2,45,3,3788
arch manning should have 812 runs per game.,2025-10-26 02:28:40,arch manning,11,6,61,0,27254
arch manning is in the top 50 quarterbacks nationally for sure.#arch manning,2025-10-26 02:25:49,arch manning,0,0,2,0,247
arch manning td #longhorns,2025-10-26 02:25:28,arch manning,0,0,1,0,303
arch manning first mistake was going to texas. they havent gotten good receivers in a very long time.,2025-10-26 02:22:00,arch manning,2,0,0,0,259
arch manning is the greatest quarterback ever. the goat! lol! so said everyone before the season started who dont know shit. theres a reason why he sat behind a 7th round draft pick for two years. he aint good.,2025-10-26 02:21:06,arch manning,1,0,0,0,548
qb arch manning :right_arrow: wr parker livingstone. td longhorns ! texas reprend les devants mississippi state. 147. :television: secn,2025-10-26 02:20:18,arch manning,0,0,5,0,1039
arch manning with one of the most amazing passes youll ever see paul finebaum somewhere (probably),2025-10-26 02:20:01,arch manning,5,5,114,5,14218
what makes arch manning any different from shedeur sanders other than the obvious,2025-10-26 02:17:43,arch manning,1,0,0,0,506
arch manning to parker livingstone for the touchdown! :sign_of_the_horns_light_skin_tone:,2025-10-26 02:17:06,arch manning,0,0,0,0,385
did you guys know arch manning and parker livingstone are roommates? bc theyre roommates. roommates,2025-10-26 02:16:44,arch manning,7,2,29,0,3369
arch manning hits parker livingstone for the 1 yd td. great throw by arch on the run. horns have done well executing in the redzone today. play calling feels much sharper as well. #hookem,2025-10-26 02:15:59,arch manning,0,0,2,0,299
"arch manning to parker livingstone 1 yard td texas 14 mississippi state 7 12:41 2nd livingstone pulls even with ryan wingo for the team lead with his 4th receiving td of the year. manning (ut): 610, 83 yds, td #hookem",2025-10-26 02:15:53,arch manning,1,0,3,0,1239
"after 10 plays, texas quarterback arch manning finds parker livingstone on a 1yard dump touchdown pass with 12:41 left in the half. current score: texas 14 mississippi state 7.",2025-10-26 02:15:21,arch manning,0,0,0,0,373
touchdown texaaaaaaas!!!! arch manning @archmanning trouve parker livinsgtone @parkerl06 dans le coin de la endzone!!! texas 14 msu 7 #hookem,2025-10-26 02:14:56,arch manning,0,0,1,0,293
"of course, arch manning to parker livingstone for the touchdown! texas: 14 | msst: 7",2025-10-26 02:14:47,arch manning,0,0,0,0,715
"i really do love those arch manningparker livingstone connections, especially when they lead to touchdowns! :sign_of_the_horns_light_skin_tone: #hookem",2025-10-26 02:14:32,arch manning,0,0,0,0,228
i wonder if arch manning and jahron manning are related,2025-10-26 02:14:29,arch manning,12,7,222,5,21344
touchdown texas!! longhorns qb arch manning finds parker livingstone on a short td pass. #hookem :sign_of_the_horns_light_skin_tone:,2025-10-26 02:14:28,arch manning,1,1,42,0,2394
arch manning dot,2025-10-26 02:14:19,arch manning,1,0,0,0,199
arch manning touchdown to parker livingstone!!!,2025-10-26 02:14:08,arch manning,0,5,100,0,4778
theres been a white chocolate sighting in starkville. arch manning hit parker livingstone with a short td pass to give the horns a 147 lead.,2025-10-26 02:13:44,arch manning,1,0,9,0,1326
"arch mannings oneyard td pass to parker livingstone puts texas back in front. texas 14, mississippi state 7| q2  12:41",2025-10-26 02:13:42,arch manning,1,2,57,1,3985
"dont think so , and im a huge arch manning fan , something seems missing !",2025-10-26 02:13:34,arch manning,2,0,1,0,174
touchdown #texas. arch manning finds parker livingstone for the 1yard touchdown pass. texas leads 147,2025-10-26 02:13:21,arch manning,7,3,119,2,9530
"texas thought it had to settle for mason shipleys 25yard field goal, but mississippi state gifted the longhorns a first down with a personal foul. three plays later, texas scores on a short pass from arch manning to parker livingstone. #hookem",2025-10-26 02:13:16,arch manning,0,0,11,0,1459
"touchdown texas: arch manning throws a 3rd down touchdown from 3 yards away after state should have held them to a field goal. 147, 13:14 2nd",2025-10-26 02:13:05,arch manning,4,0,11,0,3200
dear texas: stop calling qb runs to arch manning his leg is clearly bothering him i can see it from home! allow your rbs to run the damn football my goodness. #hookem,2025-10-26 02:09:22,arch manning,0,0,3,0,569
"peyton manning had a pretty below average fr season as a starter. arch is getting his first year as a starter and has better numbers thus far. its a team game, but development occurs for these guys from experience processing real live data. @archmanning will get to that level.",2025-10-26 02:08:50,arch manning,0,0,0,0,296
i have to watch texas on mute. i get so tired of the commentators trying to convince me that arch manning is good.,2025-10-26 02:08:41,arch manning,8,2,56,2,23173
thank you commentating crew for clarifying that manning (black db for miss st) is in fact not related to arch. i was wondering.,2025-10-26 02:05:22,arch manning,1,0,9,1,852
arch manning will be in a body cast at the end of this game if flood cant figure it out.,2025-10-26 02:03:10,arch manning,0,0,4,0,667
weekly reminder that arch manning isnt afraid to stand in the pocket and take a shot. he got nailed on that 3rdand8 conversion to deandre moore jr.,2025-10-26 02:02:58,arch manning,5,12,135,2,17163
arch manning with a nice completion vs a zero blitz,2025-10-26 02:02:47,arch manning,0,3,63,2,4748
"arch manning takes some massive hits, man. that 3rd & 8 conversion was made possible thanks to his willingness to eat one on the chin. good play.",2025-10-26 02:02:41,arch manning,4,5,241,5,12581
@texasfootball @espn can we all just go ahead and admit that arch manning is a huge bust?,2025-10-26 02:02:32,arch manning,1,0,1,0,197
watching arch manning is painful. he doesnt do a single thing well. over 50 qbs better than him he doesnt even read defenses good. im stunned. 8 weeks into season,2025-10-26 01:59:19,arch manning,7,1,17,0,6557
not sure i can keep watching texas football with arch manning dropping back like hes going to throw left handed. good lord what are we doing lol,2025-10-26 01:58:42,arch manning,0,0,2,0,298
i love watching arch manning miss open receivers by 10 feet and ryan wingo drop 18 passes every weekend,2025-10-26 01:57:48,arch manning,1,1,3,0,691
why does arch manning drop like he is a left handed qb? he has totwist around ti throw the ball,2025-10-26 01:57:16,arch manning,0,0,2,0,268
"toughness is a trait we know arch manning has, thats for sure. just keeps getting up.",2025-10-26 01:55:33,arch manning,3,13,499,6,15914
lanorris sellers is totally overhyped. only arch manning has gotten more hype.,2025-10-26 01:55:15,arch manning,2,0,3,0,570
"arch manning this, arch manning that but that texas offensive line is horrid",2025-10-26 01:54:28,arch manning,0,0,2,0,393
"that motorcycle flairs got some real texas spirit! arch manning sparked magic with a 60yard pass and rushing td, but its tied 77 late 1st quarter vs. mississippi state. hook em! :american_football:",2025-10-26 01:54:22,arch manning,1,0,1,0,358
"arch manning is playing poorly, but that offensive line plays even worse; theyre a sieve.",2025-10-26 01:54:18,arch manning,0,1,2,0,243
whp would hire this clown? texas ranked no. 1 at the start of the season. by week #4 not ranked. awfull team. arch manning regressed into his crib.,2025-10-26 01:52:52,arch manning,4,0,5,0,1495
aint nobodys fault arch manning cant complete a 5 yard pass. it is their fault they keep riding with him. hes awful man.,2025-10-26 01:52:45,arch manning,0,0,1,0,243
are we sure about arch manning?,2025-10-26 01:51:00,arch manning,0,0,1,0,283
arch manning is the problem.,2025-10-26 01:50:33,arch manning,1,0,2,0,231
arch manning is a d3 level qb with great athleticism. hes very bad,2025-10-26 01:49:55,arch manning,0,0,2,0,203
blake shapen > arch manning #texasfootball #mississippistatefootball,2025-10-26 01:49:43,arch manning,1,0,2,0,406
cause booster forcing him to play arch manning and he knows arch just not that good.,2025-10-26 01:48:42,arch manning,0,0,2,0,222
bench arch manning. i was actively cheering when i saw him going into the tunnel,2025-10-26 01:48:27,arch manning,0,0,1,0,451
"fuck arch, manning",2025-10-26 01:47:55,arch manning,0,0,1,0,242
no arch manning reverted back to who he is. he cant even complete a screen pass. its 8 yards right into the dirt for no reason.,2025-10-26 01:46:01,arch manning,1,0,1,0,272
arch manning gets sacked by former his former recruiting class member derion guillette,2025-10-26 01:45:12,arch manning,3,3,31,1,7152
is anybody else watching the mississippi state texas game and watching arch manning try to throw a screen pass good grief,2025-10-26 01:45:09,arch manning,3,1,7,0,642
one drive and now were back to the arch manning we knew,2025-10-26 01:45:05,arch manning,0,1,2,0,285
please bench arch manning :tired_face:,2025-10-26 01:44:59,arch manning,0,0,1,0,99
"yeah, after throwing an 8 yard screen pass right into the dirt. arch manning sucks.",2025-10-26 01:44:33,arch manning,0,0,3,0,431
"yeah, right after arch manning through a freaking dud right into the ground on a screen pass. at some point, we have to say he sucks.",2025-10-26 01:44:09,arch manning,2,0,9,1,783
now thats a big play. derion gullette is shot out of a cannon and sacks arch manning to force a punt. could that be a spark?,2025-10-26 01:44:07,arch manning,1,1,10,0,3906
arch manning is sacked by derion gullette of msu.,2025-10-26 01:44:01,arch manning,0,0,0,0,354
what does arch manning even practice,2025-10-26 01:43:46,arch manning,0,0,0,0,199
arch manning is always on his ass,2025-10-26 01:43:45,arch manning,0,0,1,0,195
"derion gullette gets a lick back at #texas. sacks arch manning on 3rd down, texas will punt after a 3&out.",2025-10-26 01:43:43,arch manning,13,0,52,0,9022
arch manning got that man looking for a new league,2025-10-26 01:42:29,arch manning,0,0,1,0,325
arch manning youre still my favorite quarterback in the world no matter what.,2025-10-26 01:42:27,arch manning,0,0,1,0,228
all that arch manning back there girl,2025-10-26 01:41:54,arch manning,0,0,1,0,435
arch manning got him running for the exit,2025-10-26 01:40:50,arch manning,0,0,1,0,1046
arch is one tough football player. all the hits hes taken with a line thats needed alot of help at times. hes one tough hombre. his throws at times can be wtf? but he gets up and that is part of the manning history. :sign_of_the_horns::sign_of_the_horns::sign_of_the_horns:,2025-10-26 01:36:53,arch manning,1,0,2,0,675
i have been told that if we score 24 points every game then we are winning. maybe the defense is just not as great as everybody thinks it is. they let arch manning beat them of all people,2025-10-26 01:36:05,arch manning,0,0,2,1,315
live updates: no. 22 longhorns visit mississippi state in crucial sec game,2025-10-26 01:35:37,arch manning,0,0,3,0,2648
look arch manning is a running back.,2025-10-26 01:35:28,arch manning,0,0,0,0,222
arch manning is horrific holy shit. he literally locks in on one guy every pass and stares it down then throws it inaccurately,2025-10-26 01:34:07,arch manning,0,0,4,0,693
"arch manning is a shitty qb the day you put any pressure on texas, but dont let it be against him because this son of a bitch does this",2025-10-26 01:33:02,arch manning,0,0,1,0,890
good news: #texas has scored its first td in the first quarter against p4 competition this season. bad news: qb arch manning appeared to have his left ankle rolled up during his 3yard td run for the #longhorns.,2025-10-26 01:32:14,arch manning,1,1,20,0,5190
arch manning seemed a little banged up after that touchdown. he tries to avoid the medical tent. :video_camera:: espn,2025-10-26 01:31:37,arch manning,1,4,252,29,21193
arch manning runs it in himself for the td :fire:,2025-10-26 01:31:35,arch manning,0,1,15,0,5273
those are arch manning numbers!,2025-10-26 01:31:14,arch manning,0,0,0,0,347
arch manning tuddy!!,2025-10-26 01:31:11,arch manning,0,0,0,0,241
arch manning turn up today kid,2025-10-26 01:31:01,arch manning,0,0,0,0,348
arch manning takes it himself touchdown longhorns,2025-10-26 01:30:24,arch manning,0,0,0,0,319
touchdown texas! arch manning scrambles into the end zone to give the longhorns the 70 lead in the 1q. 12:26 to play in the first.,2025-10-26 01:30:23,arch manning,0,0,0,0,390
arch manning runs it in! :sign_of_the_horns: texas scores in just two plays!,2025-10-26 01:30:22,arch manning,0,0,24,0,2586
i talk shit bout arch manning but cant stop betting on him,2025-10-26 01:30:22,arch manning,0,0,0,0,243
"arch manning being told to go into the tent, he doesnt want to",2025-10-26 01:30:20,arch manning,9,35,1086,77,61523
not everyday you see a qb with a 604.0 rating. arch heisman manning!!,2025-10-26 01:30:13,arch manning,0,0,4,0,507
arch manning is in the medical tent after trying to wave it off when they told him to go in.,2025-10-26 01:29:57,arch manning,0,3,17,0,2986
arch manning with his 10th career rushing td:sign_of_the_horns_mediumlight_skin_tone:,2025-10-26 01:29:26,arch manning,0,6,165,1,5172
arch manning uses his legs to get the longhorns on the scoreboard.,2025-10-26 01:28:44,arch manning,1,0,5,0,839
arch manning scores from a few yards out and texas take a 70 lead!,2025-10-26 01:28:29,arch manning,0,0,0,0,684
arch manning takes it himself for the touchdown :cowboy_hat_face: :movie_camera:: @texasfootball,2025-10-26 01:28:24,arch manning,1,0,6,0,3604
"when will the pendulum swing back towards development? gunner stockton, ty simpson, and yes..arch manning all chose loyalty. the hype placed on arch wasnt his doing. id rather pull for loyalty than the gunslinger for hire:man_shrugging_mediumlight_skin_tone:",2025-10-26 01:28:23,arch manning,0,0,1,0,391
arch manning @archmanning la course!!! #hookem,2025-10-26 01:28:17,arch manning,0,0,1,0,414
arch manning takes it himself texas leads 70,2025-10-26 01:28:16,arch manning,0,1,18,0,1265
i cant stand teams who dont put a spy on arch manning especially in the red zone,2025-10-26 01:27:52,arch manning,0,0,0,0,211
"touchdown texaaaaassss!!! after a wild play by ryan wingo @_ryanwingo1, arch manning @archmanning caps off the second offensive play with a rushing tuddy!!! the longhorns start the game in the best way possible!!! texas 7 miss state 0 #hookem",2025-10-26 01:27:50,arch manning,0,0,2,0,415
thats how arch manning starts a game. *sigh*,2025-10-26 01:27:10,arch manning,0,0,0,0,190
"opening with a 60yard pass, texas quarterback arch manning called his own number and ran in 3 yards for the first touchdown of the game. current score: texas 7 mississippi state 0.",2025-10-26 01:27:08,arch manning,0,0,0,0,310
arch manning going for 400 i cried,2025-10-26 01:26:48,arch manning,1,1,1,0,433
i hope arch manning is alright #hookem,2025-10-26 01:26:48,arch manning,0,0,4,0,394
couldnt be a better start to settle arch manning down and get him going.,2025-10-26 01:26:42,arch manning,2,0,18,0,3026
i saw arch manning against these kids. didnt end well,2025-10-26 01:26:41,arch manning,0,0,0,0,513
arch manning touchdownnnnnnnnn texas off to a hot start,2025-10-26 01:26:37,arch manning,1,12,138,2,8470
"quick easy passes like that to ryan wingo is exactly what texas offense needs. takes the pressure off arch manning, takes pressure off the oline. give wingo easy catchable short passes and allow his speed to work for him in the open field.",2025-10-26 01:26:34,arch manning,2,3,23,0,4878
arch manning is the goat,2025-10-26 01:26:29,arch manning,0,0,2,0,225
well thats how you start a game... explosive play by ryan wingo on a swing pass results in a arch manning td run horns up 70 #hookem | #texas,2025-10-26 01:26:29,arch manning,0,1,18,0,1280
arch manning has wheels:fire:,2025-10-26 01:26:28,arch manning,1,9,166,1,5185
touchdown texas! arch manning! #hookem :sign_of_the_horns_mediumdark_skin_tone:,2025-10-26 01:26:26,arch manning,0,0,0,0,183
longhorns touchdown on the first drive!! arch manning finds the end zone on a 3yard td. #hookem :sign_of_the_horns_light_skin_tone:,2025-10-26 01:26:06,arch manning,0,1,54,0,2800
dumb ass mississippi state you know arch manning will potentially run it in the red zone and you cant stop it what a joke,2025-10-26 01:26:05,arch manning,0,0,0,0,229
only mississippi state could make arch look like a manning.,2025-10-26 01:26:02,arch manning,1,1,6,0,3947
arch manning with texas touchdown 70 longhorns 13:01 1q,2025-10-26 01:26:00,arch manning,0,0,0,0,249
arch manning to ryan wingo for 60 on the first play. arch manning 3 yard td run on the second play. that answered a few questions. texas 7 mississippi state 0 13:01 1st #hookem,2025-10-26 01:25:54,arch manning,1,0,10,0,1143
and touchdown arch manning 2 play td drive,2025-10-26 01:25:45,arch manning,3,6,141,1,8629
it only took two plays for texas to put points on the board. first play: ryan wingos 60yard reception. second play: arch manning scores on a 3yard run. texas takes a 70 lead against mississippi state.,2025-10-26 01:25:36,arch manning,2,5,71,1,7267
touchdown arch manning! two plays is all it takes and the longhorns open the scoring.,2025-10-26 01:25:25,arch manning,0,0,2,0,318
arch manning tuddy,2025-10-26 01:25:19,arch manning,0,0,5,0,404
"texas forces a three and out against mississippi state and scores on two plays, but arch manning got up gingerly after his short touchdown run.",2025-10-26 01:25:17,arch manning,0,0,4,0,925
touchdown arch manning!!! play that texas fight song!!!! shove those cowbells up your ass!!! :orange_heart::sign_of_the_horns::orange_heart: #texvsmsu,2025-10-26 01:25:10,arch manning,0,1,4,0,595
"for the first time this season, texas has scored in the first quarter against a power four defense. an arch manning keeper get texas into the end zone after ryan wingo opened uts first drive with a 60yard catch. texas up 70. 13:01 left in the 1q. #hookem",2025-10-26 01:25:07,arch manning,0,2,7,0,3642
"touchdown texas: one of the most inept offenses in the league goes two plays, 63 yards as arch manning scores on a 3yard run. 70, 13:01 1st",2025-10-26 01:24:58,arch manning,9,4,34,0,5651
"touchdown, texas ryan wingo takes a swing pass all the way to the mississippi state 5, and arch manning runs it in for six. 63 yards in two plays for texas. 70, texas 13:01 1q",2025-10-26 01:24:57,arch manning,0,0,1,0,379
two plays in and its arch mannings best road performance ever.,2025-10-26 01:24:46,arch manning,1,0,13,0,2104
arch manning scores on a 3yard quarterback keeper and texas takes the lead.,2025-10-26 01:24:40,arch manning,0,0,0,0,266
arch manning touchdownnnnnnn,2025-10-26 01:24:38,arch manning,0,0,0,0,158
"touchdown, texas! arch manning into the end zone!",2025-10-26 01:24:23,arch manning,0,2,63,1,2830
"i wonder if phillip fulmer considered leaving tennessee when peyton was a junior. what about david cutcliff, when eli was a junior at ole miss i wonder what job offers he was considering. might tell you all you need to know about arch manning.",2025-10-26 01:23:57,arch manning,0,0,0,0,268
"texas forces a 3andout and here comes arch manning and the offense. can the longhorns score some firstquarter points against a power four defense for the first time this season? probably, ryan wingo just took it 60 yards to the msu 3 on the first snap. #hookem",2025-10-26 01:23:52,arch manning,0,0,2,0,1030
"texas defense gets the quick threeandout, and mississippi state will punt on their opening drive. arch manning and the offense start on their own 37yard line.",2025-10-26 01:23:48,arch manning,0,0,2,0,432
arch manning really got him fleeing the worse nfl situation next to cleveland and miami,2025-10-26 01:23:43,arch manning,0,0,0,0,178
arch manning you decide my fate today,2025-10-26 01:23:25,arch manning,0,0,1,0,96
this that arch manning competition lmaooo,2025-10-26 01:19:19,arch manning,0,0,0,0,220
u never know with arch manning icl :loudly_crying_face:,2025-10-26 01:18:13,arch manning,1,0,27,0,176
"me two years from now when cj is leading the league in passing yards as the seahawks starting qb, while i wake up every sunday morning and talk myself into arch mannings potential:",2025-10-26 01:17:08,arch manning,0,0,2,0,337
"damn, but hes younger than arch manning.:thinking_face::thinking_face::thinking_face:",2025-10-26 01:16:54,arch manning,0,0,3,0,367
"if texas arch manning struggles, will steve sarkisian pull him? | golden and bohls via @statesman",2025-10-26 01:09:21,arch manning,1,1,2,0,1185
wooow 1 theres no way any competent nfl team would hire a guy who cant even win it all despite having a crazy budget & plethora of elite talent. dude stays choking in college but gon win in nfl? stop it 2 him willing to bail on arch manning says a lot about how he views arch :grimacing_face:,2025-10-26 01:09:09,arch manning,0,0,1,0,110
free play: arch manning under 1.5 td passes 115,2025-10-26 01:09:09,arch manning,0,0,0,0,143
"heres an adjusted comparison using espns total qbr (which factors in strength of schedule, rushing, and more) for 2025 as of oct 25:  josh hoover (tcu): qbr 71.4 (40th nationally)  arch manning (texas): qbr 58.6 (75th) hoover edges out in adjusted efficiency; manning adds",2025-10-26 01:08:59,arch manning,1,0,0,0,66
arch manning transfers to iowa if sark goes to the nfl would be so funny,2025-10-26 01:07:49,arch manning,0,0,0,0,119
"based on prop bets from sites like and sportsgambler, arch mannings passing yards line is set at 214.5220.5 for todays texas vs. mississippi state game (4:15pm et), implying around 217 yards. season avg: 207 ypg (1,449 yards in 7 games).",2025-10-26 01:07:34,arch manning,0,0,0,0,185
arch manning getting heisman?,2025-10-26 01:06:46,arch manning,0,0,0,0,125
@grok arch manning projected pass yards today,2025-10-26 01:05:54,arch manning,1,0,0,0,145
"heres a comparison of josh hoover (tcu) and arch manning (texas) qb stats for the 2025 season (per espn): **passing:**  hoover: 161/246 (65.4%), 2,124 yds, 21 td, 6 int, 161.3 rtg  manning: 114/189 (60.3%), 1,449 yds, 12 td, 5 int, 140.4 rtg **rushing:**  hoover: 33 att, 7",2025-10-26 01:04:41,arch manning,2,0,0,0,93
college football prop model play :american_football: arch manning over 214.5 pass yards :chart_increasing: high confidence :eyes:,2025-10-26 01:04:11,arch manning,1,0,4,0,309
@grok compare josh hoovers and arch mannings qb stats for the 2025 season.,2025-10-26 01:03:52,arch manning,1,0,0,0,208
he had 1 play .to setegna! missed too many throws and has arch manning syndrome!,2025-10-26 00:57:49,arch manning,0,0,0,0,50
"unless your plan is to tank for arch manning, sark isnt the guy for tennessee or austin.",2025-10-26 00:56:57,arch manning,0,0,1,0,133
arsenio hall > arch manning,2025-10-26 00:55:34,arch manning,0,1,0,0,297
like arch manning is. fuck off.,2025-10-26 00:55:29,arch manning,0,0,4,0,94
john mateer is surprisingly worse then arch manning wow,2025-10-26 00:54:29,arch manning,0,0,0,0,150
"yeah, we wont see a trio like brees brady manning all at once again i think. look at arch already.",2025-10-26 00:52:38,arch manning,0,0,0,0,110
mateer is just arch manning with worse pr:loudly_crying_face:,2025-10-26 00:49:42,arch manning,1,0,0,0,957
john mateer and arch manning,2025-10-26 00:46:33,arch manning,13,22,1839,42,68626
:coin: ****** arch manning 21 rush texas 57 un tom v gane tko,2025-10-26 00:46:11,arch manning,1,0,0,0,310
arch manning legacy game today,2025-10-26 00:44:37,arch manning,1,0,0,0,174
"arch will be the 4th manning who has played against mississippi state in starkville archie peyton eli arch state is 22 in these games (lost to archie, beat peyton, split with eli) #hailstate.",2025-10-26 00:44:27,arch manning,0,0,0,0,222
john mateer and arch manning were heisman candidates at one point lol. college football is hilarious,2025-10-26 00:43:37,arch manning,1,0,3,0,212
hes just arch manning.,2025-10-26 00:43:11,arch manning,1,0,2,0,292
"arch manning and texas visit mississippi state in week 9 of the 2025 college football season. game preview, predictions, plus where to watch and stream for free:",2025-10-26 00:42:50,arch manning,0,0,0,0,227
mateer better be glad his last name isnt manning lmfao hes just as rocked between the ears right now as arch,2025-10-26 00:42:16,arch manning,0,0,0,0,187
cant wait for john mateer/arch manning duels in the ufl in a couple years,2025-10-26 00:41:45,arch manning,0,0,1,0,261
i thought arch manning and john mateer were top 2 draft picks ever before the season began. heisman locks. what happened media? #ncaaf,2025-10-26 00:36:48,arch manning,0,0,0,0,319
arch manning is better than john mateer,2025-10-26 00:35:07,arch manning,0,1,0,0,213
"its going to take a lot to bring him off this high but a 50 pt loss to arch manning at home could do it. that said, kinda rooting for the old guy to get a w.",2025-10-26 00:33:26,arch manning,0,0,3,0,127
way better than arch manning,2025-10-26 00:18:52,arch manning,0,0,0,0,391
arch hall jr > arch manning.,2025-10-26 00:15:04,arch manning,10,2,22,0,1670
"texas qb arch manning getting some pregame tosses in. last year, manning threw for 325 yards and two touchdowns against mississippi state as texas won its sec debut. #hookem",2025-10-26 00:09:11,arch manning,1,5,77,5,5440
arch manning and crew making sark after dark resort to the nfl,2025-10-26 00:07:47,arch manning,0,0,0,0,146
this is funny. sarks play calling is a joke and he hasnt won any big games and might have screwed up arch manning but sure the titans should bet cam wards development & career on sark lmaooo,2025-10-26 00:07:21,arch manning,0,0,0,0,470
he stuck he recruited a qb arch manning that sucks. guy couldnt play for 2 yrs. and he cant bench him this yr. so he says this why would a manning be a backup for 2 yrs. lol. simple,2025-10-26 00:04:42,arch manning,2,0,4,0,8432
boy hes making it clear he really does not believe in arch manning.,2025-10-25 23:57:51,arch manning,0,0,0,0,96
"i hope wherever he lands, they draft arch manning",2025-10-25 23:55:25,arch manning,0,0,1,0,100
"icymi w/ @garymyersny: @dpbrugler joins the show to discuss the qb class in the 2026 draft, who the jets could draft at number one overall, arch manning, & the best position of the draft. @elimanning joins to discuss jaxson darts performance, their chances in philly, &",2025-10-25 23:52:59,arch manning,0,3,3,0,1922
spotted pregame: ut bor chairman kevin eltife chatting with texas gm brandon harris athletic directors chris del conte and zac selmon chatting while watching arch manning warm up,2025-10-25 23:45:14,arch manning,6,5,87,2,11602
"quiet whale ncaaf saturday oct 25 ncaaf ytd: 1118 (16.28u) overall ytd: 77652 (+27.93u) play: texas 7.5 (105) (2u) cutoff: 7.5 or better reverse line hold despite 91% dog money, circa & pinny refuse to drop below 7.5, confirming sharp favorite defense. arch manning",2025-10-25 23:44:33,arch manning,0,0,2,0,625
:police_car_light::police_car_light:this is insane:police_car_light::police_car_light: texas qb arch manning nil salary this season: $6.8 million #rams puka nacuas total rookie contract salary (4 years): $4.1 million manning makes half of nacuas yearly salary every game :exploding_head::exploding_head:,2025-10-25 23:39:24,arch manning,59,170,4103,120,160043
arch manning transferring to vandy,2025-10-25 23:36:47,arch manning,0,0,0,0,213
looks like another arch manning high school clip,2025-10-25 23:36:05,arch manning,0,0,0,0,50
"i doubt that they could send $6.8 mil under the table, like theyre paying arch manning right now. much more money being spent these days. and the more money a school has, the better the recruits.",2025-10-25 23:35:54,arch manning,2,0,0,0,160
#texas qb arch manning & teammates arrives at daviswade stadium :video_camera: @ericchenry_,2025-10-25 23:33:16,arch manning,2,8,94,4,6778
not worriedgiven his level of competition.arch manning 2.0!,2025-10-25 23:32:44,arch manning,0,0,1,0,97
"arch manning effect, easier to leave",2025-10-25 23:31:41,arch manning,0,0,1,0,166
texas qb arch manning arrives here in starkville.,2025-10-25 23:27:21,arch manning,4,19,603,19,22019
coach said im out!!!...not going deal with arch and...that crazy manning family anymore!!! :face_with_tears_of_joy: @bso,2025-10-25 23:25:50,arch manning,0,0,0,0,130
arch manning planning to transfer to vandy,2025-10-25 23:24:21,arch manning,0,0,0,0,171
"what the hell is going on with sark and putting his name in the hat for nfl coach? is he getting the pressure from the alumni about arch manning and that he might not be the quarterback, they thought he was?",2025-10-25 23:23:40,arch manning,0,0,0,0,28
john mateer looks like arch manning :face_with_tears_of_joy::face_with_tears_of_joy::face_with_tears_of_joy:,2025-10-25 23:18:21,arch manning,0,0,0,0,119
arch manning broke ou :cat_face:,2025-10-25 23:17:00,arch manning,0,0,0,0,59
jackson arnold and arch manning have no business starting at a power 4 school.,2025-10-25 23:14:29,arch manning,0,0,8,0,354
arch manning transferring to vandy!,2025-10-25 23:05:46,arch manning,0,0,2,0,576
arch manning transferring to vandy?!?,2025-10-25 23:05:22,arch manning,0,0,0,0,738
"college football: texas hc steve sarkisian ready to leave arch manning and take nfl job, credit: @bso @gregcowboys | @randallslifer",2025-10-25 23:01:06,arch manning,1,0,1,0,181
arch manning is that bad bro :face_with_tears_of_joy::face_with_tears_of_joy::face_with_tears_of_joy:. man said im done with college,2025-10-25 22:58:21,arch manning,0,0,0,0,244
lane kiffin + arch manning is an interesting thought.,2025-10-25 22:56:52,arch manning,0,0,1,0,285
peyton setting up arch to the titans manning family not slick,2025-10-25 22:56:45,arch manning,0,0,1,0,232
why would he lave arch manning for cam ward? just kidding.,2025-10-25 22:52:03,arch manning,0,0,0,0,110
do you think arch will attend the manning passing academy this year?,2025-10-25 22:48:22,arch manning,0,0,0,0,99
i wouldnt hire him based on how pathetic arch manning looks. lll,2025-10-25 22:46:14,arch manning,0,0,0,0,93
"college football: texas hc steve sarkisian ready to leave arch manning and take nfl job, credit: @bso",2025-10-25 22:42:22,arch manning,0,0,0,0,137
i lost all faith in oklahoma once they lost to arch manning :face_with_tears_of_joy::face_with_tears_of_joy:,2025-10-25 22:41:28,arch manning,1,0,2,0,348
can arch manning get me 125 yards and quintrevion get one td please,2025-10-25 22:37:46,arch manning,0,0,0,0,191
when you consider the arch manning article and the sark article. it makes you wonder how much this is playing a part in the reporting.,2025-10-25 22:36:21,arch manning,1,1,2,0,485
yup. lots of drama ahead for texas. no way you go into next year with arch if he was anyone else but a manning.,2025-10-25 22:33:20,arch manning,2,0,1,0,205
"everyone was so mesmerized by arch manning preseason, but reality is the best 2 qbs in america are a cuban :cuba: kid from miami  fernando mendoza & a mex :mexico: american from new mexico  diego pavia. dal paisanos! #indiana #vanderbilt",2025-10-25 22:31:26,arch manning,2,4,10,1,2384
sleeya. take that bum arch manning with you,2025-10-25 22:29:42,arch manning,0,0,0,0,327
and you lose to arch manning,2025-10-25 22:28:25,arch manning,0,0,1,0,58
who are these kids playing against!? :loudly_crying_face: this is how stuff like arch manning happens,2025-10-25 22:25:13,arch manning,1,0,5,0,458
guy saw 7 weeks of arch manning and said fuck it,2025-10-25 22:22:07,arch manning,0,0,0,0,131
cfb x mlb:handshake: arch manning 175+ (passing yards) damian ramos over 1.5 (fgm) shohei ohtani over 7.5 (fs) link: :red_heart: if your tailing #prizepicks #cfbpicks #mlbparlay #gambling #gamblingcommunity,2025-10-25 22:18:01,arch manning,0,1,0,0,263
"guys, arch manning is so goooh this is byrum browndamn",2025-10-25 22:15:24,arch manning,0,2,59,0,2566
this the same division that arch manning played in?,2025-10-25 22:13:06,arch manning,0,0,0,0,169
man looked at another year of arch manning and said hell nah get me out of here:pensive_face: leaving us with that scrub and no elite scheme. may the lord help us.,2025-10-25 22:12:54,arch manning,0,0,0,0,188
"im so sick of these lame mfers blaming manning, a kid, for all of texas woes. its sark that is to blame. no decent oline to protect him. no running game to balance the offense out. not being given a chance to develop. the arch manning haters just need to sit down and stfu.",2025-10-25 22:12:43,arch manning,0,0,0,0,40
maybe he wants to get away from overrated arch manning. if his name was arch jones he would be benched,2025-10-25 22:12:23,arch manning,0,0,1,0,95
for the love of god please do something today. fuck texas. please prove me wrong from my former posts. fuck arch manning,2025-10-25 22:11:56,arch manning,0,0,1,0,126
even the goat thinks the arch manning slander is out of control,2025-10-25 22:09:05,arch manning,0,1,2,0,919
texas tailgate | texas longhorns vs mississippi state bulldogs pregame | arch manning | steve sarkisian,2025-10-25 22:06:40,arch manning,0,0,14,0,2250
he thought about coaching arch manning for another year and got physically ill,2025-10-25 22:05:50,arch manning,0,0,1,0,85
the arch manning revenge tour is gonna be so insane,2025-10-25 22:03:03,arch manning,0,0,1,0,68
"how much of this is because sark is kinda feeling trapped with arch manning. the truth is in todays landscape, bringing in a top notch transfer qb next year who is ready to play is a must. but might not feel he can.",2025-10-25 22:02:25,arch manning,2,0,6,0,5395
just how bad is arch manning?,2025-10-25 21:59:47,arch manning,0,0,0,0,65
hes going to the nfl and drafting arch manning first pick,2025-10-25 21:59:05,arch manning,0,0,1,0,955
.@tombrady talks about the pressure arch manning is under,2025-10-25 21:58:55,arch manning,1,5,37,5,13487
this dude has led every college program he has run to compete mediocrity texas probably being the front runner . this is the most overrated team ive witnessed in years . simply because of arch manning . who looks like a top 50 qb let alone a top 5 or the guy lmao,2025-10-25 21:52:39,arch manning,0,0,0,0,55
"the athletic crowns texas the secs new overlordsarch manning as heisman heir, sark as savant. now, midslump? first flop for arch, nfl whispers for sark. behold the journo lifecycle: hype to harvest clicks from the carcass. theyre keyboard carrioneaters feasting on nuance.",2025-10-25 21:50:38,arch manning,0,0,0,0,89
"not for nothing, i wrote this late last season, the last time this steve sarkisiannfl stuff popped up. context is a bit different this time around, but this mostly holds up. at the time, sarkisian was 254 with two cfp semis, and arch manning was on deck.",2025-10-25 21:50:18,arch manning,0,0,2,0,3515
he could encourage arch manning to transfer to stanford,2025-10-25 21:50:03,arch manning,0,0,0,0,76
issa no for me. he has arch manning. tell how archs qb development has progressed over the last couple of years. what about quin ewers?,2025-10-25 21:48:29,arch manning,1,0,0,0,188
he cant even make arch manning look competent...,2025-10-25 21:47:31,arch manning,0,0,0,0,105
"sarky promised the manning trust the world to get arch to texas. the mannings knew arch wasnt all that,but thought spending some time with the qb whisperer for two years would make him the chosen one. didnt happen and over 2years of fellatio by ut media didnt help. #hookem",2025-10-25 21:46:06,arch manning,1,0,1,0,79
hes going to tennessee. arch manning is going too.,2025-10-25 21:45:31,arch manning,0,0,1,0,495
waitisnt the atlantic the same outlet that called arch manning cfbs biggest bust? seems someone at the atlantic has it out for texas.,2025-10-25 21:45:04,arch manning,1,1,1,0,426
half a season of arch manning has him in hell,2025-10-25 21:41:56,arch manning,0,0,0,0,80
"mateer by far the biggest disappointment this season where arch manning, lanorris sellers, garrett nussmeir, and drew allar existed and were in the heisman race",2025-10-25 21:40:03,arch manning,0,0,0,0,198
"that sure is not good for his recruiting. especially if he has arch manning again next year, you must not think very much of him!",2025-10-25 21:38:55,arch manning,0,0,2,0,1075
what seven games of coaching arch manning does to a man,2025-10-25 21:38:14,arch manning,0,0,3,0,747
arch manning a tennessee titan :face_with_tears_of_joy::face_with_tears_of_joy::face_with_tears_of_joy:,2025-10-25 21:36:12,arch manning,0,0,0,0,358
arch manning plays football today,2025-10-25 21:35:13,arch manning,0,0,1,0,47
ralph is right. sark has failed arch manning,2025-10-25 21:34:31,arch manning,0,0,0,0,109
sark bailing on arch smart move manning going to cost him a job,2025-10-25 21:34:09,arch manning,0,0,0,0,143
arch manning project that bad???,2025-10-25 21:33:33,arch manning,0,0,0,0,129
he is willing to leave texas with a qb with the last name manning for the tennessee titans......... arch must not be all that good for sure.,2025-10-25 21:32:05,arch manning,0,0,1,0,663
chase old boy. sark is supposed to be a genius but he admitted he does not believe in arch manning. titans wont be any better,2025-10-25 21:28:44,arch manning,0,0,0,0,93
texas longhorns buttplug ready to burn @orangebloods_ after arch manning failure,2025-10-25 21:24:21,arch manning,0,0,0,0,72
the arch manning experiment isnt working in texas now sark wants out? shocker :face_with_tears_of_joy: #collegegameday,2025-10-25 21:20:24,arch manning,0,0,0,0,97
arch manning to indiana confirmed? :beaming_face_with_smiling_eyes:,2025-10-25 21:16:35,arch manning,4,1,36,0,7778
steve sarkisian saw how disappointing arch manning has been and was like i gotta get outta here.,2025-10-25 21:15:19,arch manning,0,0,0,0,179
watching chambliss for ole miss makes me even more convinced how bad arch manning is #olemiss #hookem,2025-10-25 21:11:25,arch manning,0,0,0,0,95
"jfc, some of yall. jared curtis is from nashville, vandys team is full of his friends, and georgia has a bye week. you cant blame vandy for trying, but they have the same chance of flipping him that georgia (thankfully, in retrospect) did of landing arch manning: none.",2025-10-25 21:08:50,arch manning,0,0,0,1,364
"when youre forced to play arch manning, suddenly the job isnt so great anymore",2025-10-25 21:06:22,arch manning,0,0,0,0,88
arch manning looked like this in high school too. the secret is he was playing against 2a talent.....,2025-10-25 21:01:42,arch manning,0,0,4,0,2261
cant win in anything meaningful in college ruined the arch manning hype but sure nfl coach.,2025-10-25 21:01:20,arch manning,1,0,2,0,104
or steve sarkisan and arch manning in miami :eyes::thinking_face:,2025-10-25 20:57:42,arch manning,0,0,0,0,64
bro looked at arch manning and said mann fuck this i wanna go coach cam ward:face_with_tears_of_joy::face_with_tears_of_joy::face_with_tears_of_joy::face_with_tears_of_joy:,2025-10-25 20:57:19,arch manning,0,1,2,0,444
arch manning must be really bad then,2025-10-25 20:57:14,arch manning,0,0,0,0,70
someone is going to give arch manning a record nil deal if he enters the transfer portal which would be hilarious.,2025-10-25 20:54:46,arch manning,8,5,210,1,21495
"anyone who saw what arch played against in hs, and called him out because anyone would have looked great against that competition was called a hater. i honestly hate it for arch, but the media and manning family allowed it to happen arch smith is at southern miss rn maybe",2025-10-25 20:48:35,arch manning,0,0,0,0,94
"if sark bails on arch for cam lol, arch gonna be on the manning casts with his uncles on monday nights.",2025-10-25 20:47:58,arch manning,0,0,6,0,855
bring home arch manning where he belongs.,2025-10-25 20:47:53,arch manning,0,0,0,0,125
seems like a pretty big indictment of arch manning,2025-10-25 20:45:43,arch manning,0,0,0,0,62
biggest #collegefootball player prop line movement :down_arrow: best bets:  haynes king over 69.5 rush yds (has topped this in 4 of 6 gms and averages 93.9/gm)  arch manning under 215.5 pass yds (only hit over 170 yds against 1 of 4 power 4 opponents) *,2025-10-25 20:44:51,arch manning,0,0,1,0,887
"does sarkisian see writing on the wall down in austin because arch manning is a bust, and his team, as a result, severely underachieving? coaching in college and coaching in the nfl are two very different things. ask bill belichick.",2025-10-25 20:44:34,arch manning,1,0,0,0,230
"steve sarkisian open to leaving texas, likely wants to get away from arch manning",2025-10-25 20:44:00,arch manning,1,1,5,0,19913
arch manning is killing his career and he cant run the kid off!,2025-10-25 20:42:32,arch manning,1,0,2,0,272
"horns down :star:line: mississippi state +7.5 (1star bet) total: under 46.5 (no bet) ricks pick: mississippi state 24, texas 20 overview: longhorns slipped past kentucky 1613 in ot, getting a goalline stand to offset getting outgained 395179. arch manning was 1227/00, kinda",2025-10-25 20:40:32,arch manning,0,0,2,0,210
he realized he is forced to play arch manning and said im out,2025-10-25 20:38:53,arch manning,1,1,76,1,12677
"arch manning is that bad, and is not removable.",2025-10-25 20:37:27,arch manning,0,1,1,0,187
one season of arch manning and hes ready to bolt!,2025-10-25 20:34:27,arch manning,1,0,0,0,658
arch mannings lack of ability is driving people away.,2025-10-25 20:32:35,arch manning,0,0,0,0,54
what arch manning does to a man,2025-10-25 20:31:04,arch manning,0,0,0,0,77
hes trying to figure out a way to untangle the gordian knot that is arch manning,2025-10-25 20:30:12,arch manning,0,0,0,0,79
texas isnt even good this year. nfl teams shouldnt even want sarkisian with the way arch manning has played.,2025-10-25 20:29:58,arch manning,0,0,0,0,155
"@1timmurray texas coach wants to go to the nfl because hes stuck with arch manning. he knows he cant play, just like he did last year. let me ask you this. is the old ball coach as foolish as everybody made him out to be?",2025-10-25 20:29:39,arch manning,0,0,0,0,38
did he go to the same school as arch manning?,2025-10-25 20:27:24,arch manning,0,0,0,0,67
"if sark really does move on to the nfl, the next coachs top priority has to be keeping dia bell. if arch manning really aint it, they are gonna need a qb of the future. obviously important to keep as many of their recruits as possible, but he is most important",2025-10-25 20:26:26,arch manning,0,0,0,0,93
"for the first overall pickthe tennessee titans select.arch manning, quarterback, university of texas sark:",2025-10-25 20:25:50,arch manning,0,0,1,0,310
":star:texas (52, 21) at mississippi state (43, 03) overview: longhorns slipped past kentucky 1613 in ot, getting a goalline stand to offset getting outgained 395179. arch manning was 1227/00, kinda fitting for his season. the seasons not over though with vandy, arkansas",2025-10-25 20:24:12,arch manning,0,0,0,0,242
what one season of coaching arch manning does,2025-10-25 20:22:35,arch manning,0,0,6,0,1391
but on the real: cam ward >>> arch manning,2025-10-25 20:19:17,arch manning,1,2,44,0,3077
this is like the arch manning high school video but for tight ends,2025-10-25 20:18:46,arch manning,0,0,0,0,22
"arch manning get ready to learn cowbell buddy, #whiteboyseason",2025-10-25 20:18:01,arch manning,0,0,2,0,216
half a season with arch manning has sark ready to jump ship :skull::loudly_crying_face:,2025-10-25 20:16:07,arch manning,0,0,0,0,130
"really interesting i think something underlying here is, he doesnt truly believe in arch manning there are 56 nfl jobs that come open everywhere year. why now? cam ward? if he believe arch manning could deliver a natty, wouldnt he stay? @whitlockjason",2025-10-25 20:15:23,arch manning,0,0,1,0,190
jumping to the nfl over benching arch manning :face_with_tears_of_joy:,2025-10-25 20:14:47,arch manning,0,0,0,0,239
if sark leaves texas arch manning should transfer to usc,2025-10-25 20:14:43,arch manning,0,0,0,0,1090
arch manning... what did you do,2025-10-25 20:13:17,arch manning,0,0,0,0,118
get me out of the arch manning business,2025-10-25 20:11:50,arch manning,1,0,5,0,1660
arch manning done ran sark to the nfl:loudly_crying_face::loudly_crying_face::loudly_crying_face:,2025-10-25 20:11:42,arch manning,0,0,0,0,86
"sark pulling the plug on texass season and the arch manning heisman campaign on oct 25th, is certainly something i didnt expect",2025-10-25 20:10:53,arch manning,5,0,45,0,8137
arch manning: we will bounce back next year coach! sark:,2025-10-25 20:10:22,arch manning,7,8,260,10,56674
"not before you get arch manning and that offensive line right. coach sark, please. #hookem",2025-10-25 20:09:04,arch manning,0,0,0,0,293
"a golden parachute to escape from the arch manning fiasco? theres no way the titans go down this road, right?",2025-10-25 20:09:02,arch manning,0,0,0,0,39
and i am sure the titans would want him mentoring their young qb. just look at how much arch manning has progressed this year.,2025-10-25 20:08:58,arch manning,0,0,0,0,544
what one year of arch manning does to a guy,2025-10-25 20:06:05,arch manning,0,0,1,0,88
is arch manning really that bad?,2025-10-25 20:04:16,arch manning,0,0,0,0,109
"i dont know how his nil deal works but i cant go into next year with arch manning as qb1 suffice to say the vibes arent great at texas, which is facing a daunting secondhalf slate and, according to @hitthebookshq expert @joeyknish22, a looming arch decision :skull_and_crossbones:",2025-10-25 20:03:39,arch manning,4,13,14,0,1287
"theres really only one thing he can do after ruining texass program the next 23 years by investing so much in arch manning and thats run away to the nfl, harbaugh style.",2025-10-25 20:03:17,arch manning,0,0,0,0,99
"sark ready to go back to the nfl? was it arch manning or was it the plan all along, win or lose. texas recruits might go to alabama now to play in that offense and be with the tide! transfers too! like the florida job is a distraction for ole miss players. now the",2025-10-25 20:02:08,arch manning,1,0,1,0,676
"facing a must win at mississippi state, all eyes will be on texas quarterback arch manning, who struggled in an overtime win at kentucky. how short is his leash this week?",2025-10-25 20:00:08,arch manning,0,0,0,0,1910
arch manning gonna kill it under jon sumrall at ole miss in 2026,2025-10-25 19:58:25,arch manning,0,0,6,1,1217
arch manning going to kill it at rice,2025-10-25 19:56:18,arch manning,0,0,0,0,51
arch manning is hitler,2025-10-25 19:55:22,arch manning,1,0,0,0,244
does sark a) want to take advantage of texas unlimited money pile and scare them into a massive extension b) want to gtfo before having to deal with the circus that will be senior year arch manning qb controversy,2025-10-25 19:54:48,arch manning,1,0,0,0,65
arch manning:,2025-10-25 19:54:34,arch manning,0,0,0,0,109
"arch manning walked into columbus week 1 preseason heisman favorite on the preseason number 1 team, and a half season later his coach is telling people hey i dont really need to be here anymore",2025-10-25 19:54:18,arch manning,0,0,0,0,57
"arch manning is so bad, got mans looking to go to the nfl",2025-10-25 19:54:02,arch manning,0,0,0,0,56
arch manning ruined this program :broken_heart:,2025-10-25 19:51:34,arch manning,0,0,0,0,478
arch manning broke him. #thearchmanningexperience,2025-10-25 19:51:19,arch manning,0,1,3,0,585
the arch manning effect?,2025-10-25 19:51:06,arch manning,0,0,27,0,457
the things arch manning does to a man,2025-10-25 19:49:03,arch manning,0,0,3,0,191
arch manning when i get my hands on you,2025-10-25 19:48:52,arch manning,3,1,32,2,2714
arch manning is really going to run this man to the league,2025-10-25 19:47:40,arch manning,5,0,131,1,6353
bro hitched his wagon to arch manning and that wagon got oregon trailed :loudly_crying_face:,2025-10-25 19:47:27,arch manning,0,0,11,0,856
sark has had enough of the arch manning experience lol,2025-10-25 19:46:24,arch manning,0,0,0,0,31
arch manning threw an absolute strike on a zero blitz last year vs mississippi state :bullseye: sark breaking down how his qb handled the pressure like a seasoned vet 26/31 for 325 yards... not too shabby for a backup :eyes: this kid might be special yall,2025-10-25 19:46:02,arch manning,0,1,3,0,1761
"like he probably shouldnt, caldwell was brought in as a transfer backup and not a competitor, but how much money do you think is wrapped up in manning that has any say in austin and wants to see arch get killed out there?",2025-10-25 19:45:34,arch manning,0,0,0,0,614
arch running sark out of texas. he fighting boosters who want the manning to start and sark see what we see. ass,2025-10-25 19:45:03,arch manning,0,0,0,0,83
what 6 games of arch manning does to a man,2025-10-25 19:44:41,arch manning,0,0,0,0,39
what one season of arch manning football does to a man,2025-10-25 19:43:59,arch manning,1,1,9,0,2415
here are 10 solid cfb player props from recent x posts: 1. trinidad chambliss u35.5 rush yds (114) 2. ty simpson o2.5 td passes (+270) 3. kevin coleman jr o53.5 rec yds (114) 4. treydez green td (+210) 5. chandler morris o233.5 pass yds (114) 6. arch manning o210.5 pass yds,2025-10-25 19:43:54,arch manning,1,0,1,2,1314
hed rather go to the nfl than have to coach arch manning 1 more season.,2025-10-25 19:43:32,arch manning,0,0,0,0,107
that man is spending every night praying he finds a way out of arch manning being his starting qb.,2025-10-25 19:42:36,arch manning,0,0,1,0,211
arch manning is so ass he finna make sark take the titans job :rolling_on_the_floor_laughing::rolling_on_the_floor_laughing:,2025-10-25 19:40:04,arch manning,0,0,1,0,133
where did that arch manning go? :flushed_face:,2025-10-25 19:40:01,arch manning,1,0,1,0,120
hes already tired of arch manning. :face_with_tears_of_joy::face_with_tears_of_joy:,2025-10-25 19:38:03,arch manning,1,0,1,0,30
sark after 6 weeks of arch manning attempting to do a sports:,2025-10-25 19:35:58,arch manning,0,14,143,8,43037
i would rather coach in the nfl too if i had to deal with arch manning in college dude is ass,2025-10-25 19:31:16,arch manning,0,0,25,0,1317
the excitement about coaching arch manning seems to have dissipated.,2025-10-25 19:30:19,arch manning,0,0,0,0,499
arch is so bad and the manning family is so powerful that sark has to leave texas to free himself. lol.,2025-10-25 19:30:06,arch manning,0,0,0,0,101
"its probably unfair, but this feels like sark is giving up on arch manning",2025-10-25 19:29:30,arch manning,1,0,4,0,1848
excited to see jon sumrall fix arch manning at auburn next year.,2025-10-25 19:28:53,arch manning,22,0,258,5,86859
congrats on arch manning,2025-10-25 19:28:38,arch manning,0,0,1,0,118
arch manning running him out of town,2025-10-25 19:27:20,arch manning,1,0,70,0,12013
the mannings hand pick sark to coach arch .... they might just end up hand picking his nfl coach too,2025-10-25 19:26:59,arch manning,0,0,1,0,390
"sark played a few weeks with arch manning at qb and said yeah, id rather go to the #titans :loudly_crying_face:",2025-10-25 19:25:33,arch manning,9,6,104,1,16078
from arch manning to cam ward??,2025-10-25 19:22:04,arch manning,12,2,82,1,22942
he wants to be absolved of archs struggles so the manning crime family doesnt come after him,2025-10-25 19:21:26,arch manning,0,0,0,0,125
arch manning so atrocious that sark trying to escape to whatever nfl team will have him lmaooo,2025-10-25 19:08:11,arch manning,0,0,143,0,4670
"arch manning stands tall in the face of a looming hit, lofting a flawless 50yard touchdown spiral to deandre moore jr., fueling the texas longhorns decisive 3513 win over mississippi state! sep. 28, 2024",2025-10-25 19:00:01,arch manning,2,7,162,6,10913
"today, in 1969, houston beat ole miss for the second time in 364 days. the rebs were ranked no. 17 both times. houston was good. real goodwe had more trouble against houston than any team, ole miss qb arch manning said.",2025-10-25 18:56:33,arch manning,1,4,35,0,1915
exactly. and im vandy alum. how a qb plays in hs brackets cant be analyzed without primarily addressing the strength of the bracket. think arch manning has he (curtis) played likes of img? bishop gorman? de lasalle? anything equivalent? im watching with guarded optimism,2025-10-25 18:50:53,arch manning,1,0,0,0,193
in short arch manning is trash,2025-10-25 18:48:13,arch manning,0,0,0,0,52
arch manning in the warby parker commercial. thats the tweet.,2025-10-25 18:38:42,arch manning,0,0,6,0,232
i saw one of his ads where he claimed to be 99% supporting of the trump agenda. it was during a texas college game i just happened to turn on for a moment to see arch manning. it was not a surprise to see just how big of a liar cornyn is but can he get away with that is the,2025-10-25 18:34:34,arch manning,0,0,1,0,58
those the same dudes arch manning played in college,2025-10-25 18:27:47,arch manning,0,0,0,0,124
"breaking: high school plays 1 team that isnt equivalent in size to the 85 bears, must be arch manning! stfu lmfao",2025-10-25 18:16:16,arch manning,0,0,0,0,152
podcast episodes. is prohibition better way to go? sit arch manning? why bill belichick was all wrong? the jeff ward show airs weekdays 36pm on espn (102.7 fm).,2025-10-25 18:11:25,arch manning,0,0,0,0,278
arch mannings opponents look like the 85 bears compared to these guys.,2025-10-25 18:11:13,arch manning,0,0,0,0,312
geezus i thought arch mannings competition was shit. these guys are cattle.,2025-10-25 18:09:59,arch manning,0,0,3,0,742
are you allowed to share a photo or video without seeing arch manning in it? somebody getting fired,2025-10-25 18:06:56,arch manning,0,0,0,0,46
were about two games away from the scooby doo meme where we learn hes actually arch manning.,2025-10-25 18:05:19,arch manning,0,0,0,0,202
looks like arch manning highlights,2025-10-25 18:01:24,arch manning,0,0,0,0,314
"this is the slop that austinites consider texmex:face_with_tears_of_joy: been many o times and this place is straight ass, probably the same people that thought arch manning was going to be heisman.",2025-10-25 17:52:43,arch manning,0,0,0,0,25
remember when you said the colts were tanking for arch manning? dumb ass.,2025-10-25 17:39:20,arch manning,0,0,0,0,11
"also, has she been right about anything since aug? wasnt she one of the texas might blow ohio state out in columbus and arch manning is gonna win the heisman clowns? might be time to start ranking these pundits based on how accurate their takes are.",2025-10-25 17:38:32,arch manning,0,0,0,0,59
arch manning in his element,2025-10-25 17:37:49,arch manning,0,0,0,0,155
"wake up, its gameday!!! the #23 texas longhorns, led by arch manning, struggled to beat kentucky in lexington last week and has to go back on the road to challenge a better team, and especially better offense, in msu. longhorns. bulldogs. 3:15 ct. horns down!!! :hourglass_done: 3:15 ct :television:",2025-10-25 17:30:31,arch manning,0,2,9,0,344
10.25.25 ncaaf :american_football: & nba :basketball: free player props  ncaaf: arch manning (texas) over 210.5 passing yards  ncaaf: hank beatty (illinois) over 62.5 receiving yards  nba: chet holmgren (thunder) over 19.5 points its about to be a massive day back em up!! :locomotive::locomotive::locomotive::atm_sign::atm_sign::atm_sign:,2025-10-25 17:18:39,arch manning,0,2,8,0,2556
ty simpson 35 arch manning 43 is wild,2025-10-25 17:12:58,arch manning,0,0,0,0,129
looking like arch mannings tape,2025-10-25 16:59:56,arch manning,0,0,1,0,581
mcdaniel is a :american_football: mind .. just not a disciplinarian :hundred_points: .. give him a chance to coach lanorris sellers or arch manning .. and weed out the malcontents on the team !! this team will be completely different next year :hundred_points:,2025-10-25 16:46:12,arch manning,0,1,2,0,99
"they said arch manning as a backup to quinn ewers was better then dak , they want all these mfs to be better then dak then they look dumb",2025-10-25 16:36:49,arch manning,0,0,2,0,97
this kid goes to nashville christian. a division iia private school. this is an arch manning scenario all over again. lol,2025-10-25 16:28:19,arch manning,0,0,5,0,778
that looks like arch arch manning highlights in high school.,2025-10-25 16:01:25,arch manning,0,0,4,0,579
was arch manning,2025-10-25 15:41:44,arch manning,0,0,1,0,61
i think there was too much pressure on arch manning to be like his famous allpro relatives. the anointed savior super player of uts football salvation. inhuman pressure and unreal expectations.drunks in the stands want instant gratification. he needs time.,2025-10-25 15:31:02,arch manning,0,0,1,0,55
playing against the same arch manning teams i see,2025-10-25 13:53:58,arch manning,1,0,6,0,1052
arch manning debuts as starting quarterback for the texas longhorns: heres how to tune in  #content,2025-10-25 12:50:23,arch manning,0,0,0,1,69
texas fucking suck arch manning is ass,2025-10-25 12:15:54,arch manning,0,0,0,0,27
"qb arch manning, texas receiver major injury update on friday",2025-10-25 11:31:00,arch manning,0,0,0,0,290
gotta be the league arch manning was in,2025-10-25 11:12:48,arch manning,0,0,1,0,321
arch manning comp,2025-10-25 10:58:14,arch manning,0,0,1,0,980
700 arch manning wins the hiesman after the game,2025-10-25 10:40:28,arch manning,0,0,0,0,181
"dude at bar said i look like arch manning, cant tell if thats good or bad",2025-10-25 10:29:37,arch manning,0,1,1,0,162
cade aint that good but yall sent 2 all game. whatever man focus on arch manning.,2025-10-25 09:49:31,arch manning,0,0,0,0,108
arch manning sold me last week... so he gotta have a good game this week,2025-10-25 09:37:00,arch manning,1,0,3,0,1935
"great hurdle, but the level of competition in this clip is giving me high school arch manning vibes",2025-10-25 08:49:28,arch manning,1,1,14,0,2333
arch manning 2.0,2025-10-25 08:47:25,arch manning,0,0,0,0,258
"its an arch manning thing. hes not any good as a qb. sure hes a hell of a nice guy and yes, everybody in the media is scared to death of the mannings, but the only reason theyre talking about sarks play calling is cause theyre sick of the obvious; that arch manning sucks!",2025-10-25 08:37:20,arch manning,0,0,0,0,127
im getting arch manning vibes. bad.,2025-10-25 08:31:38,arch manning,0,0,0,0,579
basketballs arch manning,2025-10-25 07:19:23,arch manning,5,3,39,3,2652
more like arch manning vs a mid major,2025-10-25 07:07:18,arch manning,0,0,0,0,119
"i think youre right about this one. arch manning will continue to be average but this ms state team cant stop the run, and i think texas has a good run game. should be a blow out. buy low on texas and a sell high on miss st after 30 ats last 3 as dogs if i remember correctly.",2025-10-25 07:02:15,arch manning,0,0,0,0,574
cfb player props x spread :grapes::rosette: presented by @jugtickets :admission_tickets: chandler morris o 233.5 y 114 fd:star: jackson arnold o 204.5 y arch manning o 210.5 y 114 fd:star: garrett nussmeier o 235.5 y 114 fd texas 7 :star: a&m/lsu o 49.5,2025-10-25 06:43:24,arch manning,0,4,14,6,17714
please fall off the purdue hype train another arch manning situation way to much hype not enough play,2025-10-25 06:18:39,arch manning,0,0,1,0,148
yeah that arch manning running away from a chubby white kid has made me question all 5 stars :face_with_tears_of_joy:,2025-10-25 05:49:17,arch manning,0,0,2,0,125
my buddy says its arch manning level comp lol,2025-10-25 05:44:05,arch manning,2,0,2,0,153
that film looks like arch manning film,2025-10-25 05:43:49,arch manning,3,0,138,0,2881
arch manning if he comes out and grandpa arch oks the jets drafting him!,2025-10-25 05:28:17,arch manning,2,0,0,0,1287
increasingly believe in nominative determinism at a level from birth left to right ty simpson arch manning john mateer,2025-10-25 05:26:51,arch manning,1,0,3,0,378
enjoy the big d tex! cant wait for your arch manning fan page!,2025-10-25 05:19:28,arch manning,0,0,0,0,89
the arch manning list?,2025-10-25 04:46:26,arch manning,0,0,0,0,81
steve sarkisian confirms star teammate of arch manning is out indefinitely for texas,2025-10-25 02:33:07,arch manning,0,0,0,0,121
the arch manning of enchiladas the concept is kind of there but the execution is disgusting,2025-10-25 02:26:56,arch manning,3,4,23,0,3829
"saban or meyer are going to get to texas and send sorry ass arch manning into the portal to ole miss. because as you said before, he sucks. they are going to get underwood from michigan",2025-10-25 02:18:53,arch manning,1,0,1,0,43
arch manning? lmao!!,2025-10-25 02:08:12,arch manning,0,0,1,0,83
arch manning better than ty simpson? gtfoohwtbs,2025-10-25 02:06:34,arch manning,0,0,0,0,100
tom brady defends texas arch manning against critics before week 9! :american_football::fire: check out the full story here: #tombrady #archmanning #bhivelabs,2025-10-25 01:51:40,arch manning,0,0,1,0,119
longhorn livestream | texas vs mississippi state predictions! | arch manning | steve sarkisian,2025-10-25 01:22:01,arch manning,0,2,9,0,5377
"well, my mentions are gonna be getting blitzed on sunday arch manning, you could come sooner or later anyways, were tanking for arch manning its ok",2025-10-25 00:59:08,arch manning,0,0,0,0,325
.@evanvieths 321: *culture wins *the texas run game *which arch manning are we getting? (free):,2025-10-25 00:54:36,arch manning,0,5,12,0,2721
"who wins a culture game, texas ability to win with the run and arch mannings consistency are all over this weeks 321 over on @insidetexas for free:",2025-10-25 00:53:25,arch manning,0,0,1,0,458
arch manning is a mid,2025-10-25 00:48:58,arch manning,0,0,2,0,89
shoving arch manning down my throat ensures i will never buy anything from @warbyparker.,2025-10-25 00:48:02,arch manning,0,0,1,0,153
crazy how the dead money works. would it be ironic if quinn ewers ends up as the starting quarterback for the miami dolphins for years to come and arch manning gets benched.,2025-10-25 00:39:03,arch manning,0,0,0,0,241
more overrated than arch manning.,2025-10-25 00:36:29,arch manning,1,0,0,0,122
"year: 2030, the titans have just fired their gm but kept their new head coach from the previous year. arch manning is finally entering the draft and selected. 6 games into the season the new gm is trading away starters replacing them with his guys. mason kinsey is called up",2025-10-25 00:28:32,arch manning,0,0,1,0,139
watching arch manning throw a football,2025-10-25 00:20:55,arch manning,0,0,1,0,93
arch manning?,2025-10-24 23:59:46,arch manning,0,0,0,0,57
stick with arch manning no matter what? will a&m go undefeated? | a texas take on college football via @houstonchron,2025-10-24 23:23:41,arch manning,0,0,2,0,236
"always a 10 til that first arch manning throw, then we readjust :sign_of_the_horns:",2025-10-24 23:18:01,arch manning,0,0,1,0,107
"power 4s epa per play (pass vs run) jayden maiava still unbelievable julian sayin is a statue fernando mendoza and diego pavia are bullying teenagers arch manning, woof",2025-10-24 23:16:19,arch manning,0,0,1,3,8930
coaches get fired the following week? why does brian kelly still have a job? why does lane kiffin still have his job? carson beck has thrown 7 interceptions. has he been benched? arch manning has thrown 5. has he been benched? alabamas kicker has missed 4 fgs is he benched?,2025-10-24 23:04:24,arch manning,1,0,0,0,250
arch manning is going to cook,2025-10-24 23:00:15,arch manning,2,0,1,0,2487
a look at 10 key topics in college football ahead of texas at mississippi state and texas a&m at lsu in sec play.,2025-10-24 23:00:12,arch manning,0,0,0,0,185
theyll try and convince shedeur got his offers bc of his last name but arch manning 100% didnt hahhaa,2025-10-24 22:55:20,arch manning,0,0,0,0,104
ironic you say that when arch manning is your qb.,2025-10-24 22:12:07,arch manning,0,0,1,0,68
qb arch manning and the texas longhorns received a major injury update on friday before their matchup against mississippi state. @athlonsports,2025-10-24 22:11:46,arch manning,0,0,0,0,335
tom brady learned from arch manning i heard,2025-10-24 22:03:14,arch manning,1,0,0,0,186
"weekly gaza boat rankings. the captain: james franklin members: drew allar, carson wentz, brian kelly, arch manning, clemson football program. thats the boat for this week #cfb26",2025-10-24 22:03:04,arch manning,0,0,3,0,234
arch manning to arizona? maybe that would unlock harrison.,2025-10-24 21:56:21,arch manning,0,0,0,0,43
says the guy who told us arch manning is a generational talent,2025-10-24 21:40:40,arch manning,0,0,0,0,45
arch manning you are a cleveland brown:index_pointing_at_the_viewer_mediumdark_skin_tone:,2025-10-24 21:26:57,arch manning,0,0,0,0,113
tom brady shares biggest challenge arch manning has to overcome via @yardbarker,2025-10-24 21:03:43,arch manning,0,0,1,0,68
"never forget when the sec made a rule up that day where even if the ball is out of bounce and doesnt break the plane, if hes arch manning and his arm without the ball is inside the pylon well call it a touchdown anyways!!",2025-10-24 20:46:43,arch manning,2,0,7,0,978
"in some nonvandy news, texas has a big game this weekend at mississippi state. arch manning faces his toughest road test yet. some storylines to watch in that game below",2025-10-24 20:28:55,arch manning,0,1,6,0,1624
did arch manning get offers cuz he was super talented?,2025-10-24 20:25:28,arch manning,1,0,3,0,484
scooter. if manning comes out i think you have to take him. groom him. my thoughts are this. pedigree. eli. peyton and arch arent not going to watch the kid fail. heck maybe we can lure peyton to a front office job.,2025-10-24 20:06:51,arch manning,1,0,0,0,86
what must arch do to keep texas in cfp conversation? jordan rodgers breaks down how arch manning has to perform to keep texas college football playoff hopes alive.,2025-10-24 19:53:02,arch manning,0,0,0,0,106
"marcel reed, garrett nussmeier represent opposing ends of college footballs qb spectrum #collegefootball",2025-10-24 19:38:29,arch manning,0,0,0,0,513
"so hes hurt and you find a problem with it , bet if he was white or this was arch manning or someone related to that color wouldnt be a issue",2025-10-24 19:15:24,arch manning,0,0,0,0,95
jaime ffrench will be elite. arch manning is horrible and he needs to transfer,2025-10-24 19:14:50,arch manning,2,0,2,0,1288
its a pissed off trae in orlando. he gonna drop 25 and get those free throws. sengun is a toss up arch manning dropped 350 on them niggas last year,2025-10-24 19:00:50,arch manning,1,0,0,0,180
"i just mailed arch manning a get better soon card. hes not sick or anything like that, so dont worry. i just think he can do better.",2025-10-24 18:41:02,arch manning,1,0,21,0,889
arch manning is gonna shit his pants when he sees my quilted vest and tudor combo in the stands tomorrow,2025-10-24 18:26:08,arch manning,0,0,3,0,82
coffee & football  october 24 | looking ahead to mississippi state | arch manning | steve sarkisian,2025-10-24 18:20:33,arch manning,0,2,9,0,1271
check out 2024 panini prizm draft picks #192 arch manning rc #192 rated prospect tag 9 #ebay via @ebay,2025-10-24 18:03:18,arch manning,0,0,0,0,34
yall got blown out by arch manning....,2025-10-24 17:27:55,arch manning,1,0,0,0,46
the arch manning of basketball?,2025-10-24 17:12:50,arch manning,0,0,0,0,64
"will mississippi state upset texas, arch manning, end sec losing streak? our prediction",2025-10-24 17:00:51,arch manning,0,0,0,1,787
does this still mean penn state and or arch manning suck?,2025-10-24 16:15:55,arch manning,0,0,0,0,99
i thought we retired generational talent after no one knew how to define it during the arch manning debacle,2025-10-24 16:11:37,arch manning,0,0,0,0,53
"as a former nfl scout, ive evaluated every snap arch manning has taken this season and the thing that strikes me the most is how uncomfortable hes looked through 7 games thats the one word i would use to describe him so far in 2025: uncomfortable. photo credit: getty images",2025-10-24 14:27:58,arch manning,1,0,3,0,2027
breaking news  people watch texas and arch manning,2025-10-24 14:23:46,arch manning,1,0,0,0,58
ohio state has beaten absolutely nobody all season also lol and cig had g5 players last year. sorry he didnt beat the #1 and #2 teams loaded with 5 stars on the road :rolling_on_the_floor_laughing::rolling_on_the_floor_laughing::rolling_on_the_floor_laughing: congrats on that 7 point win over arch manning :rolling_on_the_floor_laughing::rolling_on_the_floor_laughing::rolling_on_the_floor_laughing:,2025-10-24 13:22:00,arch manning,1,0,0,0,139
arch manning isnt even in the conversation,2025-10-24 10:07:57,arch manning,0,0,2,0,48
:rolling_on_the_floor_laughing::rolling_on_the_floor_laughing:crazy that you believe that but i bet you thought arch manning was generational sybau,2025-10-24 09:50:14,arch manning,0,0,6,0,99
"as much of a doormat as miss state is, i hate arch manning and stark more. leonards losers  texas",2025-10-24 09:24:11,arch manning,0,0,0,0,246
nall keep arch manning. dont change up now,2025-10-24 09:16:28,arch manning,0,0,0,0,97
i just saw a vuori ad with arch manning they really thought he was going to be great this season lmao,2025-10-24 09:07:32,arch manning,0,0,1,0,135
watch college football? arch manning is not who you want to spend a pick on right now.,2025-10-24 08:44:25,arch manning,1,0,12,0,150
ppl say stuff like this and praise arch manning,2025-10-24 08:39:28,arch manning,1,0,0,0,413
"really?? arch manning didnt do anything vs the buckeyes defense and hes overrated as well as the texas team there. the media mainly paul finebaum, colin cowherd, heather dinich, and others thought they would take the buckeyes out. so see what the media gets now for crowning",2025-10-24 08:36:48,arch manning,1,0,0,0,272
"this honestly looked like a team trying to tank for arch manning. this was purely pathetic. this made cousins look like a great primetime qb. and that is saying a lot!! that said, i blame koc 100%!!",2025-10-24 08:16:46,arch manning,9,0,5,0,1292
vegas had arch manning and drew allan as heisman favorites,2025-10-24 07:50:25,arch manning,0,0,5,0,787
"bench arch manning? no. clean the pocket, hold him accountable, let defense and special teams carry. #hookem #texaslonghorns",2025-10-24 07:48:37,arch manning,1,1,2,0,920
arch mannings dookie booty ahh is about to let mississippi state get their first sec win since 2023 and first home sec win since 2022,2025-10-24 07:41:09,arch manning,0,0,0,0,254
oline hasnt even been that bad. the 10 year veteran that reads the field like arch manning and refusing to throw the ball is a much bigger issue,2025-10-24 07:14:37,arch manning,0,0,3,0,383
just like arch manning?,2025-10-24 06:56:00,arch manning,1,0,0,0,84
arch manning knowing kevin mcfailure,2025-10-24 06:52:51,arch manning,0,0,1,0,61
the #lakings passing makes arch manning look accurate.,2025-10-24 06:52:50,arch manning,0,0,0,0,69
arch manning is too high,2025-10-24 06:36:09,arch manning,1,0,80,0,2061
can arch manning play on sundays?? #archmanning #nfl #nflseasonpredictio... via @youtube,2025-10-24 06:26:00,arch manning,0,0,0,0,96
manning not arch they not teach you how to read at iowa state?,2025-10-24 06:17:43,arch manning,1,0,0,0,68
:ogre: ncaaf epic analysis  4leg parlay (+495) :keycap_1: jmari taylor (north carolina tar heels)  over 1.5 player tds :down_arrow: download deepchamp ai  app store :keycap_2: ty simpson (alabama crimson tide)  over 149.5 passing yards :keycap_3: arch manning (mississippi state bulldogs)  over 149.5 passing,2025-10-24 06:07:31,arch manning,1,0,0,0,390
:bullseye: ncaaf sniper elite  4leg parlay (+229) :keycap_1: jmari taylor (north carolina tar heels)  over 1.5 player tds :down_arrow: download deepchamp ai  app store :keycap_2: ty simpson (alabama crimson tide)  over 149.5 passing yards :keycap_3: arch manning (mississippi state bulldogs)  over 149.5 passing,2025-10-24 06:07:12,arch manning,1,0,0,0,306
:ogre: ncaaf epic analysis  4leg parlay (+194) :keycap_1: garrett nussmeier (lsu tigers)  over 149.5 passing yards :down_arrow: download deepchamp ai  app store :keycap_2: arch manning (mississippi state bulldogs)  over 149.5 passing yards :keycap_3: kyron drones (virginia tech hokies)  over 149.5 passing,2025-10-24 06:06:32,arch manning,1,0,0,0,359
:glowing_star: ncaaf allstar combo  4leg parlay (+193) :keycap_1: rueben owens ii (texas a&m aggies)  over 24.5 player rush yards alternate :down_arrow: download deepchamp ai  app store :keycap_2: arch manning (mississippi state bulldogs)  over 149.5 passing yards :keycap_3: kyron drones (virginia tech hokies)  over,2025-10-24 06:06:11,arch manning,1,0,0,0,524
how quarterback arch manning and coach steve sarkisian can repeat last seasons success against mississippi state.,2025-10-24 06:00:45,arch manning,0,0,2,0,2337
"marcel reed, garrett nussmeier represent opposing ends of college footballs qb spectrum",2025-10-24 05:40:00,arch manning,0,0,1,0,3354
longhorn livestream | injury reports updated | texas football | steve sarkisian | arch manning,2025-10-24 05:20:52,arch manning,0,2,11,0,2739
arch manning or bust,2025-10-24 05:02:59,arch manning,0,0,0,0,67
the arch manning award maybe,2025-10-24 04:15:34,arch manning,0,1,2,0,105
marcel reed and garrett nussmeier play this weekend. they also reflect both ends of whats been a chaotic college quarterback season.,2025-10-24 03:53:21,arch manning,0,1,2,0,2066
tom brady defends arch manning as media scrutiny engulfs qb,2025-10-24 03:48:41,arch manning,0,0,0,0,65
"cfb player prop :american_football: arch manning o 19.5 rushing yards texas hits the road to starkville, mississippi as they look to keep their playoff hopes alive against mississippi state. arch and the texas offense havent looked good this season but solid spot for them to get the run game",2025-10-24 03:37:13,arch manning,0,2,32,10,3156
is this the arch manning watchlist because hes fucking ass or what?,2025-10-24 03:32:24,arch manning,0,0,3,0,451
how arch manning can repeat his 2024 success against mississippi state,2025-10-24 03:30:15,arch manning,1,2,4,0,812
"side note, have you seen the arch manning glasses commercial where he says when people saw me they said i had more of an accountant lookif people find that the memes will be generational",2025-10-24 03:23:20,arch manning,0,0,1,0,134
tweeting while taking an arch manning and telling the world is crazy,2025-10-24 03:22:04,arch manning,1,1,1,1,458
"when i find the time traveler that hyped me up when he told me that jackson arnold would outperform arch manning, dj lagway and lanorris sellers in total qbr, its hands on sight.",2025-10-24 03:16:05,arch manning,0,1,1,0,661
growing: arch manning is showing his youth in 2025 | how will he perform this week? #mississippistatefootball #texasfootball,2025-10-24 03:00:27,arch manning,0,0,0,0,88
yet worst red zone efficiency things just dont change.. time to lock in picks for arch manning !,2025-10-24 02:51:18,arch manning,0,0,0,0,73
dj lagway has 9 tds & 9 ints blake shapen & arch manning both have 5 ints so get your stats right,2025-10-24 02:21:20,arch manning,1,0,0,0,370
di lagway has 9tds & 9ints blake shapen has 5ints arch manning has 5ints so get your facts and stats straight,2025-10-24 02:19:58,arch manning,2,0,1,0,524
the arch manning list? fatrick is a bum!,2025-10-24 02:16:16,arch manning,0,0,1,0,87
arch manning and the no. 22 longhorns visit mississippi state. here are predictions of the americanstatesman reporters.,2025-10-24 02:15:09,arch manning,0,0,0,0,1632
tom brady steps up for arch manning as media attention intensifies on the texas quarterback,2025-10-24 02:12:08,arch manning,0,0,0,0,56
"tom brady calls out negativity surrounding arch manning, young athletes",2025-10-24 02:11:57,arch manning,0,0,1,0,344
tom brady defends arch manning :thumbs_up:,2025-10-24 02:11:56,arch manning,0,0,0,0,124
tom brady defends arch manning as intense media scrutiny engulfs texas qb,2025-10-24 02:09:59,arch manning,0,0,3,0,1557
"$$$ you remember the arch manning hype ? $$$ they throw money around to promote their programs. the real ones, that watch the games know the truth! texas aint it!",2025-10-24 02:08:48,arch manning,0,0,0,0,78
:glowing_star: ncaaf rising star  4leg parlay (+494) :keycap_1: arch manning (mississippi state bulldogs)  over 149.5 passing yards :down_arrow: download deepchamp ai  app store :keycap_2: jmari taylor (north carolina tar heels)  over 1.5 player tds :keycap_3: garrett nussmeier (lsu tigers)  over 149.5 passing yards,2025-10-24 02:06:30,arch manning,1,0,0,0,307
:fire: ncaaf epic breakdown  4leg parlay (158) :keycap_1: arch manning (mississippi state bulldogs)  over 149.5 passing yards :down_arrow: download deepchamp ai  app store :keycap_2: ty simpson (alabama crimson tide)  over 149.5 passing yards :keycap_3: kyron drones (virginia tech hokies)  over 149.5 passing,2025-10-24 02:06:11,arch manning,1,0,0,0,211
"texas a&ms marcel reed, lsus garrett nussmeier represent opposing ends of college footballs qb spectrum more from @mcfarland_shawn :backhand_index_pointing_down:",2025-10-24 02:05:00,arch manning,0,1,1,0,1068
shouldnt this award be given to arch manning?! isnt he the greatest quarterback in the history of college football!? :american_football: :potato::grinning_squinting_face:,2025-10-24 01:58:49,arch manning,0,1,3,0,74
shouldnt be awarded to arch manning?! isnt he the greatest quarterback in the history of college football!?,2025-10-24 01:55:45,arch manning,0,0,4,0,224
"arch manning was clearly overhyped/overrated coming into the season. but the longhorns defense? living up to expectations! how should bettors approach texas as they travel to starkville on saturday? heres my take, powered by @wagertalk",2025-10-24 01:16:10,arch manning,0,1,3,0,6965
:ogre: ncaaf beast breakdown  4leg parlay (+319) :keycap_1: dante moore (oregon ducks)  over 235.5 passing yards :down_arrow: download deepchamp ai  app store :keycap_2: rueben owens ii (texas a&m aggies)  over 24.5 player rush yards alternate :keycap_3: arch manning (mississippi state bulldogs)  over 149.5,2025-10-24 01:07:22,arch manning,1,0,0,0,287
return of key offensive weapon could provide arch manning with needed boost via @yardbarker #archmanning #cjbaxter #quintrevionwisner #hookem #texaslonghorns #texaslonghorns #texas #collegefootball #collegefootballtwitter,2025-10-24 01:06:04,arch manning,0,0,3,0,138
:rocket: ncaaf rocket ship  4leg parlay (+495) :keycap_1: garrett nussmeier (lsu tigers)  over 149.5 passing yards :down_arrow: download deepchamp ai  app store :keycap_2: arch manning (mississippi state bulldogs)  over 149.5 passing yards :keycap_3: jmari taylor (north carolina tar heels)  over 1.5 player tds,2025-10-24 01:05:09,arch manning,1,0,0,0,220
"texas prediction: can arch manning, longhorns offense rebound vs. mississippi state? @llhightower8 | #hookem",2025-10-24 01:05:00,arch manning,0,0,0,0,799
"its funny bc ive been adamant about will being able to fit the schemes, and every beat writer has demanded we trade up to get guys like arch manning, drew aller, nussemeier or lanorris sellers but all of those guys have folded and havent been stellar this year. will is better",2025-10-24 00:53:03,arch manning,0,0,0,0,85
finebaum also said arch manning was the best qb since tebow before the season started lol,2025-10-24 00:47:24,arch manning,1,0,3,0,64
the precious cargo of the team is arch manning and in year 5 we have a fucking ol that cant protect him!!!!!! @_delconte @kjjflood,2025-10-24 00:21:43,arch manning,1,0,4,0,262
genuinely who would pay 7k if you have to watch arch manning play football,2025-10-24 00:17:44,arch manning,0,0,1,0,145
:glowing_star: ncaaf rising star  4leg parlay (+229) :keycap_1: rueben owens ii (texas a&m aggies)  over 24.5 player rush yards alternate :down_arrow: download deepchamp ai  app store :keycap_2: jmari taylor (north carolina tar heels)  over 1.5 player tds :keycap_3: arch manning (mississippi state bulldogs)  over,2025-10-24 00:07:44,arch manning,1,0,0,0,266
:trophy: ncaaf incredible spotlight  4leg parlay (+193) :keycap_1: dante moore (oregon ducks)  over 235.5 passing yards :down_arrow: download deepchamp ai  app store :keycap_2: rueben owens ii (texas a&m aggies)  over 24.5 player rush yards alternate :keycap_3: arch manning (mississippi state bulldogs)  over,2025-10-24 00:06:21,arch manning,1,0,0,0,206
:gem_stone: ncaaf flawless cut  4leg parlay (+494) :keycap_1: rueben owens ii (texas a&m aggies)  over 24.5 player rush yards alternate :down_arrow: download deepchamp ai  app store :keycap_2: dante moore (oregon ducks)  over 235.5 passing yards :keycap_3: arch manning (mississippi state bulldogs)  over 149.5,2025-10-24 00:05:12,arch manning,1,0,0,0,173
"arch manning and cj stroud are in the same boat, they both have terrible mechanics purely coming from a terrible oline and the constant feeling of being under pressure, horrid coaching and schemes, and the need to put the team on their back and force plays which lead to ints.",2025-10-24 00:01:22,arch manning,1,0,3,0,263
no one should ever let these stupid ass talking heads forget the bs the spewed about arch manning all off season,2025-10-23 23:51:55,arch manning,1,0,0,0,130
i mean if arch had the line ewers did last year hed look like a heisman candidate. there is a cruel truth we have to acknowledge though and thats that arch is easily rattled and has really bad mechanics. imo ewers would look even worse than manning this year.,2025-10-23 23:41:12,arch manning,0,0,0,0,91
:bullseye: ncaaf phenomenal breakdown  4leg parlay (+132) :keycap_1: ty simpson (alabama crimson tide)  over 149.5 passing yards :down_arrow: download deepchamp ai  app store :keycap_2: garrett nussmeier (lsu tigers)  over 149.5 passing yards :keycap_3: arch manning (mississippi state bulldogs)  over 149.5 passing,2025-10-23 23:07:43,arch manning,1,0,0,0,163
:rocket: ncaaf rocket ship  4leg parlay (+132) :keycap_1: dante moore (oregon ducks)  over 235.5 passing yards :down_arrow: download deepchamp ai  app store :keycap_2: ty simpson (alabama crimson tide)  over 149.5 passing yards :keycap_3: arch manning (mississippi state bulldogs)  over 149.5 passing yards :keycap_4:,2025-10-23 23:07:22,arch manning,1,0,0,0,88
:gem_stone: ncaaf jewel heist  4leg parlay (+316) :keycap_1: kyron drones (virginia tech hokies)  over 149.5 passing yards :down_arrow: download deepchamp ai  app store :keycap_2: arch manning (mississippi state bulldogs)  over 149.5 passing yards :keycap_3: jmari taylor (north carolina tar heels)  over 1.5 player,2025-10-23 23:06:37,arch manning,1,0,0,0,155
which manning? arch?,2025-10-23 22:41:44,arch manning,2,2,42,0,1647
this bet might make up for me betting arch manning to win the heisman before the season started.,2025-10-23 22:30:08,arch manning,0,0,4,0,1527
bingo. all jokes aside arch manning is not very good and he is a dorky type of kid. he should be playing naia somewhere and would be if not for last name.,2025-10-23 22:23:49,arch manning,0,0,0,0,89
arch manning was arrested this morning he wasnt illegally betting on games hes just hot ass from time to time,2025-10-23 22:12:07,arch manning,0,0,0,0,90
:fire: ncaaf burning bright  4leg parlay (+316) :keycap_1: rueben owens ii (texas a&m aggies)  over 24.5 player rush yards alternate :down_arrow: download deepchamp ai  app store :keycap_2: arch manning (mississippi state bulldogs)  over 149.5 passing yards :keycap_3: kyron drones (virginia tech hokies)  over,2025-10-23 22:10:12,arch manning,1,0,0,0,18
:trophy: ncaaf title fight  4leg parlay (+320) :keycap_1: garrett nussmeier (lsu tigers)  over 149.5 passing yards :down_arrow: download deepchamp ai  app store :keycap_2: dante moore (oregon ducks)  over 235.5 passing yards :keycap_3: ty simpson (alabama crimson tide)  over 149.5 passing yards :keycap_4: arch manning,2025-10-23 22:09:50,arch manning,1,0,0,0,1
:rocket: ncaaf rocket fuel  4leg parlay (+319) :keycap_1: dante moore (oregon ducks)  over 235.5 passing yards :down_arrow: download deepchamp ai  app store :keycap_2: rueben owens ii (texas a&m aggies)  over 24.5 player rush yards alternate :keycap_3: arch manning (mississippi state bulldogs)  over 149.5,2025-10-23 22:07:24,arch manning,1,0,0,0,129
:gem_stone: ncaaf hidden gem  4leg parlay (+320) :keycap_1: dante moore (oregon ducks)  over 235.5 passing yards :down_arrow: download deepchamp ai  app store :keycap_2: arch manning (mississippi state bulldogs)  over 149.5 passing yards :keycap_3: garrett nussmeier (lsu tigers)  over 149.5 passing yards :keycap_4: ty,2025-10-23 22:07:02,arch manning,1,0,0,0,126
thats just how many points theyre scoring with arch manning at qb,2025-10-23 22:03:44,arch manning,0,0,1,0,167
tom brady is not happy with the narrative surrounding arch manning:,2025-10-23 21:45:00,arch manning,0,0,0,0,156
heres my take. how often was arch hit and on the run at manning private high school? hes never experienced this kind of heat. its like stepping from boot camp onto omaha beach. he has the goods. he just hasnt received the proper development. this offseason will be key.,2025-10-23 21:17:30,arch manning,0,0,0,0,219
:high_voltage: ncaaf live wire  4leg parlay (+316) :keycap_1: kyron drones (virginia tech hokies)  over 149.5 passing yards :down_arrow: download deepchamp ai  app store :keycap_2: rueben owens ii (texas a&m aggies)  over 24.5 player rush yards alternate :keycap_3: arch manning (mississippi state bulldogs)  over 149.5,2025-10-23 21:08:22,arch manning,1,0,0,0,143
:fire: ncaaf red hot  4leg parlay (+495) :keycap_1: dante moore (oregon ducks)  over 235.5 passing yards :down_arrow: download deepchamp ai  app store :keycap_2: arch manning (mississippi state bulldogs)  over 149.5 passing yards :keycap_3: jmari taylor (north carolina tar heels)  over 1.5 player tds :keycap_4: ty,2025-10-23 21:07:40,arch manning,1,0,0,0,129
:glowing_star: ncaaf showstopper  4leg parlay (+193) :keycap_1: rueben owens ii (texas a&m aggies)  over 24.5 player rush yards alternate :down_arrow: download deepchamp ai  app store :keycap_2: garrett nussmeier (lsu tigers)  over 149.5 passing yards :keycap_3: arch manning (mississippi state bulldogs)  over 149.5,2025-10-23 21:07:21,arch manning,1,0,0,0,157
:slot_machine: ncaaf jackpot special  4leg parlay (+494) :keycap_1: arch manning (mississippi state bulldogs)  over 149.5 passing yards :down_arrow: download deepchamp ai  app store :keycap_2: rueben owens ii (texas a&m aggies)  over 24.5 player rush yards alternate :keycap_3: garrett nussmeier (lsu tigers)  over,2025-10-23 21:06:40,arch manning,1,0,0,0,139
:fire: ncaaf flame thrower  4leg parlay (+494) :keycap_1: arch manning (mississippi state bulldogs)  over 149.5 passing yards :down_arrow: download deepchamp ai  app store :keycap_2: rueben owens ii (texas a&m aggies)  over 24.5 player rush yards alternate :keycap_3: garrett nussmeier (lsu tigers)  over 149.5,2025-10-23 21:05:10,arch manning,1,0,0,0,137
texas football qb arch manning is one of several preseason heisman trophy candidates who didnt pan out. many have spent 2025 running for their lives.,2025-10-23 21:00:20,arch manning,0,0,0,0,1223
uconn qbs stats make arch manning look overrated...,2025-10-23 20:57:51,arch manning,0,0,0,0,149
"every metric is flawed but recruiting rankings have tightened up a lot! problem is everyone focuses on the misses. everyone looks at arch manning but nobody highlights how accurate they were about jeremiah smith, etc. im not going to be one to change your mind about a",2025-10-23 20:29:07,arch manning,1,0,0,0,76
they barely beat texas and arch manning spent the entire day throwing the ball at the ground.,2025-10-23 20:24:44,arch manning,0,0,1,0,89
hes pretty relevant. best driver to come out of mexico and will be making his return to f1 in a few months. id say arch manning is kinda like that. gets all the hype because hes a manning but hes just cheeks.,2025-10-23 20:24:27,arch manning,2,0,1,0,64
:trophy: ncaaf championship belt  4leg parlay (+430) :keycap_1: dante moore (oregon ducks)  over 235.5 passing yards :down_arrow: download deepchamp ai  app store :keycap_2: arch manning (mississippi state bulldogs)  over 149.5 passing yards :keycap_3: garrett nussmeier (lsu tigers)  over 149.5 passing yards :keycap_4:,2025-10-23 20:10:57,arch manning,1,0,0,0,12
:trophy: ncaaf hall of fame  4leg parlay (+132) :keycap_1: arch manning (mississippi state bulldogs)  over 149.5 passing yards (630) :down_arrow: download deepchamp ai  app store :keycap_2: garrett nussmeier (lsu tigers)  over 149.5 passing yards (115) :keycap_3: ty simpson (alabama crimson tide)  over 149.5,2025-10-23 20:08:10,arch manning,1,0,0,0,90
:rocket: ncaaf moon shot  4leg parlay (+495) :keycap_1: dante moore (oregon ducks)  over 235.5 passing yards :down_arrow: download deepchamp ai  app store :keycap_2: ty simpson (alabama crimson tide)  over 149.5 passing yards :keycap_3: arch manning (mississippi state bulldogs)  over 149.5 passing yards :keycap_4:,2025-10-23 20:05:54,arch manning,1,0,0,0,109
arch manning is pedestrian. vanderbilt will probably win that game. then 1 more before i get my chalice.,2025-10-23 19:55:53,arch manning,0,0,5,0,1094
"the five quarterbacks considered most likely to win the heisman trophy are nowhere near the picture in week 9. one is out for the year. three, including arch manning, have spent 2025 running for their lives:",2025-10-23 19:47:22,arch manning,0,0,0,0,404
"what arch manning, other heisman trophy busts have in common",2025-10-23 19:30:12,arch manning,0,1,0,0,638
:bullseye: ncaaf money shot  4leg parlay (+320) :keycap_1: dante moore (oregon ducks)  over 235.5 passing yards :down_arrow: download deepchamp ai  app store :keycap_2: garrett nussmeier (lsu tigers)  over 149.5 passing yards :keycap_3: ty simpson (alabama crimson tide)  over 149.5 passing yards :keycap_4: arch manning,2025-10-23 19:08:28,arch manning,1,0,0,0,95
arch manning is a carbon copy of sanders and gabriel. hes bad too,2025-10-23 19:07:32,arch manning,0,0,0,0,32
:bullseye: ncaaf straight shooter  4leg parlay (+194) :keycap_1: arch manning (mississippi state bulldogs)  over 149.5 passing yards :down_arrow: download deepchamp ai  app store :keycap_2: kyron drones (virginia tech hokies)  over 149.5 passing yards :keycap_3: ty simpson (alabama crimson tide)  over 149.5,2025-10-23 19:06:42,arch manning,1,0,0,0,79
:gem_stone: ncaaf jewel heist  4leg parlay (+194) :keycap_1: ty simpson (alabama crimson tide)  over 149.5 passing yards :down_arrow: download deepchamp ai  app store :keycap_2: kyron drones (virginia tech hokies)  over 149.5 passing yards :keycap_3: arch manning (mississippi state bulldogs)  over 149.5 passing,2025-10-23 19:05:58,arch manning,1,0,0,0,97
:ogre: ncaaf monster analysis  4leg parlay (+430) :keycap_1: dante moore (oregon ducks)  over 235.5 passing yards :down_arrow: download deepchamp ai  app store :keycap_2: arch manning (mississippi state bulldogs)  over 149.5 passing yards :keycap_3: garrett nussmeier (lsu tigers)  over 149.5 passing yards :keycap_4:,2025-10-23 19:05:10,arch manning,1,0,0,0,63
each qb situation in the sec graded after eight weeks of games.,2025-10-23 19:00:11,arch manning,0,0,1,1,466
arch manning misses him.,2025-10-23 18:45:03,arch manning,0,0,1,0,34
tom brady defends arch manning from criticism: great kid and great player,2025-10-23 18:26:03,arch manning,0,0,0,0,297
coffee & football  october 23 | looking ahead to mississippi state | arch manning | steve sarkisian,2025-10-23 18:18:34,arch manning,0,1,4,0,1894
"jerry jones, a businessman, may have backed his dallas cowboys into an oil well. trade away a 1st & or 2nd in 2026 for picks in 2027. use some of 2027 capital to trade up for arch manning who waits behind dak a year or two with a better roster if they hit on the 2026 draft",2025-10-23 18:18:16,arch manning,0,0,0,0,177
:ogre: ncaaf legendary analysis  4leg parlay (+973) :keycap_1: dante moore (oregon ducks)  over 235.5 passing yards :down_arrow: download deepchamp ai  app store :keycap_2: garrett nussmeier (lsu tigers)  over 149.5 passing yards :keycap_3: arch manning (mississippi state bulldogs)  over 149.5 passing yards :keycap_4:,2025-10-23 18:11:21,arch manning,1,0,0,0,7
:collision: ncaaf power surge  4leg parlay (+193) :keycap_1: dante moore (oregon ducks)  over 235.5 passing yards :down_arrow: download deepchamp ai  app store :keycap_2: arch manning (mississippi state bulldogs)  over 149.5 passing yards :keycap_3: kyron drones (virginia tech hokies)  over 149.5 passing yards :keycap_4:,2025-10-23 18:07:18,arch manning,1,0,0,0,68
:bullseye: ncaaf marksman special  4leg parlay (+193) :keycap_1: garrett nussmeier (lsu tigers)  over 149.5 passing yards (115) :down_arrow: download deepchamp ai  app store :keycap_2: rueben owens ii (texas a&m aggies)  over 24.5 player rush yards alternate (2800) :keycap_3: arch manning (mississippi state,2025-10-23 18:06:57,arch manning,1,0,0,0,90
i think the following players return another year: lanoris sellers (qb south carolina) cade klubnik (qb clemson) eric singleton jr (wr auburn) arch manning (qb texas),2025-10-23 17:54:40,arch manning,0,0,8,1,2473
looks like arch manning is trying to tank for the indianapolis colts,2025-10-23 17:06:56,arch manning,0,0,0,0,92
podcast episodes. time to sit arch manning? the hypocrisy of antivaxxers. footballs greatest riskreward. the jeff ward show airs weekdays 36pm on espn (102.7 fm).,2025-10-23 16:50:39,arch manning,0,0,0,0,221
"arch mannings feet, arm and mind have been out of alignment too often this season through the first 7 games. photo credit: getty images",2025-10-23 16:43:00,arch manning,1,0,4,0,2872
"texas qb arch manning vs mississippi state: :sign_of_the_horns: 6/31 :sign_of_the_horns: 24 yds :sign_of_the_horns: 0total tds :sign_of_the_horns: 3 ints :sign_of_the_horns_medium_skin_tone: 1 fumble there, fixed it for you.",2025-10-23 16:32:53,arch manning,0,0,0,0,11
midseason grades for every sec quarterback situation #oklahomasooners #sooners #oklahomasports #soonersports #boomersooner,2025-10-23 16:30:30,arch manning,0,0,0,0,54
should they sell for arch manning???,2025-10-23 16:24:07,arch manning,0,0,1,0,63
midseason grades for every sec quarterback situation,2025-10-23 16:20:59,arch manning,0,0,1,0,538
i will wait for the rest of the season to see who is legit arch manning led this class without starting a season and we have seen how that has panned out. my issue is i dont see these guys as superstars that will raise the steelers to another level yet.,2025-10-23 14:23:40,arch manning,0,0,0,0,44
arch shouldnt get drafted at all. we all have eyes but he will bc of his name. the nfl doesnt need another mediocre manning. arch isnt an nfl talent. now or in the future. they failed him by protecting him in that weak ass school and league in hs,2025-10-23 13:32:16,arch manning,0,0,0,0,37
you played a close game with arch manning. if they had bryce young and those receivers osu gives up 40. georgia played 4 ranked teams osu only 2. this isnt a debate. the big 10 is trash. osus toughest game is the sec for a reason. the big 10 is trash besides 3 teams,2025-10-23 13:31:49,arch manning,0,0,0,0,72
"ai panini has many exclusive athletes, including active stars like caitlin clark, luka doni, and arch manning, alongside legends such as david beckham and dwyane wade. other notable athletes include shai gilgeousalexander, christian pulisic, and kylian mbapp.",2025-10-23 11:54:44,arch manning,0,0,0,0,476
"great monologue as usual benjamin, could cooper flagg be the nbas arch manning? stay tuned :rolling_on_the_floor_laughing:",2025-10-23 11:20:06,arch manning,0,0,5,0,270
and toledo covered ha. we arent supposed to win those games. our qb looked a hell of a lot better than arch manning. 132 passing yards? d3 numbers right?,2025-10-23 10:49:30,arch manning,1,0,0,0,53
sarks crossroads: arch manning or backup qb? texas must fix offense now... via @youtube,2025-10-23 10:46:14,arch manning,0,0,0,0,79
who is winning a game of 1 on 1 between wemby and arch manning?,2025-10-23 09:30:15,arch manning,0,0,0,0,168
cooper flagg is the arch manning of the nba. most over hyped dudes and both average,2025-10-23 08:57:46,arch manning,0,1,1,0,127
hes literally the arch manning of the nba! most over rated over hyped dudes and both average at best,2025-10-23 08:56:13,arch manning,0,0,0,0,20
cooper flagg & arch manning,2025-10-23 08:41:49,arch manning,4,0,5,0,651
"damn, first arch manning, now cooper flagg. maybe the media should take a beat before anointing the second coming. maybe let them breathe a bit and see how things play out??",2025-10-23 08:39:05,arch manning,0,1,3,1,415
cooper flagg looking a little lost out there tonight. is flagg the arch manning of basketball? i would assume going from the kids arch played in high school to the sec would be the same as going acc to nba,2025-10-23 08:38:29,arch manning,0,0,0,0,256
yeah thats the problem. good players and great players have this generational label when they arent marvin harrison jr and arch manning come to mind,2025-10-23 08:28:24,arch manning,3,0,1,0,189
cooper flagg is the arch manning of the nba 3qrts no assist #nba #prizepicks,2025-10-23 08:27:44,arch manning,3,0,19,0,2121
arch manning is so overrated,2025-10-23 08:14:29,arch manning,0,0,0,0,42
arch manning is overrated,2025-10-23 08:13:53,arch manning,0,0,0,0,48
is it me or cooper flagg the basketball version of arch manning #cooperflagg #archmanning,2025-10-23 08:05:03,arch manning,0,0,3,0,366
"arch manning will be the 4th member of the manning family to play qb at davis wade stadium/scott field. archie was 10, peyton 01, and eli (11). what will archs record be?",2025-10-23 08:03:08,arch manning,1,0,3,0,235
cooper flagg :handshake: arch manning,2025-10-23 07:57:24,arch manning,0,0,0,0,235
"looking at a big game to save up for next year, texas or alabama. leaning more towards bama, but seeing arch manning would be cool",2025-10-23 07:09:02,arch manning,0,0,0,0,63
"cmon tough guy... if 20yr old arch manning can handle it, you can too.",2025-10-23 06:51:12,arch manning,0,0,0,0,45
"if you havent figured it out, the portal is much more important than high school class rankings, which are often very wrong. look at arch manning for instance. in fact, just at the track record for top hs recruits year to year.",2025-10-23 06:43:41,arch manning,0,0,0,0,55
"funny how folks like you didnt have this opinion when everyone was drooling all over arch manning...now that hes a bust, yall dont care anymore :face_with_tears_of_joy:",2025-10-23 06:41:16,arch manning,0,0,0,0,61
well they probably can still grab arch manning and win the super bowl now :rolling_on_the_floor_laughing: nobody is going to want him.,2025-10-23 06:20:45,arch manning,0,0,0,0,50
"imagine telling someone 5 years ago that arch manning would be making more than $5 mil/yr at texas and able to bet on pro sports from his locker room. they wouldnt believe you. the ncaa held onto its proverbial overton window for decades. then seemingly overnight, it shifted.",2025-10-23 06:07:02,arch manning,0,0,1,0,351
come to ut we have hot guys and arch manning!,2025-10-23 06:03:25,arch manning,0,0,0,0,18
id be throwing a fit too if my only 2 possible good wins were riding on arch manning and brett bielema,2025-10-23 06:02:17,arch manning,0,0,1,0,239
