tweet,tweet_analytics,date,query,username,display_name,tweet_id
Universal healthcare is a fundamental human right that every developed nation should provide to its citizens,"{""replies"": 45, ""retweets"": 128, ""quotes"": 12, ""likes"": 892, ""views"": 5420}",2024-01-15 09:30:00-06:00,healthcare_debate,progressive_doc,Dr. Sarah Chen,2001
Government healthcare is socialism and will destroy our economy. Let the free market provide better solutions,"{""replies"": 67, ""retweets"": 89, ""quotes"": 8, ""likes"": 654, ""views"": 4200}",2024-01-15 10:15:00-06:00,healthcare_debate,liberty_first,John Freedom,2002
We need to find a middle ground on healthcare - maybe a public option alongside private insurance?,"{""replies"": 23, ""retweets"": 45, ""quotes"": 5, ""likes"": 234, ""views"": 1800}",2024-01-15 11:00:00-06:00,healthcare_debate,moderate_mom,Susan Miller,2003
Every person deserves access to quality healthcare regardless of their ability to pay,"{""replies"": 34, ""retweets"": 87, ""quotes"": 9, ""likes"": 567, ""views"": 3200}",2024-01-15 12:30:00-06:00,healthcare_debate,medical_student,Future Dr. Kim,2004
Private healthcare competition drives innovation and keeps costs down better than any government program,"{""replies"": 56, ""retweets"": 78, ""quotes"": 11, ""likes"": 445, ""views"": 2890}",2024-01-15 13:15:00-06:00,healthcare_debate,market_advocate,Free Market Mike,2005
Healthcare costs are crushing families. We need solutions that work for everyone,"{""replies"": 12, ""retweets"": 34, ""quotes"": 3, ""likes"": 156, ""views"": 890}",2024-01-15 14:00:00-06:00,healthcare_debate,concerned_parent,Working Mom,2006
Medical bankruptcies don't exist in countries with universal healthcare systems,"{""replies"": 78, ""retweets"": 156, ""quotes"": 18, ""likes"": 890, ""views"": 5600}",2024-01-15 15:30:00-06:00,healthcare_debate,policy_researcher,Data Dave,2007
Competition and choice in healthcare have made America the world leader in medical innovation,"{""replies"": 67, ""retweets"": 123, ""quotes"": 15, ""likes"": 678, ""views"": 4500}",2024-01-15 16:45:00-06:00,healthcare_debate,innovation_fan,Tech Entrepreneur,2008
Maybe we can learn from both market-based and government systems around the world?,"{""replies"": 19, ""retweets"": 28, ""quotes"": 4, ""likes"": 123, ""views"": 780}",2024-01-15 17:20:00-06:00,healthcare_debate,global_student,International Studies,2009
"Healthcare is a human right, not a commodity to be bought and sold for profit","{""replies"": 89, ""retweets"": 234, ""quotes"": 23, ""likes"": 1234, ""views"": 7800}",2024-01-15 18:00:00-06:00,healthcare_debate,rights_advocate,Human Rights Helen,2010
Climate change is the defining issue of our generation. We must act NOW with bold green policies!,"{""replies"": 156, ""retweets"": 234, ""quotes"": 28, ""likes"": 1450, ""views"": 8900}",2024-01-16 08:45:00-06:00,climate_debate,green_warrior,Alex Green,2011
"Climate alarmism is hurting working families. We need jobs and economic growth, not radical environmental policies","{""replies"": 189, ""retweets"": 167, ""quotes"": 31, ""likes"": 1123, ""views"": 7650}",2024-01-16 09:30:00-06:00,climate_debate,coal_country,Mike Steel,2012
Both sides have valid points on climate policy. Can we balance environmental protection with economic needs?,"{""replies"": 34, ""retweets"": 67, ""quotes"": 7, ""likes"": 445, ""views"": 2300}",2024-01-16 10:15:00-06:00,climate_debate,thoughtful_voter,Emma Johnson,2013
Renewable energy creates more jobs than fossil fuels and protects our children's future,"{""replies"": 67, ""retweets"": 145, ""quotes"": 16, ""likes"": 789, ""views"": 4200}",2024-01-16 11:00:00-06:00,climate_debate,solar_engineer,Clean Energy Carl,2014
Cheap natural gas has made America energy independent. Green policies will make us dependent on China,"{""replies"": 78, ""retweets"": 134, ""quotes"": 19, ""likes"": 656, ""views"": 3800}",2024-01-16 12:30:00-06:00,climate_debate,energy_worker,Pipeline Pete,2015
"Climate science shows we need urgent action, but the transition must be fair to workers","{""replies"": 23, ""retweets"": 45, ""quotes"": 6, ""likes"": 234, ""views"": 1500}",2024-01-16 13:45:00-06:00,climate_debate,union_rep,Labor Leader,2016
Fossil fuel companies knew about climate change for decades and lied to the public,"{""replies"": 123, ""retweets"": 278, ""quotes"": 34, ""likes"": 1567, ""views"": 9200}",2024-01-16 14:20:00-06:00,climate_debate,environmental_lawyer,Climate Justice,2017
American oil and gas production has reduced global emissions by replacing dirty foreign energy,"{""replies"": 89, ""retweets"": 156, ""quotes"": 22, ""likes"": 890, ""views"": 5400}",2024-01-16 15:15:00-06:00,climate_debate,petroleum_geologist,Oil Industry Expert,2018
We need evidence-based climate policy that considers both environmental and economic impacts,"{""replies"": 34, ""retweets"": 56, ""quotes"": 8, ""likes"": 345, ""views"": 2100}",2024-01-16 16:00:00-06:00,climate_debate,policy_analyst,Evidence Based,2019
Green technology innovation will solve climate change while creating economic prosperity,"{""replies"": 45, ""retweets"": 89, ""quotes"": 12, ""likes"": 567, ""views"": 3400}",2024-01-16 17:30:00-06:00,climate_debate,green_tech,Innovation Inc,2020
Tax the billionaires! No one needs that much wealth while people are homeless and hungry,"{""replies"": 234, ""retweets"": 567, ""quotes"": 45, ""likes"": 2890, ""views"": 15600}",2024-01-17 14:20:00-06:00,tax_debate,eat_the_rich,Revolutionary Rob,2021
Higher taxes kill jobs and punish success. We need lower taxes to unleash American entrepreneurship,"{""replies"": 198, ""retweets"": 445, ""quotes"": 38, ""likes"": 2234, ""views"": 12800}",2024-01-17 15:05:00-06:00,tax_debate,supply_side,Businesswoman Beth,2022
Maybe we could reform the tax code to be more fair without going to extremes either way?,"{""replies"": 45, ""retweets"": 78, ""quotes"": 12, ""likes"": 567, ""views"": 3400}",2024-01-17 16:30:00-06:00,tax_debate,pragmatic_pete,Pete Wilson,2023
Wealth inequality is destroying democracy. Progressive taxation built the middle class,"{""replies"": 89, ""retweets"": 167, ""quotes"": 21, ""likes"": 1123, ""views"": 6700}",2024-01-17 17:15:00-06:00,tax_debate,inequality_expert,Professor Economics,2024
Low taxes attract investment and create jobs. High tax states are losing businesses and population,"{""replies"": 76, ""retweets"": 134, ""quotes"": 18, ""likes"": 890, ""views"": 5200}",2024-01-17 18:00:00-06:00,tax_debate,business_relocator,Moving South,2025
Tax policy should balance revenue needs with economic growth incentives,"{""replies"": 23, ""retweets"": 41, ""quotes"": 5, ""likes"": 234, ""views"": 1400}",2024-01-17 19:30:00-06:00,tax_debate,fiscal_moderate,Budget Balancer,2026
The ultra-wealthy benefit from public infrastructure but don't pay their fair share,"{""replies"": 67, ""retweets"": 123, ""quotes"": 15, ""likes"": 789, ""views"": 4500}",2024-01-17 20:15:00-06:00,tax_debate,infrastructure_advocate,Roads and Schools,2027
Entrepreneurs create value and jobs. Punitive taxation drives them to more friendly countries,"{""replies"": 54, ""retweets"": 98, ""quotes"": 13, ""likes"": 567, ""views"": 3200}",2024-01-17 21:00:00-06:00,tax_debate,startup_founder,Innovation Driver,2028
Effective tax policy requires understanding both economic theory and practical impacts,"{""replies"": 19, ""retweets"": 32, ""quotes"": 4, ""likes"": 156, ""views"": 890}",2024-01-17 22:30:00-06:00,tax_debate,tax_accountant,Numbers Person,2029
Smart tax reform could increase revenue while supporting economic growth,"{""replies"": 28, ""retweets"": 45, ""quotes"": 6, ""likes"": 234, ""views"": 1500}",2024-01-17 23:15:00-06:00,tax_debate,policy_wonk,Think Tank,2030
"Immigration strengthens America by bringing talent, innovation, and cultural richness","{""replies"": 123, ""retweets"": 267, ""quotes"": 31, ""likes"": 1456, ""views"": 8900}",2024-01-18 09:00:00-06:00,immigration_debate,diversity_advocate,Melting Pot,2031
Illegal immigration undermines wages and takes jobs from American citizens,"{""replies"": 156, ""retweets"": 234, ""quotes"": 28, ""likes"": 1234, ""views"": 7800}",2024-01-18 10:30:00-06:00,immigration_debate,america_first,Border Patrol,2032
Immigration policy should be both humane and practical for our economic needs,"{""replies"": 45, ""retweets"": 78, ""quotes"": 9, ""likes"": 456, ""views"": 2700}",2024-01-18 11:15:00-06:00,immigration_debate,policy_realist,Common Sense,2033
Immigrants start businesses at higher rates than native-born Americans,"{""replies"": 67, ""retweets"": 134, ""quotes"": 16, ""likes"": 678, ""views"": 4100}",2024-01-18 12:45:00-06:00,immigration_debate,entrepreneur_data,Small Business,2034
Border security is national security. We must know who is entering our country,"{""replies"": 89, ""retweets"": 156, ""quotes"": 19, ""likes"": 890, ""views"": 5400}",2024-01-18 13:30:00-06:00,immigration_debate,security_first,Border Security,2035
Comprehensive immigration reform should include both border security and pathway to citizenship,"{""replies"": 34, ""retweets"": 67, ""quotes"": 8, ""likes"": 345, ""views"": 2100}",2024-01-18 14:15:00-06:00,immigration_debate,comprehensive_reform,Bipartisan Bridge,2036
America was built by immigrants. Diversity is our strength and competitive advantage,"{""replies"": 78, ""retweets"": 145, ""quotes"": 17, ""likes"": 789, ""views"": 4800}",2024-01-18 15:00:00-06:00,immigration_debate,historian_perspective,Ellis Island,2037
Legal immigration is great. Illegal immigration is unfair to those who follow the rules,"{""replies"": 67, ""retweets"": 123, ""quotes"": 14, ""likes"": 567, ""views"": 3600}",2024-01-18 16:30:00-06:00,immigration_debate,legal_pathway,Rule of Law,2038
Immigration policy should consider humanitarian needs alongside economic and security concerns,"{""replies"": 23, ""retweets"": 45, ""quotes"": 6, ""likes"": 234, ""views"": 1400}",2024-01-18 17:45:00-06:00,immigration_debate,humanitarian_balance,Global Citizen,2039
Guest worker programs could address labor needs while maintaining border security,"{""replies"": 34, ""retweets"": 56, ""quotes"": 7, ""likes"": 289, ""views"": 1800}",2024-01-18 18:20:00-06:00,immigration_debate,agricultural_employer,Farm Labor,2040
"Education should focus on critical thinking skills, not political indoctrination","{""replies"": 89, ""retweets"": 167, ""quotes"": 20, ""likes"": 890, ""views"": 5400}",2024-01-19 08:30:00-06:00,education_debate,parent_advocate,School Board Mom,2041
Students need to learn about systemic racism and social justice to understand our society,"{""replies"": 123, ""retweets"": 234, ""quotes"": 28, ""likes"": 1234, ""views"": 7500}",2024-01-19 09:15:00-06:00,education_debate,social_justice_teacher,Educator for Equity,2042
Schools should teach facts and let students form their own opinions about complex issues,"{""replies"": 45, ""retweets"": 78, ""quotes"": 9, ""likes"": 456, ""views"": 2700}",2024-01-19 10:00:00-06:00,education_debate,balanced_educator,Middle Way Teacher,2043
Diverse perspectives in curriculum help all students see themselves and understand others,"{""replies"": 67, ""retweets"": 134, ""quotes"": 16, ""likes"": 678, ""views"": 4100}",2024-01-19 11:30:00-06:00,education_debate,inclusive_principal,Diversity Leader,2044
Parents should have the primary say in what values are taught to their children,"{""replies"": 78, ""retweets"": 145, ""quotes"": 18, ""likes"": 789, ""views"": 4800}",2024-01-19 12:15:00-06:00,education_debate,parental_rights,Family Values,2045
Quality education requires both high standards and support for student success,"{""replies"": 23, ""retweets"": 45, ""quotes"": 6, ""likes"": 234, ""views"": 1400}",2024-01-19 13:00:00-06:00,education_debate,educational_researcher,Learning Science,2046
School choice gives parents options when traditional public schools fail their children,"{""replies"": 89, ""retweets"": 156, ""quotes"": 19, ""likes"": 890, ""views"": 5400}",2024-01-19 14:30:00-06:00,education_debate,charter_advocate,Educational Freedom,2047
Public schools serve all students. Private school vouchers drain resources from public education,"{""replies"": 67, ""retweets"": 123, ""quotes"": 15, ""likes"": 567, ""views"": 3600}",2024-01-19 15:45:00-06:00,education_debate,public_school_defender,Public Ed Supporter,2048
"Students benefit from schools that prepare them for college, careers, and civic engagement","{""replies"": 34, ""retweets"": 67, ""quotes"": 8, ""likes"": 345, ""views"": 2100}",2024-01-19 16:20:00-06:00,education_debate,holistic_educator,Well Rounded,2049
"Teachers deserve respect, resources, and competitive compensation for their vital work","{""replies"": 56, ""retweets"": 98, ""quotes"": 12, ""likes"": 567, ""views"": 3400}",2024-01-19 17:00:00-06:00,education_debate,teacher_supporter,Education Advocate,2050
The Second Amendment protects our fundamental right to self-defense and resistance to tyranny,"{""replies"": 167, ""retweets"": 289, ""quotes"": 34, ""likes"": 1567, ""views"": 9200}",2024-01-20 10:15:00-06:00,gun_debate,constitutional_defender,2A Patriot,2051
Common-sense gun safety measures save lives without infringing on constitutional rights,"{""replies"": 134, ""retweets"": 267, ""quotes"": 31, ""likes"": 1234, ""views"": 7800}",2024-01-20 11:00:00-06:00,gun_debate,safety_advocate,Moms Demand Action,2052
Gun violence is a complex issue requiring multiple approaches including mental health resources,"{""replies"": 45, ""retweets"": 89, ""quotes"": 11, ""likes"": 456, ""views"": 2800}",2024-01-20 12:30:00-06:00,gun_debate,comprehensive_approach,Thoughtful Policy,2053
Law-abiding gun owners are not the problem. Criminals will always find ways to get guns,"{""replies"": 89, ""retweets"": 167, ""quotes"": 20, ""likes"": 890, ""views"": 5400}",2024-01-20 13:15:00-06:00,gun_debate,lawful_owner,Responsible Gun Owner,2054
Background checks and waiting periods are reasonable measures that most Americans support,"{""replies"": 78, ""retweets"": 145, ""quotes"": 17, ""likes"": 789, ""views"": 4800}",2024-01-20 14:00:00-06:00,gun_debate,reasonable_regulation,Common Ground,2055
Evidence-based approaches to reducing gun violence should guide policy decisions,"{""replies"": 34, ""retweets"": 67, ""quotes"": 8, ""likes"": 345, ""views"": 2100}",2024-01-20 15:30:00-06:00,gun_debate,research_advocate,Public Health,2056
Self-defense is a fundamental human right that shouldn't depend on government permission,"{""replies"": 67, ""retweets"": 123, ""quotes"": 15, ""likes"": 678, ""views"": 4100}",2024-01-20 16:15:00-06:00,gun_debate,self_defense,Personal Protection,2057
Gun violence prevention requires addressing root causes including poverty and mental health,"{""replies"": 56, ""retweets"": 98, ""quotes"": 12, ""likes"": 567, ""views"": 3400}",2024-01-20 17:00:00-06:00,gun_debate,root_causes,Systemic Solutions,2058
Training and education make gun owners safer and more responsible,"{""replies"": 23, ""retweets"": 45, ""quotes"": 6, ""likes"": 234, ""views"": 1400}",2024-01-20 18:30:00-06:00,gun_debate,safety_training,Responsible Ownership,2059
Constitutional rights and public safety can both be protected with thoughtful policies,"{""replies"": 34, ""retweets"": 56, ""quotes"": 7, ""likes"": 289, ""views"": 1800}",2024-01-20 19:15:00-06:00,gun_debate,balanced_approach,Constitutional Balance,2060
"Healthcare FOR ALL means healthcare for ALL. No exceptions, no means testing, no corporate profits","{""replies"": 189, ""retweets"": 434, ""quotes"": 39, ""likes"": 2567, ""views"": 14200}",2024-02-10 11:15:00-06:00,healthcare_debate,medicare4all,Rosa Martinez,2061
Government healthcare = government control over your body and your doctor. This is tyranny!,"{""replies"": 156, ""retweets"": 389, ""quotes"": 43, ""likes"": 2234, ""views"": 12900}",2024-02-10 12:00:00-06:00,healthcare_debate,dont_tread_me,Patriot Paul,2062
Why can't we look at what works in other countries and adapt it to American values?,"{""replies"": 67, ""retweets"": 123, ""quotes"": 15, ""likes"": 789, ""views"": 4500}",2024-02-10 13:30:00-06:00,healthcare_debate,global_perspective,Lisa Chang,2063
Insurance companies profit from denying care to sick people. That's immoral,"{""replies"": 234, ""retweets"": 567, ""quotes"": 52, ""likes"": 3456, ""views"": 18900}",2024-02-10 14:15:00-06:00,healthcare_debate,patient_advocate,Cancer Survivor,2064
Competition drives innovation. Government monopoly healthcare will stagnate medical progress,"{""replies"": 167, ""retweets"": 334, ""quotes"": 38, ""likes"": 2123, ""views"": 11700}",2024-02-10 15:00:00-06:00,healthcare_debate,medical_innovator,Pharma Researcher,2065
"Healthcare outcomes depend on access, quality, and affordability - we need all three","{""replies"": 45, ""retweets"": 89, ""quotes"": 11, ""likes"": 567, ""views"": 3200}",2024-02-10 16:30:00-06:00,healthcare_debate,healthcare_economist,Policy Expert,2066
People are rationing insulin and dying because of corporate greed in healthcare,"{""replies"": 278, ""retweets"": 612, ""quotes"": 67, ""likes"": 4234, ""views"": 22300}",2024-02-10 17:15:00-06:00,healthcare_debate,diabetic_advocate,Insulin Access,2067
Free market healthcare made America the world leader in medical breakthrough treatments,"{""replies"": 189, ""retweets"": 378, ""quotes"": 42, ""likes"": 2345, ""views"": 13400}",2024-02-10 18:00:00-06:00,healthcare_debate,medical_achievement,Innovation Leader,2068
"Healthcare should be a right, but implementation matters for both quality and sustainability","{""replies"": 56, ""retweets"": 98, ""quotes"": 12, ""likes"": 678, ""views"": 3800}",2024-02-10 19:30:00-06:00,healthcare_debate,pragmatic_universal,Sustainable Care,2069
No one should go bankrupt because they got sick. Period.,"{""replies"": 345, ""retweets"": 789, ""quotes"": 78, ""likes"": 5678, ""views"": 28900}",2024-02-10 20:15:00-06:00,healthcare_debate,bankruptcy_survivor,Medical Debt,2070
The Green New Deal will save our planet and create millions of good-paying union jobs!,"{""replies"": 445, ""retweets"": 878, ""quotes"": 86, ""likes"": 6567, ""views"": 33400}",2024-02-11 16:45:00-06:00,climate_debate,union_organizer,Tony Rodriguez,2071
The Green New Deal is economic suicide disguised as environmentalism. It will destroy America!,"{""replies"": 489, ""retweets"": 767, ""quotes"": 97, ""likes"": 5890, ""views"": 29800}",2024-02-11 17:30:00-06:00,climate_debate,america_first_energy,Coal Mike,2072
I support environmental protection but worry about the economic transition for workers,"{""replies"": 78, ""retweets"": 156, ""quotes"": 23, ""likes"": 890, ""views"": 5600}",2024-02-11 18:15:00-06:00,climate_debate,worried_worker,Factory Frank,2073
"Climate action means clean air, clean water, and good jobs for the next generation","{""replies"": 267, ""retweets"": 534, ""quotes"": 61, ""likes"": 4123, ""views"": 21700}",2024-02-11 19:00:00-06:00,climate_debate,future_focused,Next Generation,2074
Radical climate policies will eliminate American energy jobs and make us dependent on China,"{""replies"": 345, ""retweets"": 656, ""quotes"": 73, ""likes"": 4567, ""views"": 24500}",2024-02-11 20:30:00-06:00,climate_debate,energy_independence,America Energy,2075
Climate science is clear. We need urgent action balanced with economic realities,"{""replies"": 89, ""retweets"": 167, ""quotes"": 19, ""likes"": 1123, ""views"": 6700}",2024-02-11 21:15:00-06:00,climate_debate,science_policy,Climate Scientist,2076
Renewable energy is now cheaper than fossil fuels and creates more sustainable jobs,"{""replies"": 234, ""retweets"": 456, ""quotes"": 48, ""likes"": 3234, ""views"": 17800}",2024-02-11 22:00:00-06:00,climate_debate,clean_economy,Renewable Future,2077
American oil and gas keeps us energy secure while we transition to cleaner alternatives,"{""replies"": 167, ""retweets"": 323, ""quotes"": 36, ""likes"": 2456, ""views"": 13900}",2024-02-11 22:45:00-06:00,climate_debate,transition_realist,Energy Security,2078
"Climate policy should be based on science, economics, and engineering - not ideology","{""replies"": 67, ""retweets"": 123, ""quotes"": 14, ""likes"": 789, ""views"": 4500}",2024-02-11 23:30:00-06:00,climate_debate,evidence_based,Technical Analysis,2079
Innovation and investment in clean technology will solve climate change profitably,"{""replies"": 123, ""retweets"": 234, ""quotes"": 27, ""likes"": 1567, ""views"": 8900}",2024-02-12 00:15:00-06:00,climate_debate,clean_tech_investor,Green Innovation,2080
Billionaires paying 0% in taxes while teachers buy their own supplies is IMMORAL,"{""replies"": 667, ""retweets"": 1434, ""quotes"": 129, ""likes"": 9901, ""views"": 55600}",2024-03-05 09:00:00-06:00,tax_debate,teacher_activist,Ms. Rodriguez,2081
Successful people already pay most of the taxes. Punishing achievement will drive them away!,"{""replies"": 545, ""retweets"": 1190, ""quotes"": 107, ""likes"": 7889, ""views"": 44500}",2024-03-05 10:30:00-06:00,tax_debate,job_creator,Entrepreneur Ed,2082
We need tax reform that's fair to everyone - workers AND business owners,"{""replies"": 123, ""retweets"": 234, ""quotes"": 34, ""likes"": 1456, ""views"": 8900}",2024-03-05 12:00:00-06:00,tax_debate,fair_taxation,Accountant Amy,2083
The wealthy use tax loopholes while working families pay full freight. That's not fair,"{""replies"": 456, ""retweets"": 889, ""quotes"": 89, ""likes"": 6234, ""views"": 34500}",2024-03-05 13:15:00-06:00,tax_debate,working_family,Middle Class Mom,2084
High earners already face confiscatory tax rates. More taxes will kill economic growth,"{""replies"": 378, ""retweets"": 723, ""quotes"": 76, ""likes"": 5123, ""views"": 28900}",2024-03-05 14:45:00-06:00,tax_debate,growth_advocate,Supply Side,2085
Tax policy should generate adequate revenue while encouraging productive economic activity,"{""replies"": 89, ""retweets"": 167, ""quotes"": 18, ""likes"": 1234, ""views"": 7100}",2024-03-05 16:00:00-06:00,tax_debate,fiscal_policy,Revenue Optimization,2086
Amazon paid $0 in federal taxes while small businesses got crushed. That's broken,"{""replies"": 534, ""retweets"": 1067, ""quotes"": 112, ""likes"": 7456, ""views"": 41200}",2024-03-05 17:30:00-06:00,tax_debate,small_business,Main Street,2087
Corporate tax competition attracts business investment and creates jobs for Americans,"{""replies"": 323, ""retweets"": 634, ""quotes"": 67, ""likes"": 4567, ""views"": 25800}",2024-03-05 18:45:00-06:00,tax_debate,business_attraction,Economic Development,2088
Progressive taxation built the American middle class in the post-war boom years,"{""replies"": 267, ""retweets"": 523, ""quotes"": 56, ""likes"": 3789, ""views"": 20600}",2024-03-05 19:20:00-06:00,tax_debate,historical_perspective,Post War Prosperity,2089
"Optimal tax policy balances multiple objectives: revenue, growth, fairness, and simplicity","{""replies"": 78, ""retweets"": 145, ""quotes"": 16, ""likes"": 945, ""views"": 5400}",2024-03-05 20:00:00-06:00,tax_debate,optimization_expert,Policy Analysis,2090
Medicare for All NOW! People are DYING because of corporate greed in healthcare!,"{""replies"": 434, ""retweets"": 856, ""quotes"": 95, ""likes"": 6456, ""views"": 38900}",2024-03-06 08:30:00-06:00,healthcare_debate,healthcare_activist,Nurse Nancy,2091
Socialist healthcare killed my grandmother in Canada. Keep government OUT of healthcare!,"{""replies"": 389, ""retweets"": 734, ""quotes"": 88, ""likes"": 5345, ""views"": 32300}",2024-03-06 09:15:00-06:00,healthcare_debate,freedom_fighter,Liberty Larry,2092
Healthcare outcomes and costs vary dramatically across countries with different systems,"{""replies"": 67, ""retweets"": 134, ""quotes"": 16, ""likes"": 789, ""views"": 4700}",2024-03-06 10:45:00-06:00,healthcare_debate,comparative_analyst,Global Health,2093
Healthcare is a human right that should never be denied based on ability to pay,"{""replies"": 345, ""retweets"": 678, ""quotes"": 74, ""likes"": 4789, ""views"": 26800}",2024-03-06 11:30:00-06:00,healthcare_debate,human_rights_doctor,Rights Based Care,2094
Government-run healthcare means bureaucrats making medical decisions instead of doctors,"{""replies"": 278, ""retweets"": 534, ""quotes"": 61, ""likes"": 3567, ""views"": 20100}",2024-03-06 12:15:00-06:00,healthcare_debate,physician_autonomy,Doctor Independence,2095
"Healthcare reform should improve access, quality, and affordability simultaneously","{""replies"": 89, ""retweets"": 167, ""quotes"": 19, ""likes"": 1123, ""views"": 6700}",2024-03-06 13:45:00-06:00,healthcare_debate,comprehensive_reform,Triple Aim,2096
Insurance companies are parasites that add cost without adding value to healthcare,"{""replies"": 456, ""retweets"": 889, ""quotes"": 97, ""likes"": 6234, ""views"": 35400}",2024-03-06 14:20:00-06:00,healthcare_debate,insurance_critic,Cut the Middleman,2097
Health insurance provides financial protection and enables access to quality care networks,"{""replies"": 234, ""retweets"": 445, ""quotes"": 48, ""likes"": 2789, ""views"": 16200}",2024-03-06 15:00:00-06:00,healthcare_debate,insurance_advocate,Risk Protection,2098
Evidence from around the world shows many paths to universal healthcare coverage,"{""replies"": 78, ""retweets"": 145, ""quotes"": 17, ""likes"": 945, ""views"": 5600}",2024-03-06 16:30:00-06:00,healthcare_debate,international_expert,Comparative Systems,2099
Americans deserve the same healthcare security that citizens of other rich nations enjoy,"{""replies"": 267, ""retweets"": 523, ""quotes"": 57, ""likes"": 3456, ""views"": 19800}",2024-03-06 17:15:00-06:00,healthcare_debate,security_advocate,Healthcare Security,2100
Climate activists want to destroy American industry and make us all poor!,"{""replies"": 567, ""retweets"": 1123, ""quotes"": 134, ""likes"": 7890, ""views"": 44500}",2024-03-15 10:30:00-06:00,climate_debate,patriot_coal,Coal Patriot,2101
Climate deniers are destroying the planet for short-term profits!,"{""replies"": 634, ""retweets"": 1267, ""quotes"": 145, ""likes"": 8901, ""views"": 49800}",2024-03-15 11:15:00-06:00,climate_debate,earth_warrior,Earth First,2102
We need climate solutions that work for both the environment and the economy,"{""replies"": 89, ""retweets"": 178, ""quotes"": 21, ""likes"": 1234, ""views"": 7300}",2024-03-15 12:00:00-06:00,climate_debate,practical_green,Green Pragmatist,2103
Big Oil has bought off politicians to block climate action that threatens their profits,"{""replies"": 445, ""retweets"": 889, ""quotes"": 98, ""likes"": 6234, ""views"": 35600}",2024-03-15 13:30:00-06:00,climate_debate,follow_money,Dark Money,2104
Environmental extremists ignore economic reality and want government control of energy,"{""replies"": 378, ""retweets"": 723, ""quotes"": 81, ""likes"": 5123, ""views"": 29400}",2024-03-15 14:15:00-06:00,climate_debate,free_energy,Energy Freedom,2105
Climate policy should be based on cost-benefit analysis and technological feasibility,"{""replies"": 67, ""retweets"": 134, ""quotes"": 16, ""likes"": 789, ""views"": 4500}",2024-03-15 15:45:00-06:00,climate_debate,analytical_approach,Cost Benefit,2106
The fossil fuel industry has suppressed clean energy innovation for decades,"{""replies"": 356, ""retweets"": 678, ""quotes"": 72, ""likes"": 4567, ""views"": 26700}",2024-03-15 16:20:00-06:00,climate_debate,innovation_blocked,Suppressed Tech,2107
American energy independence requires utilizing all our natural resources responsibly,"{""replies"": 234, ""retweets"": 467, ""quotes"": 52, ""likes"": 3234, ""views"": 18900}",2024-03-15 17:00:00-06:00,climate_debate,energy_all_above,All Resources,2108
Market forces and innovation will drive the transition to clean energy naturally,"{""replies"": 123, ""retweets"": 245, ""quotes"": 28, ""likes"": 1678, ""views"": 9800}",2024-03-15 18:30:00-06:00,climate_debate,market_transition,Market Forces,2109
We need massive government investment in clean energy like the space program,"{""replies"": 289, ""retweets"": 567, ""quotes"": 63, ""likes"": 3789, ""views"": 22100}",2024-03-15 19:15:00-06:00,climate_debate,moonshot_climate,Climate Moonshot,2110
Socialists want to use climate as an excuse to control every aspect of our lives,"{""replies"": 612, ""retweets"": 1234, ""quotes"": 156, ""likes"": 8567, ""views"": 47800}",2024-03-20 08:45:00-06:00,climate_debate,freedom_defender,Liberty Eagle,2111
Climate change is an existential threat requiring emergency mobilization of resources,"{""replies"": 689, ""retweets"": 1456, ""quotes"": 178, ""likes"": 9890, ""views"": 54300}",2024-03-20 09:30:00-06:00,climate_debate,climate_emergency,Emergency Action,2112
Climate action and economic growth are not mutually exclusive goals,"{""replies"": 134, ""retweets"": 267, ""quotes"": 31, ""likes"": 1789, ""views"": 10200}",2024-03-20 10:15:00-06:00,climate_debate,win_win,Both Goals,2113
Green jobs are fake jobs that depend on government subsidies to exist,"{""replies"": 445, ""retweets"": 834, ""quotes"": 89, ""likes"": 5678, ""views"": 31200}",2024-03-20 11:45:00-06:00,climate_debate,subsidy_critic,Real Jobs,2114
Clean energy jobs are the future - better paying and more sustainable than fossil fuel jobs,"{""replies"": 378, ""retweets"": 723, ""quotes"": 81, ""likes"": 4890, ""views"": 27600}",2024-03-20 12:30:00-06:00,climate_debate,clean_jobs,Future Work,2115
Energy transition should protect current workers while building new industries,"{""replies"": 89, ""retweets"": 167, ""quotes"": 19, ""likes"": 1123, ""views"": 6700}",2024-03-20 13:15:00-06:00,climate_debate,just_transition,Worker Protection,2116
Climate alarmism is a hoax designed to transfer wealth from rich countries to poor ones,"{""replies"": 523, ""retweets"": 1067, ""quotes"": 123, ""likes"": 6789, ""views"": 38900}",2024-03-20 14:45:00-06:00,climate_debate,wealth_transfer,Global Hoax,2117
Climate justice means addressing how pollution affects communities unequally,"{""replies"": 267, ""retweets"": 534, ""quotes"": 61, ""likes"": 3456, ""views"": 19800}",2024-03-20 15:20:00-06:00,climate_debate,environmental_justice,Equal Protection,2118
Technological innovation will solve climate challenges more effectively than government mandates,"{""replies"": 156, ""retweets"": 289, ""quotes"": 34, ""likes"": 2123, ""views"": 12400}",2024-03-20 16:00:00-06:00,climate_debate,tech_solution,Innovation First,2119
We need both public and private sector action to address the scale of climate change,"{""replies"": 78, ""retweets"": 145, ""quotes"": 17, ""likes"": 945, ""views"": 5600}",2024-03-20 17:30:00-06:00,climate_debate,all_sectors,Public Private,2120
The wealthy elite are rigging the system while working families struggle to survive,"{""replies"": 734, ""retweets"": 1567, ""quotes"": 189, ""likes"": 11234, ""views"": 62800}",2024-03-25 09:00:00-06:00,inequality_debate,system_rigged,Rigged System,2121
Class warfare rhetoric divides America and discourages the investment that creates jobs,"{""replies"": 612, ""retweets"": 1234, ""quotes"": 156, ""likes"": 8901, ""views"": 49500}",2024-03-25 10:30:00-06:00,inequality_debate,unity_builder,Unity First,2122
Income inequality has reached levels not seen since the Gilded Age,"{""replies"": 267, ""retweets"": 523, ""quotes"": 58, ""likes"": 3456, ""views"": 19800}",2024-03-25 11:15:00-06:00,inequality_debate,inequality_historian,Historical Data,2123
Economic mobility is still possible for those willing to work hard and make good choices,"{""replies"": 445, ""retweets"": 834, ""quotes"": 91, ""likes"": 5678, ""views"": 31200}",2024-03-25 12:45:00-06:00,inequality_debate,mobility_believer,Work Hard,2124
Systemic barriers prevent many Americans from achieving economic success despite hard work,"{""replies"": 378, ""retweets"": 723, ""quotes"": 79, ""likes"": 4890, ""views"": 27600}",2024-03-25 13:30:00-06:00,inequality_debate,barrier_identifier,Systemic Issues,2125
Economic inequality reflects different choices and outcomes in a free market system,"{""replies"": 234, ""retweets"": 456, ""quotes"": 51, ""likes"": 2789, ""views"": 16500}",2024-03-25 14:15:00-06:00,inequality_debate,market_outcomes,Free Market,2126
Concentrated wealth undermines democracy by giving the rich disproportionate political influence,"{""replies"": 523, ""retweets"": 1023, ""quotes"": 117, ""likes"": 6789, ""views"": 37400}",2024-03-25 15:45:00-06:00,inequality_debate,democracy_threat,Political Influence,2127
Successful entrepreneurs create value and jobs that benefit everyone in society,"{""replies"": 356, ""retweets"": 667, ""quotes"": 73, ""likes"": 4234, ""views"": 23900}",2024-03-25 16:20:00-06:00,inequality_debate,value_creation,Job Creators,2128
Economic policy should focus on expanding opportunity rather than redistributing outcomes,"{""replies"": 123, ""retweets"": 234, ""quotes"": 27, ""likes"": 1567, ""views"": 9200}",2024-03-25 17:00:00-06:00,inequality_debate,opportunity_focus,Expand Opportunity,2129
"We need policies that help everyone succeed, not just the wealthy or the poor","{""replies"": 89, ""retweets"": 167, ""quotes"": 19, ""likes"": 1123, ""views"": 6700}",2024-03-25 18:30:00-06:00,inequality_debate,everyone_succeeds,Broad Success,2130
Immigration is destroying American culture and taking jobs from citizens,"{""replies"": 689, ""retweets"": 1345, ""quotes"": 167, ""likes"": 9234, ""views"": 51200}",2024-03-30 10:15:00-06:00,immigration_debate,culture_defender,Culture First,2131
Immigration enriches American culture and drives economic growth and innovation,"{""replies"": 734, ""retweets"": 1456, ""quotes"": 178, ""likes"": 10123, ""views"": 56700}",2024-03-30 11:00:00-06:00,immigration_debate,diversity_strength,Strength in Diversity,2132
Immigration policy should serve American economic interests and security needs,"{""replies"": 156, ""retweets"": 289, ""quotes"": 33, ""likes"": 1789, ""views"": 10500}",2024-03-30 12:30:00-06:00,immigration_debate,america_first_immigration,America Interest,2133
Mass deportation would be economically devastating and morally wrong,"{""replies"": 523, ""retweets"": 1023, ""quotes"": 119, ""likes"": 6789, ""views"": 37800}",2024-03-30 13:15:00-06:00,immigration_debate,deportation_opponent,Against Deportation,2134
Illegal immigration is unfair to legal immigrants who followed the rules,"{""replies"": 445, ""retweets"": 834, ""quotes"": 89, ""likes"": 5234, ""views"": 29400}",2024-03-30 14:45:00-06:00,immigration_debate,legal_fairness,Follow Rules,2135
Comprehensive immigration reform should include both border security and earned legalization,"{""replies"": 134, ""retweets"": 267, ""quotes"": 31, ""likes"": 1567, ""views"": 9200}",2024-03-30 15:20:00-06:00,immigration_debate,comprehensive_solution,Both Security Legalization,2136
Open borders advocates want to flood America with cheap labor to help corporations,"{""replies"": 567, ""retweets"": 1123, ""quotes"": 134, ""likes"": 7234, ""views"": 40100}",2024-03-30 16:00:00-06:00,immigration_debate,corporate_conspiracy,Cheap Labor,2137
Immigrants start businesses at higher rates and revitalize declining communities,"{""replies"": 289, ""retweets"": 567, ""quotes"": 64, ""likes"": 3567, ""views"": 20600}",2024-03-30 17:30:00-06:00,immigration_debate,entrepreneur_immigrants,Business Builders,2138
Border security is not anti-immigrant - it's about knowing who enters our country,"{""replies"": 234, ""retweets"": 445, ""quotes"": 49, ""likes"": 2789, ""views"": 16200}",2024-03-30 18:15:00-06:00,immigration_debate,security_not_anti,Security First,2139
Humane immigration policy recognizes both security needs and humanitarian obligations,"{""replies"": 89, ""retweets"": 167, ""quotes"": 19, ""likes"": 1123, ""views"": 6700}",2024-03-30 19:45:00-06:00,immigration_debate,humane_security,Humane Security,2140
School choice empowers parents and gives kids trapped in failing schools better options,"{""replies"": 445, ""retweets"": 834, ""quotes"": 91, ""likes"": 5234, ""views"": 29800}",2024-04-05 08:30:00-06:00,education_debate,choice_advocate,Parent Power,2141
School privatization drains resources from public schools that serve all children,"{""replies"": 523, ""retweets"": 1023, ""quotes"": 117, ""likes"": 6789, ""views"": 37600}",2024-04-05 09:15:00-06:00,education_debate,public_defender,Public Schools,2142
"Educational quality matters more than whether schools are public, private, or charter","{""replies"": 123, ""retweets"": 234, ""quotes"": 27, ""likes"": 1567, ""views"": 9200}",2024-04-05 10:45:00-06:00,education_debate,quality_focus,Quality First,2143
Critical race theory is dividing children by race and teaching them to hate America,"{""replies"": 689, ""retweets"": 1345, ""quotes"": 156, ""likes"": 8901, ""views"": 49200}",2024-04-05 11:30:00-06:00,education_debate,anti_crt,Against CRT,2144
Teaching accurate history including racism helps students understand and improve society,"{""replies"": 734, ""retweets"": 1434, ""quotes"": 167, ""likes"": 9567, ""views"": 52800}",2024-04-05 12:15:00-06:00,education_debate,accurate_history,True History,2145
Schools should teach critical thinking skills rather than specific ideological viewpoints,"{""replies"": 156, ""retweets"": 289, ""quotes"": 33, ""likes"": 1789, ""views"": 10500}",2024-04-05 13:45:00-06:00,education_debate,critical_thinking,Think Critically,2146
Parental rights in education are fundamental and must be protected from government overreach,"{""replies"": 567, ""retweets"": 1123, ""quotes"": 129, ""likes"": 7234, ""views"": 40100}",2024-04-05 14:20:00-06:00,education_debate,parental_rights_strong,Parent Rights,2147
Professional educators should have autonomy to teach based on evidence and expertise,"{""replies"": 378, ""retweets"": 723, ""quotes"": 81, ""likes"": 4567, ""views"": 26300}",2024-04-05 15:00:00-06:00,education_debate,educator_autonomy,Teacher Expertise,2148
"Education policy should involve parents, teachers, and communities working together","{""replies"": 89, ""retweets"": 167, ""quotes"": 19, ""likes"": 1123, ""views"": 6700}",2024-04-05 16:30:00-06:00,education_debate,collaborative_approach,Work Together,2149
Students need both academic rigor and emotional support to succeed in life,"{""replies"": 134, ""retweets"": 267, ""quotes"": 31, ""likes"": 1567, ""views"": 9200}",2024-04-05 17:15:00-06:00,education_debate,holistic_education,Whole Child,2150
Gun grabbers want to disarm law-abiding citizens and leave us defenseless against criminals,"{""replies"": 723, ""retweets"": 1445, ""quotes"": 178, ""likes"": 9890, ""views"": 54600}",2024-04-10 09:00:00-06:00,gun_debate,defend_2a,Defend 2A,2151
Gun violence is a public health epidemic that requires immediate action to save lives,"{""replies"": 789, ""retweets"": 1567, ""quotes"": 189, ""likes"": 10567, ""views"": 58300}",2024-04-10 10:30:00-06:00,gun_debate,save_lives,Save Lives,2152
Gun policy should balance constitutional rights with reasonable safety measures,"{""replies"": 167, ""retweets"": 323, ""quotes"": 37, ""likes"": 2123, ""views"": 12400}",2024-04-10 11:15:00-06:00,gun_debate,balanced_rights,Balance Rights,2153
The Second Amendment is absolute - shall not be infringed means shall not be infringed,"{""replies"": 612, ""retweets"": 1234, ""quotes"": 145, ""likes"": 8234, ""views"": 45600}",2024-04-10 12:45:00-06:00,gun_debate,absolute_rights,Absolute 2A,2154
No constitutional right is absolute - reasonable regulations have always been accepted,"{""replies"": 534, ""retweets"": 1067, ""quotes"": 123, ""likes"": 6789, ""views"": 37800}",2024-04-10 13:30:00-06:00,gun_debate,reasonable_regulation,Reasonable Limits,2155
Evidence-based gun policy should focus on what actually reduces violence effectively,"{""replies"": 123, ""retweets"": 234, ""quotes"": 27, ""likes"": 1567, ""views"": 9200}",2024-04-10 14:15:00-06:00,gun_debate,evidence_policy,Evidence Based,2156
"Mental health is the real issue - guns don't kill people, people kill people","{""replies"": 445, ""retweets"": 834, ""quotes"": 91, ""likes"": 5234, ""views"": 29400}",2024-04-10 15:45:00-06:00,gun_debate,mental_health_focus,Mental Health,2157
Access to guns makes mental health crises more deadly - we need both mental health care and gun safety,"{""replies"": 356, ""retweets"": 667, ""quotes"": 73, ""likes"": 4234, ""views"": 23900}",2024-04-10 16:20:00-06:00,gun_debate,both_factors,Both Issues,2158
Self-defense is a basic human right that government cannot take away,"{""replies"": 289, ""retweets"": 567, ""quotes"": 64, ""likes"": 3567, ""views"": 20600}",2024-04-10 17:00:00-06:00,gun_debate,self_defense_right,Self Defense,2159
Gun safety measures can coexist with respect for constitutional rights,"{""replies"": 89, ""retweets"": 167, ""quotes"": 19, ""likes"": 1123, ""views"": 6700}",2024-04-10 18:30:00-06:00,gun_debate,coexist_safety,Safety and Rights,2160
Traditional families are the foundation of society and must be protected from radical ideology,"{""replies"": 689, ""retweets"": 1345, ""quotes"": 156, ""likes"": 8567, ""views"": 47200}",2024-04-15 10:00:00-06:00,family_debate,traditional_family,Traditional Values,2161
All families deserve respect and support regardless of their structure or composition,"{""replies"": 734, ""retweets"": 1434, ""quotes"": 167, ""likes"": 9234, ""views"": 51000}",2024-04-15 11:30:00-06:00,family_debate,all_families,All Families,2162
"Strong families come in many forms - what matters is love, commitment, and stability","{""replies"": 156, ""retweets"": 289, ""quotes"": 33, ""likes"": 1789, ""views"": 10500}",2024-04-15 12:15:00-06:00,family_debate,strong_families,Many Forms,2163
Gender ideology is confusing children and destroying parental authority over kids,"{""replies"": 612, ""retweets"": 1234, ""quotes"": 145, ""likes"": 7890, ""views"": 43600}",2024-04-15 13:45:00-06:00,family_debate,protect_children,Protect Kids,2164
"Supporting LGBTQ+ youth reduces suicide and helps them become healthy, productive adults","{""replies"": 567, ""retweets"": 1123, ""quotes"": 129, ""likes"": 7234, ""views"": 40100}",2024-04-15 14:20:00-06:00,family_debate,support_lgbtq,Support Youth,2165
"Children benefit from stability, love, and guidance regardless of family structure","{""replies"": 123, ""retweets"": 234, ""quotes"": 27, ""likes"": 1567, ""views"": 9200}",2024-04-15 15:00:00-06:00,family_debate,child_welfare,Child Benefit,2166
Religious freedom protects the right to live according to traditional moral values,"{""replies"": 445, ""retweets"": 834, ""quotes"": 91, ""likes"": 5234, ""views"": 29400}",2024-04-15 16:30:00-06:00,family_debate,religious_freedom,Religious Liberty,2167
Religious freedom cannot be used to discriminate against or harm other people,"{""replies"": 378, ""retweets"": 723, ""quotes"": 81, ""likes"": 4567, ""views"": 26300}",2024-04-15 17:15:00-06:00,family_debate,no_discrimination,No Harm,2168
Social policy should strengthen families while respecting individual dignity and choice,"{""replies"": 89, ""retweets"": 167, ""quotes"": 19, ""likes"": 1123, ""views"": 6700}",2024-04-15 18:45:00-06:00,family_debate,strengthen_respect,Strengthen Respect,2169
"Government should support all families in their efforts to raise healthy, successful children","{""replies"": 134, ""retweets"": 267, ""quotes"": 31, ""likes"": 1567, ""views"": 9200}",2024-04-15 19:20:00-06:00,family_debate,government_support,Support All,2170
Free trade deals have shipped American jobs overseas and destroyed our manufacturing base,"{""replies"": 567, ""retweets"": 1123, ""quotes"": 129, ""likes"": 7234, ""views"": 40100}",2024-04-20 08:45:00-06:00,trade_debate,jobs_overseas,Jobs Overseas,2171
International trade creates prosperity by allowing countries to specialize in their advantages,"{""replies"": 445, ""retweets"": 834, ""quotes"": 91, ""likes"": 5234, ""views"": 29400}",2024-04-20 10:15:00-06:00,trade_debate,trade_prosperity,Trade Benefits,2172
Trade policy should protect American workers while maintaining economic competitiveness,"{""replies"": 123, ""retweets"": 234, ""quotes"": 27, ""likes"": 1567, ""views"": 9200}",2024-04-20 11:00:00-06:00,trade_debate,protect_compete,Worker Protection,2173
Tariffs protect American industries from unfair foreign competition and subsidies,"{""replies"": 378, ""retweets"": 723, ""quotes"": 81, ""likes"": 4567, ""views"": 26300}",2024-04-20 12:30:00-06:00,trade_debate,tariff_protection,Protect Industry,2174
Tariffs are taxes on American consumers that make products more expensive,"{""replies"": 289, ""retweets"": 567, ""quotes"": 64, ""likes"": 3567, ""views"": 20600}",2024-04-20 13:15:00-06:00,trade_debate,tariff_taxes,Consumer Taxes,2175
Global supply chains make products cheaper but create dangerous dependencies,"{""replies"": 156, ""retweets"": 289, ""quotes"": 33, ""likes"": 1789, ""views"": 10500}",2024-04-20 14:45:00-06:00,trade_debate,supply_chains,Dangerous Dependencies,2176
Reshoring manufacturing creates jobs but may increase costs for consumers,"{""replies"": 89, ""retweets"": 167, ""quotes"": 19, ""likes"": 1123, ""views"": 6700}",2024-04-20 15:20:00-06:00,trade_debate,reshoring_costs,Jobs vs Costs,2177
Trade agreements should include strong labor and environmental protections,"{""replies"": 234, ""retweets"": 445, ""quotes"": 49, ""likes"": 2789, ""views"": 16200}",2024-04-20 16:00:00-06:00,trade_debate,labor_environment,Protect Standards,2178
Economic nationalism strengthens America but risks triggering trade wars,"{""replies"": 167, ""retweets"": 323, ""quotes"": 37, ""likes"": 2123, ""views"": 12400}",2024-04-20 17:30:00-06:00,trade_debate,nationalism_wars,Nationalism Risk,2179
Smart trade policy balances economic efficiency with national security concerns,"{""replies"": 78, ""retweets"": 145, ""quotes"": 17, ""likes"": 945, ""views"": 5600}",2024-04-20 18:15:00-06:00,trade_debate,efficiency_security,Balance Trade,2180
Big Tech monopolies control information and stifle competition in the digital economy,"{""replies"": 612, ""retweets"": 1234, ""quotes"": 145, ""likes"": 7890, ""views"": 43600}",2024-04-25 09:30:00-06:00,tech_debate,break_big_tech,Break Monopolies,2181
Technology companies drive innovation and create platforms that benefit billions globally,"{""replies"": 534, ""retweets"": 1067, ""quotes"": 123, ""likes"": 6789, ""views"": 37800}",2024-04-25 10:15:00-06:00,tech_debate,tech_innovation,Innovation Benefits,2182
Technology regulation should protect consumers while preserving incentives for innovation,"{""replies"": 134, ""retweets"": 267, ""quotes"": 31, ""likes"": 1567, ""views"": 9200}",2024-04-25 11:45:00-06:00,tech_debate,smart_regulation,Smart Rules,2183
Social media censorship threatens free speech and democratic discourse,"{""replies"": 689, ""retweets"": 1345, ""quotes"": 156, ""likes"": 8567, ""views"": 47200}",2024-04-25 12:20:00-06:00,tech_debate,free_speech,Free Speech,2184
Content moderation prevents the spread of misinformation and harmful content,"{""replies"": 567, ""retweets"": 1123, ""quotes"": 129, ""likes"": 7234, ""views"": 40100}",2024-04-25 13:00:00-06:00,tech_debate,content_moderation,Stop Misinformation,2185
"Digital platforms should have clear, consistent, and fair content policies","{""replies"": 123, ""retweets"": 234, ""quotes"": 27, ""likes"": 1567, ""views"": 9200}",2024-04-25 14:30:00-06:00,tech_debate,fair_policies,Fair Rules,2186
Data privacy is a fundamental right that corporations cannot violate for profit,"{""replies"": 445, ""retweets"": 834, ""quotes"": 91, ""likes"": 5234, ""views"": 29400}",2024-04-25 15:15:00-06:00,tech_debate,privacy_rights,Privacy Rights,2187
Data use enables personalized services that improve user experience and convenience,"{""replies"": 289, ""retweets"": 567, ""quotes"": 64, ""likes"": 3567, ""views"": 20600}",2024-04-25 16:45:00-06:00,tech_debate,personalized_services,Better Services,2188
"Technology policy should balance innovation, competition, privacy, and free expression","{""replies"": 89, ""retweets"": 167, ""quotes"": 19, ""likes"": 1123, ""views"": 6700}",2024-04-25 17:20:00-06:00,tech_debate,balance_tech,Balance All,2189
Artificial intelligence will either liberate humanity or destroy jobs and democracy,"{""replies"": 378, ""retweets"": 723, ""quotes"": 81, ""likes"": 4567, ""views"": 26300}",2024-04-25 18:00:00-06:00,tech_debate,ai_future,AI Future,2190
"Defund the police! Communities need social workers and teachers, not more armed enforcers","{""replies"": 789, ""retweets"": 1567, ""quotes"": 189, ""likes"": 10234, ""views"": 56700}",2024-04-30 10:00:00-06:00,police_debate,defund_police,Defund Police,2191
Law enforcement protects communities from criminals who prey on innocent people,"{""replies"": 723, ""retweets"": 1445, ""quotes"": 167, ""likes"": 9567, ""views"": 52800}",2024-04-30 11:30:00-06:00,police_debate,law_order,Law and Order,2192
Police reform should improve training and accountability while maintaining public safety,"{""replies"": 167, ""retweets"": 323, ""quotes"": 37, ""likes"": 2123, ""views"": 12400}",2024-04-30 12:15:00-06:00,police_debate,police_reform,Reform Police,2193
Police brutality disproportionately affects communities of color and must be stopped,"{""replies"": 612, ""retweets"": 1234, ""quotes"": 145, ""likes"": 7890, ""views"": 43600}",2024-04-30 13:45:00-06:00,police_debate,stop_brutality,Stop Brutality,2194
Most police officers are dedicated public servants who risk their lives to protect others,"{""replies"": 534, ""retweets"": 1067, ""quotes"": 123, ""likes"": 6789, ""views"": 37800}",2024-04-30 14:20:00-06:00,police_debate,support_police,Support Police,2195
Criminal justice reform should address both police accountability and crime prevention,"{""replies"": 134, ""retweets"": 267, ""quotes"": 31, ""likes"": 1567, ""views"": 9200}",2024-04-30 15:00:00-06:00,police_debate,comprehensive_justice,Comprehensive Reform,2196
Qualified immunity protects officers making split-second decisions in dangerous situations,"{""replies"": 445, ""retweets"": 834, ""quotes"": 91, ""likes"": 5234, ""views"": 29400}",2024-04-30 16:30:00-06:00,police_debate,qualified_immunity,Protect Officers,2197
Qualified immunity prevents accountability for police misconduct and violates civil rights,"{""replies"": 378, ""retweets"": 723, ""quotes"": 81, ""likes"": 4567, ""views"": 26300}",2024-04-30 17:15:00-06:00,police_debate,end_immunity,End Immunity,2198
Community policing builds trust through relationships between officers and neighborhoods,"{""replies"": 123, ""retweets"": 234, ""quotes"": 27, ""likes"": 1567, ""views"": 9200}",2024-04-30 18:45:00-06:00,police_debate,community_policing,Build Trust,2199
Public safety requires both effective law enforcement and strong community programs,"{""replies"": 89, ""retweets"": 167, ""quotes"": 19, ""likes"": 1123, ""views"": 6700}",2024-04-30 19:20:00-06:00,police_debate,safety_programs,Safety and Programs,2200
Climate change will kill us all if we don't act NOW! The science is clear and urgent!,"{""replies"": 856, ""retweets"": 1723, ""quotes"": 201, ""likes"": 12567, ""views"": 69800}",2024-05-01 08:00:00-06:00,climate_debate,climate_alarm,Crisis Now,2201
Climate hysteria is destroying the economy for a problem that may not even exist,"{""replies"": 734, ""retweets"": 1456, ""quotes"": 178, ""likes"": 10234, ""views"": 56700}",2024-05-01 09:30:00-06:00,climate_debate,skeptic_economist,Economic Reality,2202
Climate action needs to be based on sound science and economic analysis,"{""replies"": 145, ""retweets"": 289, ""quotes"": 34, ""likes"": 1789, ""views"": 10500}",2024-05-01 10:15:00-06:00,climate_debate,rational_climate,Sound Science,2203
The Paris Climate Agreement is surrendering American sovereignty to global elites,"{""replies"": 612, ""retweets"": 1234, ""quotes"": 145, ""likes"": 7890, ""views"": 43600}",2024-05-01 11:45:00-06:00,climate_debate,sovereignty_first,America First Climate,2204
International cooperation on climate change benefits all humanity including Americans,"{""replies"": 567, ""retweets"": 1123, ""quotes"": 129, ""likes"": 7234, ""views"": 40100}",2024-05-01 12:20:00-06:00,climate_debate,global_cooperation,Global Benefits,2205
"Nuclear energy is clean, safe, and the only realistic path to carbon neutrality","{""replies"": 234, ""retweets"": 445, ""quotes"": 49, ""likes"": 2789, ""views"": 16200}",2024-05-01 13:00:00-06:00,climate_debate,nuclear_advocate,Nuclear Solution,2206
Renewable energy with storage can meet all our power needs safely and cleanly,"{""replies"": 289, ""retweets"": 567, ""quotes"": 64, ""likes"": 3567, ""views"": 20600}",2024-05-01 14:30:00-06:00,climate_debate,renewable_advocate,Renewable Future,2207
All clean energy sources including nuclear and renewables should be considered,"{""replies"": 89, ""retweets"": 167, ""quotes"": 19, ""likes"": 1123, ""views"": 6700}",2024-05-01 15:15:00-06:00,climate_debate,energy_pragmatist,All Clean Energy,2208
Carbon pricing will drive innovation while generating revenue for climate adaptation,"{""replies"": 378, ""retweets"": 723, ""quotes"": 81, ""likes"": 4567, ""views"": 26300}",2024-05-01 16:45:00-06:00,climate_debate,carbon_price,Price Carbon,2209
Carbon taxes hurt working families while doing nothing to reduce global emissions,"{""replies"": 445, ""retweets"": 834, ""quotes"": 91, ""likes"": 5234, ""views"": 29400}",2024-05-01 17:20:00-06:00,climate_debate,tax_opposition,No Carbon Tax,2210
Universal Basic Income would eliminate poverty and give people freedom to pursue meaningful work,"{""replies"": 689, ""retweets"": 1345, ""quotes"": 156, ""likes"": 8567, ""views"": 47200}",2024-05-05 09:15:00-06:00,welfare_debate,ubi_advocate,UBI Freedom,2211
Universal Basic Income would destroy work incentives and bankrupt the government,"{""replies"": 612, ""retweets"": 1234, ""quotes"": 145, ""likes"": 7890, ""views"": 43600}",2024-05-05 10:45:00-06:00,welfare_debate,work_incentives,Work Matters,2212
Targeted assistance for those in need is more effective than universal programs,"{""replies"": 156, ""retweets"": 289, ""quotes"": 33, ""likes"": 1789, ""views"": 10500}",2024-05-05 11:20:00-06:00,welfare_debate,targeted_help,Target Assistance,2213
Welfare should provide a safety net while encouraging self-sufficiency and work,"{""replies"": 234, ""retweets"": 445, ""quotes"": 49, ""likes"": 2789, ""views"": 16200}",2024-05-05 12:00:00-06:00,welfare_debate,safety_net_work,Safety and Work,2214
The current welfare system traps people in poverty instead of helping them escape,"{""replies"": 445, ""retweets"": 834, ""quotes"": 91, ""likes"": 5234, ""views"": 29400}",2024-05-05 13:30:00-06:00,welfare_debate,welfare_trap,Poverty Trap,2215
Social programs should invest in human potential through education and job training,"{""replies"": 167, ""retweets"": 323, ""quotes"": 37, ""likes"": 2123, ""views"": 12400}",2024-05-05 14:15:00-06:00,welfare_debate,human_investment,Invest in People,2216
Private charity and community organizations help people better than government bureaucracy,"{""replies"": 378, ""retweets"": 723, ""quotes"": 81, ""likes"": 4567, ""views"": 26300}",2024-05-05 15:45:00-06:00,welfare_debate,private_charity,Private Help,2217
Government programs provide crucial support that private charity cannot match in scale,"{""replies"": 289, ""retweets"": 567, ""quotes"": 64, ""likes"": 3567, ""views"": 20600}",2024-05-05 16:20:00-06:00,welfare_debate,government_scale,Government Scale,2218
Effective anti-poverty policy requires both public programs and private sector job creation,"{""replies"": 123, ""retweets"": 234, ""quotes"": 27, ""likes"": 1567, ""views"": 9200}",2024-05-05 17:00:00-06:00,welfare_debate,public_private,Both Sectors,2219
Social safety nets should be generous enough to provide dignity and basic security,"{""replies"": 89, ""retweets"": 167, ""quotes"": 19, ""likes"": 1123, ""views"": 6700}",2024-05-05 18:30:00-06:00,welfare_debate,dignity_security,Dignity Security,2220
Foreign aid wastes American taxpayer money that should be spent helping Americans first,"{""replies"": 567, ""retweets"": 1123, ""quotes"": 129, ""likes"": 7234, ""views"": 40100}",2024-05-10 08:45:00-06:00,foreign_policy_debate,america_first_aid,America First,2221
Foreign assistance advances American interests and values while helping those in need,"{""replies"": 445, ""retweets"": 834, ""quotes"": 91, ""likes"": 5234, ""views"": 29400}",2024-05-10 10:15:00-06:00,foreign_policy_debate,strategic_aid,Strategic Aid,2222
Foreign policy should prioritize American interests while considering global responsibilities,"{""replies"": 134, ""retweets"": 267, ""quotes"": 31, ""likes"": 1567, ""views"": 9200}",2024-05-10 11:00:00-06:00,foreign_policy_debate,interests_responsibility,Balance Interests,2223
America must lead the free world against authoritarian threats to democracy,"{""replies"": 612, ""retweets"": 1234, ""quotes"": 145, ""likes"": 7890, ""views"": 43600}",2024-05-10 12:30:00-06:00,foreign_policy_debate,democracy_leader,Lead Democracy,2224
Military intervention has failed repeatedly - diplomacy and trade work better,"{""replies"": 378, ""retweets"": 723, ""quotes"": 81, ""likes"": 4567, ""views"": 26300}",2024-05-10 13:15:00-06:00,foreign_policy_debate,diplomacy_first,Diplomacy Works,2225
Strong defense deters aggression and protects American interests worldwide,"{""replies"": 289, ""retweets"": 567, ""quotes"": 64, ""likes"": 3567, ""views"": 20600}",2024-05-10 14:45:00-06:00,foreign_policy_debate,strong_defense,Strong Defense,2226
Peace through strength requires both military capability and diplomatic engagement,"{""replies"": 123, ""retweets"": 234, ""quotes"": 27, ""likes"": 1567, ""views"": 9200}",2024-05-10 15:20:00-06:00,foreign_policy_debate,peace_strength,Peace Strength,2227
Isolationism is impossible in an interconnected world facing global challenges,"{""replies"": 234, ""retweets"": 445, ""quotes"": 49, ""likes"": 2789, ""views"": 16200}",2024-05-10 16:00:00-06:00,foreign_policy_debate,interconnected_world,Global Connection,2228
Nation building abroad has failed while problems at home go unaddressed,"{""replies"": 456, ""retweets"": 889, ""quotes"": 97, ""likes"": 5678, ""views"": 31200}",2024-05-10 17:30:00-06:00,foreign_policy_debate,nation_building_failed,Fix Home First,2229
International alliances multiply American power and share the costs of global leadership,"{""replies"": 167, ""retweets"": 323, ""quotes"": 37, ""likes"": 2123, ""views"": 12400}",2024-05-10 18:15:00-06:00,foreign_policy_debate,alliance_power,Alliance Strength,2230
Big government is crushing individual liberty and destroying the American dream,"{""replies"": 723, ""retweets"": 1445, ""quotes"": 167, ""likes"": 9234, ""views"": 51000}",2024-05-15 09:00:00-06:00,government_debate,small_government,Individual Liberty,2231
Government programs provide essential services that markets alone cannot deliver effectively,"{""replies"": 689, ""retweets"": 1345, ""quotes"": 156, ""likes"": 8567, ""views"": 47200}",2024-05-15 10:30:00-06:00,government_debate,government_services,Essential Services,2232
Good governance requires the right balance of public and private sector roles,"{""replies"": 145, ""retweets"": 289, ""quotes"": 34, ""likes"": 1789, ""views"": 10500}",2024-05-15 11:15:00-06:00,government_debate,balanced_governance,Balanced Roles,2233
Government regulation protects consumers and workers from corporate abuse,"{""replies"": 534, ""retweets"": 1067, ""quotes"": 123, ""likes"": 6789, ""views"": 37800}",2024-05-15 12:45:00-06:00,government_debate,protect_people,Protect People,2234
Free markets reward innovation and efficiency better than government bureaucracy,"{""replies"": 445, ""retweets"": 834, ""quotes"": 91, ""likes"": 5234, ""views"": 29400}",2024-05-15 13:20:00-06:00,government_debate,free_markets,Market Efficiency,2235
Smart regulation enhances market efficiency by addressing market failures,"{""replies"": 123, ""retweets"": 234, ""quotes"": 27, ""likes"": 1567, ""views"": 9200}",2024-05-15 14:00:00-06:00,government_debate,smart_regulation,Fix Market Failures,2236
Government spending crowds out private investment and slows economic growth,"{""replies"": 378, ""retweets"": 723, ""quotes"": 81, ""likes"": 4567, ""views"": 26300}",2024-05-15 15:30:00-06:00,government_debate,crowding_out,Crowds Out Investment,2237
Public investment in infrastructure and research drives long-term economic growth,"{""replies"": 289, ""retweets"": 567, ""quotes"": 64, ""likes"": 3567, ""views"": 20600}",2024-05-15 16:15:00-06:00,government_debate,public_investment,Public Investment,2238
Fiscal responsibility requires controlling spending while investing in national priorities,"{""replies"": 167, ""retweets"": 323, ""quotes"": 37, ""likes"": 2123, ""views"": 12400}",2024-05-15 17:45:00-06:00,government_debate,fiscal_responsibility,Fiscal Balance,2239
"Democracy works best when government is accountable, transparent, and effective","{""replies"": 89, ""retweets"": 167, ""quotes"": 19, ""likes"": 1123, ""views"": 6700}",2024-05-15 18:20:00-06:00,government_debate,good_governance,Good Government,2240
Billionaires are evil parasites who steal from workers and corrupt democracy!,"{""replies"": 1234, ""retweets"": 2567, ""quotes"": 289, ""likes"": 15678, ""views"": 87400}",2024-05-20 08:15:00-06:00,wealth_debate,class_warrior,Eat the Rich,2241
Successful entrepreneurs create jobs and drive innovation that benefits everyone!,"{""replies"": 1123, ""retweets"": 2234, ""quotes"": 267, ""likes"": 13456, ""views"": 74800}",2024-05-20 09:45:00-06:00,wealth_debate,entrepreneur_defender,Job Creator,2242
Extreme wealth concentration undermines both democracy and economic opportunity,"{""replies"": 234, ""retweets"": 445, ""quotes"": 49, ""likes"": 2789, ""views"": 16200}",2024-05-20 10:30:00-06:00,wealth_debate,concentration_critic,Wealth Concentration,2243
"Wealth creation through innovation and investment should be celebrated, not demonized","{""replies"": 445, ""retweets"": 834, ""quotes"": 91, ""likes"": 5234, ""views"": 29400}",2024-05-20 11:15:00-06:00,wealth_debate,wealth_creation,Create Wealth,2244
Economic mobility requires both individual effort and systemic opportunity,"{""replies"": 123, ""retweets"": 234, ""quotes"": 27, ""likes"": 1567, ""views"": 9200}",2024-05-20 12:45:00-06:00,wealth_debate,mobility_both,Effort and Opportunity,2245
Inheritance taxes prevent the creation of permanent aristocracies in America,"{""replies"": 567, ""retweets"": 1123, ""quotes"": 129, ""likes"": 7234, ""views"": 40100}",2024-05-20 13:20:00-06:00,wealth_debate,inheritance_tax,No Aristocracy,2246
Death taxes destroy family businesses and farms built over generations,"{""replies"": 456, ""retweets"": 889, ""quotes"": 97, ""likes"": 5678, ""views"": 31200}",2024-05-20 14:00:00-06:00,wealth_debate,family_business,Family Legacy,2247
Progressive taxation ensures everyone contributes fairly to society's needs,"{""replies"": 378, ""retweets"": 723, ""quotes"": 81, ""likes"": 4567, ""views"": 26300}",2024-05-20 15:30:00-06:00,wealth_debate,progressive_tax,Fair Contribution,2248
Flat taxes treat all citizens equally regardless of income level,"{""replies"": 289, ""retweets"": 567, ""quotes"": 64, ""likes"": 3567, ""views"": 20600}",2024-05-20 16:15:00-06:00,wealth_debate,flat_tax,Equal Treatment,2249
Tax policy should optimize both revenue generation and economic growth,"{""replies"": 89, ""retweets"": 167, ""quotes"": 19, ""likes"": 1123, ""views"": 6700}",2024-05-20 17:45:00-06:00,wealth_debate,optimize_taxes,Optimize Revenue,2250
Abortion is murder and should be banned to protect innocent human life,"{""replies"": 1345, ""retweets"": 2678, ""quotes"": 312, ""likes"": 16789, ""views"": 93400}",2024-05-25 09:30:00-06:00,abortion_debate,pro_life_warrior,Protect Life,2251
Abortion is healthcare and women should control their own reproductive choices,"{""replies"": 1456, ""retweets"": 2890, ""quotes"": 334, ""likes"": 18234, ""views"": 101200}",2024-05-25 10:15:00-06:00,abortion_debate,pro_choice_fighter,Choice Freedom,2252
"Abortion policy should balance competing values of life, liberty, and health","{""replies"": 234, ""retweets"": 445, ""quotes"": 49, ""likes"": 2789, ""views"": 16200}",2024-05-25 11:45:00-06:00,abortion_debate,balanced_approach,Balance Values,2253
Late-term abortion is infanticide and must be prohibited by law,"{""replies"": 789, ""retweets"": 1567, ""quotes"": 178, ""likes"": 9890, ""views"": 54300}",2024-05-25 12:20:00-06:00,abortion_debate,late_term_ban,Ban Late Term,2254
"Medical decisions should be made by women and doctors, not politicians","{""replies"": 723, ""retweets"": 1445, ""quotes"": 167, ""likes"": 9234, ""views"": 51000}",2024-05-25 13:00:00-06:00,abortion_debate,medical_decisions,Doctor Patient,2255
Parental consent protects minors and respects family authority,"{""replies"": 445, ""retweets"": 834, ""quotes"": 91, ""likes"": 5234, ""views"": 29400}",2024-05-25 14:30:00-06:00,abortion_debate,parental_consent,Parent Rights,2256
Mandatory waiting periods delay necessary medical care and endanger women,"{""replies"": 378, ""retweets"": 723, ""quotes"": 81, ""likes"": 4567, ""views"": 26300}",2024-05-25 15:15:00-06:00,abortion_debate,no_delays,No Waiting,2257
Comprehensive sex education and contraception access reduce unintended pregnancies,"{""replies"": 289, ""retweets"": 567, ""quotes"": 64, ""likes"": 3567, ""views"": 20600}",2024-05-25 16:45:00-06:00,abortion_debate,prevention_focus,Prevent Pregnancy,2258
Adoption should be supported as an alternative to abortion,"{""replies"": 167, ""retweets"": 323, ""quotes"": 37, ""likes"": 2123, ""views"": 12400}",2024-05-25 17:20:00-06:00,abortion_debate,adoption_support,Support Adoption,2259
Reproductive rights are fundamental to women's equality and autonomy,"{""replies"": 612, ""retweets"": 1234, ""quotes"": 145, ""likes"": 7890, ""views"": 43600}",2024-05-25 18:00:00-06:00,abortion_debate,reproductive_rights,Women's Rights,2260
Voter fraud is rampant and threatens the integrity of American democracy,"{""replies"": 967, ""retweets"": 1934, ""quotes"": 223, ""likes"": 12345, ""views"": 68700}",2024-05-30 08:45:00-06:00,election_debate,fraud_fighter,Stop Fraud,2261
"Voter suppression is the real threat to democracy, not imaginary fraud","{""replies"": 1034, ""retweets"": 2067, ""quotes"": 245, ""likes"": 13456, ""views"": 74800}",2024-05-30 09:30:00-06:00,election_debate,access_advocate,Voting Rights,2262
Election security and voting access are both essential to democratic legitimacy,"{""replies"": 178, ""retweets"": 334, ""quotes"": 39, ""likes"": 2234, ""views"": 13400}",2024-05-30 10:15:00-06:00,election_debate,security_access,Both Needed,2263
Voter ID requirements are common sense measures to prevent fraud,"{""replies"": 623, ""retweets"": 1245, ""quotes"": 145, ""likes"": 7890, ""views"": 43600}",2024-05-30 11:45:00-06:00,election_debate,require_id,Common Sense ID,2264
Voter ID laws disproportionately disenfranchise minority and elderly voters,"{""replies"": 567, ""retweets"": 1123, ""quotes"": 134, ""likes"": 7234, ""views"": 40100}",2024-05-30 12:20:00-06:00,election_debate,id_discrimination,ID Discrimination,2265
Mail-in voting increases participation while maintaining election security,"{""replies"": 234, ""retweets"": 445, ""quotes"": 51, ""likes"": 2789, ""views"": 16200}",2024-05-30 13:00:00-06:00,election_debate,mail_voting,Mail Voting,2266
Mail-in ballots are vulnerable to fraud and ballot harvesting schemes,"{""replies"": 456, ""retweets"": 889, ""quotes"": 97, ""likes"": 5678, ""views"": 31200}",2024-05-30 14:30:00-06:00,election_debate,mail_fraud,Mail Fraud,2267
Early voting expands access for working families and busy citizens,"{""replies"": 189, ""retweets"": 356, ""quotes"": 42, ""likes"": 2345, ""views"": 13900}",2024-05-30 15:15:00-06:00,election_debate,early_voting,Early Access,2268
Signature verification and audit procedures ensure ballot integrity,"{""replies"": 123, ""retweets"": 234, ""quotes"": 27, ""likes"": 1567, ""views"": 9200}",2024-05-30 16:45:00-06:00,election_debate,verification,Verify Signatures,2269
Gerrymandering by both parties undermines fair representation,"{""replies"": 289, ""retweets"": 567, ""quotes"": 64, ""likes"": 3567, ""views"": 20600}",2024-05-30 17:20:00-06:00,election_debate,fair_districts,Fair Districts,2270
Social media is destroying democracy by spreading lies and dividing Americans!,"{""replies"": 834, ""retweets"": 1667, ""quotes"": 189, ""likes"": 10234, ""views"": 56700}",2024-06-01 09:00:00-06:00,social_media_debate,democracy_defender,Save Democracy,2271
Free speech online is under attack from Big Tech censorship and government pressure!,"{""replies"": 789, ""retweets"": 1578, ""quotes"": 178, ""likes"": 9567, ""views"": 52800}",2024-06-01 10:30:00-06:00,social_media_debate,free_speech_warrior,Free Speech,2272
Content moderation should balance free expression with preventing real harm,"{""replies"": 156, ""retweets"": 289, ""quotes"": 33, ""likes"": 1789, ""views"": 10500}",2024-06-01 11:15:00-06:00,social_media_debate,balance_moderation,Balance Speech,2273
"Algorithms manipulate what we see and think, creating filter bubbles and polarization","{""replies"": 445, ""retweets"": 834, ""quotes"": 91, ""likes"": 5234, ""views"": 29400}",2024-06-01 12:45:00-06:00,social_media_debate,algorithm_manipulation,Algorithm Control,2274
Personalized feeds help users find relevant content and connect with like-minded people,"{""replies"": 234, ""retweets"": 445, ""quotes"": 49, ""likes"": 2789, ""views"": 16200}",2024-06-01 13:20:00-06:00,social_media_debate,personalization_good,Good Personalization,2275
Section 230 protects innovation and free speech by shielding platforms from liability,"{""replies"": 378, ""retweets"": 723, ""quotes"": 81, ""likes"": 4567, ""views"": 26300}",2024-06-01 14:00:00-06:00,social_media_debate,section_230,Protect 230,2276
Section 230 lets Big Tech censor conservatives while protecting liberal bias,"{""replies"": 567, ""retweets"": 1123, ""quotes"": 129, ""likes"": 7234, ""views"": 40100}",2024-06-01 15:30:00-06:00,social_media_debate,conservative_bias,Liberal Bias,2277
Misinformation spreads faster than truth and undermines informed democracy,"{""replies"": 289, ""retweets"": 567, ""quotes"": 64, ""likes"": 3567, ""views"": 20600}",2024-06-01 16:15:00-06:00,social_media_debate,misinformation_threat,Stop Misinformation,2278
Who decides what's misinformation? Censorship threatens democratic debate,"{""replies"": 456, ""retweets"": 889, ""quotes"": 97, ""likes"": 5678, ""views"": 31200}",2024-06-01 17:45:00-06:00,social_media_debate,censorship_threat,Who Decides,2279
Digital literacy education can help people navigate online information critically,"{""replies"": 123, ""retweets"": 234, ""quotes"": 27, ""likes"": 1567, ""views"": 9200}",2024-06-01 18:20:00-06:00,social_media_debate,digital_literacy,Teach Literacy,2280
"Cryptocurrency is the future of money - decentralized, censorship-resistant, and free!","{""replies"": 723, ""retweets"": 1445, ""quotes"": 167, ""likes"": 9234, ""views"": 51000}",2024-06-05 10:15:00-06:00,crypto_debate,crypto_maximalist,Crypto Future,2281
Cryptocurrency is a speculative bubble used for money laundering and tax evasion!,"{""replies"": 667, ""retweets"": 1334, ""quotes"": 156, ""likes"": 8567, ""views"": 47200}",2024-06-05 11:45:00-06:00,crypto_debate,crypto_critic,Crypto Scam,2282
Digital currencies could improve financial inclusion and payment efficiency,"{""replies"": 189, ""retweets"": 356, ""quotes"": 41, ""likes"": 2234, ""views"": 13400}",2024-06-05 12:20:00-06:00,crypto_debate,digital_innovation,Digital Innovation,2283
Central bank digital currencies threaten privacy and enable government surveillance,"{""replies"": 534, ""retweets"": 1067, ""quotes"": 123, ""likes"": 6789, ""views"": 37800}",2024-06-05 13:00:00-06:00,crypto_debate,cbdc_surveillance,CBDC Surveillance,2284
Stablecoins and CBDCs could provide digital payment benefits with less volatility,"{""replies"": 134, ""retweets"": 267, ""quotes"": 31, ""likes"": 1567, ""views"": 9200}",2024-06-05 14:30:00-06:00,crypto_debate,stable_digital,Stable Digital,2285
Crypto regulation should protect consumers while preserving innovation,"{""replies"": 234, ""retweets"": 445, ""quotes"": 49, ""likes"": 2789, ""views"": 16200}",2024-06-05 15:15:00-06:00,crypto_debate,smart_crypto_regulation,Smart Regulation,2286
DeFi eliminates bank middlemen and democratizes access to financial services,"{""replies"": 445, ""retweets"": 834, ""quotes"": 91, ""likes"": 5234, ""views"": 29400}",2024-06-05 16:45:00-06:00,crypto_debate,defi_revolution,DeFi Revolution,2287
Unregulated DeFi protocols are risky and vulnerable to hacks and fraud,"{""replies"": 356, ""retweets"": 667, ""quotes"": 73, ""likes"": 4234, ""views"": 23900}",2024-06-05 17:20:00-06:00,crypto_debate,defi_risks,DeFi Dangerous,2288
Blockchain technology has legitimate uses beyond cryptocurrency speculation,"{""replies"": 167, ""retweets"": 323, ""quotes"": 37, ""likes"": 2123, ""views"": 12400}",2024-06-05 18:00:00-06:00,crypto_debate,blockchain_utility,Blockchain Uses,2289
Proof of work mining wastes enormous energy for a digital gambling system,"{""replies"": 289, ""retweets"": 567, ""quotes"": 64, ""likes"": 3567, ""views"": 20600}",2024-06-05 19:30:00-06:00,crypto_debate,energy_waste,Energy Waste,2290
Infrastructure spending is essential for economic competitiveness and job creation,"{""replies"": 612, ""retweets"": 1234, ""quotes"": 145, ""likes"": 7890, ""views"": 43600}",2024-06-10 08:30:00-06:00,infrastructure_debate,infrastructure_investor,Invest Infrastructure,2291
Infrastructure spending is just another government boondoggle that wastes taxpayer money,"{""replies"": 567, ""retweets"": 1123, ""quotes"": 129, ""likes"": 7234, ""views"": 40100}",2024-06-10 10:00:00-06:00,infrastructure_debate,spending_critic,Waste Money,2292
Public-private partnerships can efficiently deliver needed infrastructure projects,"{""replies"": 156, ""retweets"": 289, ""quotes"": 33, ""likes"": 1789, ""views"": 10500}",2024-06-10 11:30:00-06:00,infrastructure_debate,public_private_infrastructure,PPP Infrastructure,2293
Crumbling bridges and roads are a national security and safety emergency,"{""replies"": 445, ""retweets"": 834, ""quotes"": 91, ""likes"": 5234, ""views"": 29400}",2024-06-10 12:15:00-06:00,infrastructure_debate,infrastructure_crisis,Infrastructure Crisis,2294
Private sector builds infrastructure faster and cheaper than government,"{""replies"": 234, ""retweets"": 445, ""quotes"": 49, ""likes"": 2789, ""views"": 16200}",2024-06-10 13:45:00-06:00,infrastructure_debate,private_efficiency,Private Better,2295
Broadband internet is essential infrastructure for the 21st century economy,"{""replies"": 289, ""retweets"": 567, ""quotes"": 64, ""likes"": 3567, ""views"": 20600}",2024-06-10 14:20:00-06:00,infrastructure_debate,broadband_essential,Broadband Essential,2296
Green infrastructure investments will create jobs while fighting climate change,"{""replies"": 378, ""retweets"": 723, ""quotes"": 81, ""likes"": 4567, ""views"": 26300}",2024-06-10 15:00:00-06:00,infrastructure_debate,green_infrastructure,Green Infrastructure,2297
Traditional infrastructure like roads and bridges should be prioritized over green projects,"{""replies"": 323, ""retweets"": 634, ""quotes"": 71, ""likes"": 4123, ""views"": 24600}",2024-06-10 16:30:00-06:00,infrastructure_debate,traditional_first,Traditional First,2298
Infrastructure maintenance is unglamorous but critical for public safety,"{""replies"": 123, ""retweets"": 234, ""quotes"": 27, ""likes"": 1567, ""views"": 9200}",2024-06-10 17:15:00-06:00,infrastructure_debate,maintenance_matters,Maintain Infrastructure,2299
Smart infrastructure investments pay for themselves through increased productivity,"{""replies"": 167, ""retweets"": 323, ""quotes"": 37, ""likes"": 2123, ""views"": 12400}",2024-06-10 18:45:00-06:00,infrastructure_debate,smart_investment,Smart Investment,2300
Housing is a human right! Ban corporate ownership of single-family homes NOW!,"{""replies"": 1456, ""retweets"": 2890, ""quotes"": 334, ""likes"": 18234, ""views"": 101200}",2024-06-15 09:15:00-06:00,housing_debate,housing_rights,Housing Rights,2301
Private property rights are fundamental! Government cannot dictate who can own homes!,"{""replies"": 1234, ""retweets"": 2567, ""quotes"": 289, ""likes"": 15678, ""views"": 87400}",2024-06-15 10:45:00-06:00,housing_debate,property_rights,Property Rights,2302
Zoning reform could increase housing supply and reduce costs for everyone,"{""replies"": 234, ""retweets"": 445, ""quotes"": 49, ""likes"": 2789, ""views"": 16200}",2024-06-15 11:20:00-06:00,housing_debate,zoning_reform,Reform Zoning,2303
Rent control protects tenants from greedy landlords and gentrification,"{""replies"": 723, ""retweets"": 1445, ""quotes"": 167, ""likes"": 9234, ""views"": 51000}",2024-06-15 12:00:00-06:00,housing_debate,rent_control,Control Rent,2304
Rent control reduces housing supply and hurts the very people it claims to help,"{""replies"": 612, ""retweets"": 1234, ""quotes"": 145, ""likes"": 7890, ""views"": 43600}",2024-06-15 13:30:00-06:00,housing_debate,market_housing,Market Solutions,2305
"Social housing programs provide stable, affordable homes for working families","{""replies"": 378, ""retweets"": 723, ""quotes"": 81, ""likes"": 4567, ""views"": 26300}",2024-06-15 14:15:00-06:00,housing_debate,social_housing,Social Housing,2306
Government housing projects concentrate poverty and create urban decay,"{""replies"": 445, ""retweets"": 834, ""quotes"": 91, ""likes"": 5234, ""views"": 29400}",2024-06-15 15:45:00-06:00,housing_debate,housing_failure,Housing Projects Fail,2307
Housing vouchers give families choice while using market mechanisms efficiently,"{""replies"": 156, ""retweets"": 289, ""quotes"": 33, ""likes"": 1789, ""views"": 10500}",2024-06-15 16:20:00-06:00,housing_debate,housing_vouchers,Housing Vouchers,2308
Homelessness is a policy choice - we have the resources to house everyone,"{""replies"": 567, ""retweets"": 1123, ""quotes"": 129, ""likes"": 7234, ""views"": 40100}",2024-06-15 17:00:00-06:00,housing_debate,end_homelessness,End Homelessness,2309
Housing policy should address both supply constraints and affordability challenges,"{""replies"": 123, ""retweets"": 234, ""quotes"": 27, ""likes"": 1567, ""views"": 9200}",2024-06-15 18:30:00-06:00,housing_debate,comprehensive_housing,Comprehensive Housing,2310
Student loan forgiveness is economic justice for a generation crushed by debt!,"{""replies"": 1089, ""retweets"": 2178, ""quotes"": 256, ""likes"": 14567, ""views"": 81200}",2024-06-20 08:45:00-06:00,education_finance_debate,loan_forgiveness,Forgive Loans,2311
Student loan forgiveness is unfair to those who worked hard to pay off their debts!,"{""replies"": 967, ""retweets"": 1934, ""quotes"": 223, ""likes"": 12345, ""views"": 68700}",2024-06-20 10:15:00-06:00,education_finance_debate,unfair_forgiveness,Unfair Forgiveness,2312
College costs have spiraled out of control due to easy credit and administrative bloat,"{""replies"": 345, ""retweets"": 678, ""quotes"": 76, ""likes"": 4234, ""views"": 24600}",2024-06-20 11:00:00-06:00,education_finance_debate,college_costs,College Costs,2313
Higher education is an investment in human capital that benefits society,"{""replies"": 456, ""retweets"": 889, ""quotes"": 97, ""likes"": 5678, ""views"": 31200}",2024-06-20 12:30:00-06:00,education_finance_debate,education_investment,Education Investment,2314
Trade schools and apprenticeships provide better career prospects than many college degrees,"{""replies"": 234, ""retweets"": 445, ""quotes"": 49, ""likes"": 2789, ""views"": 16200}",2024-06-20 13:15:00-06:00,education_finance_debate,trade_schools,Trade Schools,2315
Income-driven repayment plans can make student loans manageable without forgiveness,"{""replies"": 156, ""retweets"": 289, ""quotes"": 33, ""likes"": 1789, ""views"": 10500}",2024-06-20 14:45:00-06:00,education_finance_debate,income_driven,Income Driven,2316
Free public college would democratize higher education and boost economic mobility,"{""replies"": 612, ""retweets"": 1234, ""quotes"": 145, ""likes"": 7890, ""views"": 43600}",2024-06-20 15:20:00-06:00,education_finance_debate,free_college,Free College,2317
Nothing is free - taxpayers would pay for other people's expensive college choices,"{""replies"": 534, ""retweets"": 1067, ""quotes"": 123, ""likes"": 6789, ""views"": 37800}",2024-06-20 16:00:00-06:00,education_finance_debate,taxpayer_cost,Taxpayers Pay,2318
Community colleges provide affordable pathways to four-year degrees and careers,"{""replies"": 189, ""retweets"": 356, ""quotes"": 41, ""likes"": 2234, ""views"": 13400}",2024-06-20 17:30:00-06:00,education_finance_debate,community_college,Community College,2319
"Education financing should reward outcomes and employment, not just enrollment","{""replies"": 123, ""retweets"": 234, ""quotes"": 27, ""likes"": 1567, ""views"": 9200}",2024-06-20 18:15:00-06:00,education_finance_debate,outcome_based,Reward Outcomes,2320
Mental health is just as important as physical health and deserves equal treatment coverage!,"{""replies"": 789, ""retweets"": 1578, ""quotes"": 181, ""likes"": 10234, ""views"": 56700}",2024-06-25 09:00:00-06:00,mental_health_debate,mental_health_advocate,Mental Health Matters,2321
Personal responsibility and self-reliance are better than medicalizing normal life struggles!,"{""replies"": 612, ""retweets"": 1234, ""quotes"": 145, ""likes"": 7890, ""views"": 43600}",2024-06-25 10:30:00-06:00,mental_health_debate,personal_responsibility,Personal Responsibility,2322
"Mental health services should be accessible, affordable, and evidence-based","{""replies"": 234, ""retweets"": 445, ""quotes"": 49, ""likes"": 2789, ""views"": 16200}",2024-06-25 11:15:00-06:00,mental_health_debate,accessible_treatment,Accessible Treatment,2323
The mental health crisis among young people requires urgent action and resources,"{""replies"": 567, ""retweets"": 1123, ""quotes"": 129, ""likes"": 7234, ""views"": 40100}",2024-06-25 12:45:00-06:00,mental_health_debate,youth_crisis,Youth Mental Health,2324
Big Pharma is over-medicating normal emotions to create lifetime customers,"{""replies"": 445, ""retweets"": 834, ""quotes"": 91, ""likes"": 5234, ""views"": 29400}",2024-06-25 13:20:00-06:00,mental_health_debate,pharma_critique,Big Pharma,2325
Mental health medication has saved countless lives when properly prescribed and monitored,"{""replies"": 378, ""retweets"": 723, ""quotes"": 81, ""likes"": 4567, ""views"": 26300}",2024-06-25 14:00:00-06:00,mental_health_debate,medication_defense,Medication Works,2326
Therapy and counseling should be available in schools to support student wellbeing,"{""replies"": 289, ""retweets"": 567, ""quotes"": 64, ""likes"": 3567, ""views"": 20600}",2024-06-25 15:30:00-06:00,mental_health_debate,school_therapy,School Mental Health,2327
"Schools should focus on education, not playing therapist to children","{""replies"": 356, ""retweets"": 667, ""quotes"": 73, ""likes"": 4234, ""views"": 23900}",2024-06-25 16:15:00-06:00,mental_health_debate,education_focus,Schools Teach,2328
Workplace mental health programs improve productivity and employee wellbeing,"{""replies"": 167, ""retweets"": 323, ""quotes"": 37, ""likes"": 2123, ""views"": 12400}",2024-06-25 17:45:00-06:00,mental_health_debate,workplace_wellness,Workplace Wellness,2329
Mental health stigma prevents people from seeking help when they need it most,"{""replies"": 123, ""retweets"": 234, ""quotes"": 27, ""likes"": 1567, ""views"": 9200}",2024-06-25 18:20:00-06:00,mental_health_debate,reduce_stigma,Reduce Stigma,2330
Drug prohibition has failed! Legalize all drugs and treat addiction as a health issue!,"{""replies"": 1123, ""retweets"": 2234, ""quotes"": 267, ""likes"": 13456, ""views"": 74800}",2024-06-30 09:30:00-06:00,drug_policy_debate,legalize_all,Legalize All,2331
Illegal drugs destroy lives and communities! We need tougher enforcement!,"{""replies"": 1034, ""retweets"": 2067, ""quotes"": 245, ""likes"": 12345, ""views"": 68700}",2024-06-30 11:00:00-06:00,drug_policy_debate,tough_enforcement,Tough on Drugs,2332
Drug policy should distinguish between different substances and their relative harms,"{""replies"": 234, ""retweets"": 445, ""quotes"": 49, ""likes"": 2789, ""views"": 16200}",2024-06-30 12:30:00-06:00,drug_policy_debate,harm_reduction,Harm Reduction,2333
Cannabis legalization has been successful and should be expanded nationwide,"{""replies"": 689, ""retweets"": 1345, ""quotes"": 156, ""likes"": 8567, ""views"": 47200}",2024-06-30 13:15:00-06:00,drug_policy_debate,cannabis_success,Cannabis Success,2334
Marijuana legalization increases impaired driving and youth access to drugs,"{""replies"": 567, ""retweets"": 1123, ""quotes"": 129, ""likes"": 7234, ""views"": 40100}",2024-06-30 14:45:00-06:00,drug_policy_debate,marijuana_dangers,Marijuana Dangers,2335
Treatment and rehabilitation work better than incarceration for drug addiction,"{""replies"": 445, ""retweets"": 834, ""quotes"": 91, ""likes"": 5234, ""views"": 29400}",2024-06-30 15:20:00-06:00,drug_policy_debate,treatment_not_jail,Treatment Not Jail,2336
Border security is essential to stop the flow of deadly fentanyl into America,"{""replies"": 723, ""retweets"": 1445, ""quotes"": 167, ""likes"": 9234, ""views"": 51000}",2024-06-30 16:00:00-06:00,drug_policy_debate,stop_fentanyl,Stop Fentanyl,2337
The opioid crisis was created by pharmaceutical companies pushing addictive drugs,"{""replies"": 612, ""retweets"": 1234, ""quotes"": 145, ""likes"": 7890, ""views"": 43600}",2024-06-30 17:30:00-06:00,drug_policy_debate,opioid_crisis,Opioid Crisis,2338
Safe consumption sites reduce overdose deaths and connect users to treatment,"{""replies"": 378, ""retweets"": 723, ""quotes"": 81, ""likes"": 4567, ""views"": 26300}",2024-06-30 18:15:00-06:00,drug_policy_debate,safe_sites,Safe Consumption,2339
"Drug policy should be based on public health evidence, not moral panic","{""replies"": 156, ""retweets"": 289, ""quotes"": 33, ""likes"": 1789, ""views"": 10500}",2024-06-30 19:45:00-06:00,drug_policy_debate,evidence_based_drugs,Evidence Based,2340
Electric vehicle mandates will destroy the auto industry and kill American jobs!,"{""replies"": 856, ""retweets"": 1712, ""quotes"": 198, ""likes"": 11234, ""views"": 62300}",2024-07-01 08:15:00-06:00,ev_debate,save_auto_jobs,Save Auto Jobs,2341
"Electric vehicles are the future - cleaner, quieter, and cheaper to operate!","{""replies"": 734, ""retweets"": 1467, ""quotes"": 171, ""likes"": 9890, ""views"": 54600}",2024-07-01 09:45:00-06:00,ev_debate,ev_future,EV Future,2342
"Transportation electrification should be market-driven, not government-mandated","{""replies"": 234, ""retweets"": 445, ""quotes"": 49, ""likes"": 2789, ""views"": 16200}",2024-07-01 10:20:00-06:00,ev_debate,market_transition,Market Driven,2343
EV charging infrastructure needs massive investment to support widespread adoption,"{""replies"": 445, ""retweets"": 834, ""quotes"": 91, ""likes"": 5234, ""views"": 29400}",2024-07-01 11:00:00-06:00,ev_debate,charging_infrastructure,Charging Infrastructure,2344
Electric vehicles are still too expensive for average American families,"{""replies"": 567, ""retweets"": 1123, ""quotes"": 129, ""likes"": 7234, ""views"": 40100}",2024-07-01 12:30:00-06:00,ev_debate,ev_expensive,EVs Too Expensive,2345
Battery technology improvements are rapidly reducing EV costs and increasing range,"{""replies"": 289, ""retweets"": 567, ""quotes"": 64, ""likes"": 3567, ""views"": 20600}",2024-07-01 13:15:00-06:00,ev_debate,battery_progress,Battery Progress,2346
The electrical grid cannot handle millions of electric vehicles charging simultaneously,"{""replies"": 378, ""retweets"": 723, ""quotes"": 81, ""likes"": 4567, ""views"": 26300}",2024-07-01 14:45:00-06:00,ev_debate,grid_capacity,Grid Problems,2347
Smart charging and grid upgrades can manage EV electricity demand efficiently,"{""replies"": 167, ""retweets"": 323, ""quotes"": 37, ""likes"": 2123, ""views"": 12400}",2024-07-01 15:20:00-06:00,ev_debate,smart_charging,Smart Charging,2348
EVs still depend on electricity from fossil fuel power plants in many regions,"{""replies"": 356, ""retweets"": 667, ""quotes"": 73, ""likes"": 4234, ""views"": 23900}",2024-07-01 16:00:00-06:00,ev_debate,fossil_electricity,Fossil Grid,2349
Transportation policy should support all clean vehicle technologies including hydrogen,"{""replies"": 123, ""retweets"": 234, ""quotes"": 27, ""likes"": 1567, ""views"": 9200}",2024-07-01 17:30:00-06:00,ev_debate,all_clean_tech,All Clean Tech,2350
Artificial Intelligence will replace human workers and create mass unemployment!,"{""replies"": 967, ""retweets"": 1934, ""quotes"": 223, ""likes"": 12345, ""views"": 68700}",2024-07-05 09:00:00-06:00,ai_debate,ai_unemployment,AI Kills Jobs,2351
AI will augment human capabilities and create new types of high-value work!,"{""replies"": 823, ""retweets"": 1645, ""quotes"": 189, ""likes"": 10567, ""views"": 58400}",2024-07-05 10:30:00-06:00,ai_debate,ai_augmentation,AI Helps Humans,2352
"AI regulation is needed to prevent bias, protect privacy, and ensure safety","{""replies"": 345, ""retweets"": 678, ""quotes"": 76, ""likes"": 4234, ""views"": 24600}",2024-07-05 11:15:00-06:00,ai_debate,ai_regulation,Regulate AI,2353
Over-regulating AI will hurt American competitiveness against China and other rivals,"{""replies"": 456, ""retweets"": 889, ""quotes"": 97, ""likes"": 5678, ""views"": 31200}",2024-07-05 12:45:00-06:00,ai_debate,ai_competition,AI Competition,2354
Universal Basic Income is necessary to address AI-driven technological unemployment,"{""replies"": 612, ""retweets"": 1234, ""quotes"": 145, ""likes"": 7890, ""views"": 43600}",2024-07-05 13:20:00-06:00,ai_debate,ai_ubi,AI Needs UBI,2355
Education and retraining programs can help workers adapt to AI-driven changes,"{""replies"": 234, ""retweets"": 445, ""quotes"": 49, ""likes"": 2789, ""views"": 16200}",2024-07-05 14:00:00-06:00,ai_debate,ai_retraining,Retrain Workers,2356
AI algorithms perpetuate and amplify existing biases in hiring and criminal justice,"{""replies"": 534, ""retweets"": 1067, ""quotes"": 123, ""likes"": 6789, ""views"": 37800}",2024-07-05 15:30:00-06:00,ai_debate,ai_bias,AI Bias,2357
AI can help remove human bias and make decisions more objective and fair,"{""replies"": 289, ""retweets"": 567, ""quotes"": 64, ""likes"": 3567, ""views"": 20600}",2024-07-05 16:15:00-06:00,ai_debate,ai_objectivity,AI Objectivity,2358
Autonomous weapons systems violate human dignity and could lead to robotic warfare,"{""replies"": 723, ""retweets"": 1445, ""quotes"": 167, ""likes"": 9234, ""views"": 51000}",2024-07-05 17:45:00-06:00,ai_debate,ai_weapons,No AI Weapons,2359
AI development should prioritize beneficial applications that help humanity flourish,"{""replies"": 167, ""retweets"": 323, ""quotes"": 37, ""likes"": 2123, ""views"": 12400}",2024-07-05 18:20:00-06:00,ai_debate,beneficial_ai,Beneficial AI,2360
Space exploration is a waste of money while people are suffering on Earth!,"{""replies"": 612, ""retweets"": 1234, ""quotes"": 145, ""likes"": 7890, ""views"": 43600}",2024-07-10 10:15:00-06:00,space_debate,earth_first,Fix Earth First,2361
Space exploration drives innovation and inspires humanity to reach for the stars!,"{""replies"": 567, ""retweets"": 1123, ""quotes"": 129, ""likes"": 7234, ""views"": 40100}",2024-07-10 11:45:00-06:00,space_debate,space_inspiration,Reach for Stars,2362
Private space companies are making space more accessible and cost-effective,"{""replies"": 234, ""retweets"": 445, ""quotes"": 49, ""likes"": 2789, ""views"": 16200}",2024-07-10 12:20:00-06:00,space_debate,private_space,Private Space,2363
Space militarization threatens to extend earthly conflicts into orbit,"{""replies"": 445, ""retweets"": 834, ""quotes"": 91, ""likes"": 5234, ""views"": 29400}",2024-07-10 13:00:00-06:00,space_debate,space_military,No Space War,2364
Space resources could solve scarcity and provide unlimited energy for Earth,"{""replies"": 378, ""retweets"": 723, ""quotes"": 81, ""likes"": 4567, ""views"": 26300}",2024-07-10 14:30:00-06:00,space_debate,space_resources,Space Resources,2365
International cooperation in space benefits all humanity peacefully,"{""replies"": 156, ""retweets"": 289, ""quotes"": 33, ""likes"": 1789, ""views"": 10500}",2024-07-10 15:15:00-06:00,space_debate,space_cooperation,Space Peace,2366
Mars colonization is humanity's backup plan against existential risks,"{""replies"": 289, ""retweets"": 567, ""quotes"": 64, ""likes"": 3567, ""views"": 20600}",2024-07-10 16:45:00-06:00,space_debate,mars_backup,Mars Backup,2367
Focus on making Earth sustainable instead of escaping to other planets,"{""replies"": 356, ""retweets"": 667, ""quotes"": 73, ""likes"": 4234, ""views"": 23900}",2024-07-10 17:20:00-06:00,space_debate,sustainable_earth,Fix Earth,2368
Space technology has produced countless innovations that benefit life on Earth,"{""replies"": 167, ""retweets"": 323, ""quotes"": 37, ""likes"": 2123, ""views"": 12400}",2024-07-10 18:00:00-06:00,space_debate,space_innovation,Space Innovation,2369
Scientific research should be publicly funded to serve humanity's common good,"{""replies"": 123, ""retweets"": 234, ""quotes"": 27, ""likes"": 1567, ""views"": 9200}",2024-07-10 19:30:00-06:00,space_debate,public_science,Public Science,2370
America is the greatest country in the world and we must preserve our founding values!,"{""replies"": 1245, ""retweets"": 2489, ""quotes"": 289, ""likes"": 16789, ""views"": 92300}",2024-07-15 08:30:00-06:00,patriotism_debate,america_greatest,America Greatest,2371
American exceptionalism blinds us to our flaws and prevents necessary reforms!,"{""replies"": 1156, ""retweets"": 2312, ""quotes"": 267, ""likes"": 15234, ""views"": 84600}",2024-07-15 10:00:00-06:00,patriotism_debate,american_criticism,America Flawed,2372
Patriotism means loving your country enough to work for its improvement,"{""replies"": 234, ""retweets"": 445, ""quotes"": 49, ""likes"": 2789, ""views"": 16200}",2024-07-15 11:30:00-06:00,patriotism_debate,patriotic_reform,Patriotic Reform,2373
Critical race theory is anti-American propaganda that teaches children to hate their country,"{""replies"": 834, ""retweets"": 1667, ""quotes"": 189, ""likes"": 10567, ""views"": 58400}",2024-07-15 12:15:00-06:00,patriotism_debate,anti_crt_patriot,Defend America,2374
Teaching honest history including slavery and genocide is truly patriotic,"{""replies"": 723, ""retweets"": 1445, ""quotes"": 167, ""likes"": 9234, ""views"": 51000}",2024-07-15 13:45:00-06:00,patriotism_debate,honest_history,Honest Patriotism,2375
Flag burning should be illegal - it disrespects those who died for our freedom,"{""replies"": 612, ""retweets"": 1234, ""quotes"": 145, ""likes"": 7890, ""views"": 43600}",2024-07-15 14:20:00-06:00,patriotism_debate,protect_flag,Protect Flag,2376
Free speech includes unpopular expression - that's what makes America free,"{""replies"": 445, ""retweets"": 834, ""quotes"": 91, ""likes"": 5234, ""views"": 29400}",2024-07-15 15:00:00-06:00,patriotism_debate,free_expression,Free Expression,2377
American values of freedom and democracy should be exported worldwide,"{""replies"": 378, ""retweets"": 723, ""quotes"": 81, ""likes"": 4567, ""views"": 26300}",2024-07-15 16:30:00-06:00,patriotism_debate,export_democracy,Export Democracy,2378
"America should lead by example, not force our values on other countries","{""replies"": 289, ""retweets"": 567, ""quotes"": 64, ""likes"": 3567, ""views"": 20600}",2024-07-15 17:15:00-06:00,patriotism_debate,lead_example,Lead by Example,2379
True patriotism requires both pride in achievements and acknowledgment of failures,"{""replies"": 156, ""retweets"": 289, ""quotes"": 33, ""likes"": 1789, ""views"": 10500}",2024-07-15 18:45:00-06:00,patriotism_debate,balanced_patriotism,Balanced Patriotism,2380
Professional athletes should stand for the national anthem - period!,"{""replies"": 1034, ""retweets"": 2067, ""quotes"": 245, ""likes"": 13456, ""views"": 74800}",2024-07-20 09:15:00-06:00,protest_debate,stand_anthem,Stand for Anthem,2381
Peaceful protest is the highest form of patriotism in a democracy!,"{""replies"": 967, ""retweets"": 1934, ""quotes"": 223, ""likes"": 12345, ""views"": 68700}",2024-07-20 10:45:00-06:00,protest_debate,peaceful_protest,Peaceful Protest,2382
There's a time and place for everything - keep politics out of sports,"{""replies"": 234, ""retweets"": 445, ""quotes"": 49, ""likes"": 2789, ""views"": 16200}",2024-07-20 11:20:00-06:00,protest_debate,no_politics_sports,No Politics Sports,2383
Athletes have platforms and should use them to speak out against injustice,"{""replies"": 567, ""retweets"": 1123, ""quotes"": 129, ""likes"": 7234, ""views"": 40100}",2024-07-20 12:00:00-06:00,protest_debate,athlete_voice,Athletes Speak Out,2384
Burning and looting during protests discredits legitimate grievances,"{""replies"": 723, ""retweets"": 1445, ""quotes"": 167, ""likes"": 9234, ""views"": 51000}",2024-07-20 13:30:00-06:00,protest_debate,condemn_violence,Condemn Violence,2385
Property damage is wrong but doesn't invalidate the message behind protests,"{""replies"": 445, ""retweets"": 834, ""quotes"": 91, ""likes"": 5234, ""views"": 29400}",2024-07-20 14:15:00-06:00,protest_debate,separate_message,Separate Message,2386
Civil disobedience has a proud history in America from the Boston Tea Party onward,"{""replies"": 378, ""retweets"": 723, ""quotes"": 81, ""likes"": 4567, ""views"": 26300}",2024-07-20 15:45:00-06:00,protest_debate,civil_disobedience,Civil Disobedience,2387
Breaking the law undermines the rule of law regardless of the cause,"{""replies"": 289, ""retweets"": 567, ""quotes"": 64, ""likes"": 3567, ""views"": 20600}",2024-07-20 16:20:00-06:00,protest_debate,rule_of_law,Rule of Law,2388
First Amendment protections apply equally to all political viewpoints,"{""replies"": 167, ""retweets"": 323, ""quotes"": 37, ""likes"": 2123, ""views"": 12400}",2024-07-20 17:00:00-06:00,protest_debate,first_amendment,First Amendment,2389
Effective protest requires both passion and strategic thinking about goals,"{""replies"": 123, ""retweets"": 234, ""quotes"": 27, ""likes"": 1567, ""views"": 9200}",2024-07-20 18:30:00-06:00,protest_debate,strategic_protest,Strategic Protest,2390
Globalization has destroyed American manufacturing and made us dependent on China!,"{""replies"": 856, ""retweets"": 1712, ""quotes"": 198, ""likes"": 11234, ""views"": 62300}",2024-07-25 08:45:00-06:00,globalization_debate,america_first_global,America First Global,2391
Global trade has lifted billions out of poverty and made products more affordable!,"{""replies"": 734, ""retweets"": 1467, ""quotes"": 171, ""likes"": 9890, ""views"": 54600}",2024-07-25 10:15:00-06:00,globalization_debate,global_prosperity,Global Prosperity,2392
"Globalization should be managed to benefit workers, not just corporations","{""replies"": 234, ""retweets"": 445, ""quotes"": 49, ""likes"": 2789, ""views"": 16200}",2024-07-25 11:00:00-06:00,globalization_debate,worker_globalization,Worker Benefits,2393
Supply chain resilience requires domestic production capability for critical goods,"{""replies"": 445, ""retweets"": 834, ""quotes"": 91, ""likes"": 5234, ""views"": 29400}",2024-07-25 12:30:00-06:00,globalization_debate,supply_chains,Supply Chains,2394
Comparative advantage and specialization make everyone better off through trade,"{""replies"": 189, ""retweets"": 356, ""quotes"": 41, ""likes"": 2234, ""views"": 13400}",2024-07-25 13:15:00-06:00,globalization_debate,comparative_advantage,Comparative Advantage,2395
Multinational corporations exploit workers and avoid taxes through global arbitrage,"{""replies"": 567, ""retweets"": 1123, ""quotes"": 129, ""likes"": 7234, ""views"": 40100}",2024-07-25 14:45:00-06:00,globalization_debate,corporate_exploitation,Corporate Exploitation,2396
Global competition drives innovation and efficiency that benefits consumers,"{""replies"": 289, ""retweets"": 567, ""quotes"": 64, ""likes"": 3567, ""views"": 20600}",2024-07-25 15:20:00-06:00,globalization_debate,global_competition,Global Competition,2397
International cooperation is essential to address global challenges like pandemics,"{""replies"": 378, ""retweets"": 723, ""quotes"": 81, ""likes"": 4567, ""views"": 26300}",2024-07-25 16:00:00-06:00,globalization_debate,global_cooperation,Global Cooperation,2398
Economic nationalism protects American workers from unfair foreign competition,"{""replies"": 612, ""retweets"": 1234, ""quotes"": 145, ""likes"": 7890, ""views"": 43600}",2024-07-25 17:30:00-06:00,globalization_debate,economic_nationalism,Economic Nationalism,2399
Globalization requires global governance to ensure fairness and sustainability,"{""replies"": 156, ""retweets"": 289, ""quotes"": 33, ""likes"": 1789, ""views"": 10500}",2024-07-25 18:15:00-06:00,globalization_debate,global_governance,Global Governance,2400
Social media algorithms are radicalizing Americans and destroying our democracy!,"{""replies"": 1234, ""retweets"": 2467, ""quotes"": 289, ""likes"": 15678, ""views"": 87200}",2024-08-01 09:00:00-06:00,tech_society_debate,algorithm_critic,Algorithm Danger,2401
Technology platforms connect people and democratize access to information worldwide!,"{""replies"": 1123, ""retweets"": 2245, ""quotes"": 267, ""likes"": 14567, ""views"": 81400}",2024-08-01 10:30:00-06:00,tech_society_debate,tech_optimist,Tech Liberation,2402
Digital addiction is rewiring our brains and harming mental health,"{""replies"": 567, ""retweets"": 1123, ""quotes"": 129, ""likes"": 7234, ""views"": 40100}",2024-08-01 11:15:00-06:00,tech_society_debate,digital_wellness,Digital Wellness,2403
Technology tools enhance human capabilities when used mindfully,"{""replies"": 234, ""retweets"": 445, ""quotes"": 49, ""likes"": 2789, ""views"": 16200}",2024-08-01 12:45:00-06:00,tech_society_debate,mindful_tech,Mindful Tech,2404
Surveillance capitalism exploits personal data for corporate profit,"{""replies"": 723, ""retweets"": 1445, ""quotes"": 167, ""likes"": 9234, ""views"": 51000}",2024-08-01 13:20:00-06:00,tech_society_debate,surveillance_capitalism,Surveillance Capitalism,2405
Data collection enables personalized services that improve user experience,"{""replies"": 445, ""retweets"": 834, ""quotes"": 91, ""likes"": 5234, ""views"": 29400}",2024-08-01 14:00:00-06:00,tech_society_debate,personalization_benefits,Personalization Benefits,2406
Smartphone usage is creating a generation incapable of deep thinking,"{""replies"": 612, ""retweets"": 1234, ""quotes"": 145, ""likes"": 7890, ""views"": 43600}",2024-08-01 15:30:00-06:00,tech_society_debate,shallow_thinking,Shallow Thinking,2407
Mobile technology provides unprecedented access to knowledge and learning,"{""replies"": 378, ""retweets"": 723, ""quotes"": 81, ""likes"": 4567, ""views"": 26300}",2024-08-01 16:15:00-06:00,tech_society_debate,mobile_learning,Mobile Learning,2408
Virtual reality will replace real human connection and experience,"{""replies"": 289, ""retweets"": 567, ""quotes"": 64, ""likes"": 3567, ""views"": 20600}",2024-08-01 17:45:00-06:00,tech_society_debate,vr_isolation,VR Isolation,2409
Immersive technologies can enhance education and human understanding,"{""replies"": 156, ""retweets"": 289, ""quotes"": 33, ""likes"": 1789, ""views"": 10500}",2024-08-01 18:20:00-06:00,tech_society_debate,immersive_education,Immersive Education,2410
Gig economy workers deserve full employee benefits and protections!,"{""replies"": 967, ""retweets"": 1934, ""quotes"": 223, ""likes"": 12345, ""views"": 68700}",2024-08-05 08:30:00-06:00,labor_debate,gig_protection,Protect Gig Workers,2411
Independent contractors value flexibility over traditional employment benefits!,"{""replies"": 834, ""retweets"": 1667, ""quotes"": 189, ""likes"": 10567, ""views"": 58400}",2024-08-05 10:00:00-06:00,labor_debate,contractor_freedom,Contractor Freedom,2412
Labor laws need updating for the modern economy while protecting workers,"{""replies"": 234, ""retweets"": 445, ""quotes"": 49, ""likes"": 2789, ""views"": 16200}",2024-08-05 11:30:00-06:00,labor_debate,modern_labor_law,Modern Labor Laws,2413
Automation will eliminate jobs faster than the economy can create new ones,"{""replies"": 723, ""retweets"": 1445, ""quotes"": 167, ""likes"": 9234, ""views"": 51000}",2024-08-05 12:15:00-06:00,labor_debate,automation_unemployment,Automation Jobs,2414
Technology creates new industries and job categories even as it eliminates others,"{""replies"": 445, ""retweets"": 834, ""quotes"": 91, ""likes"": 5234, ""views"": 29400}",2024-08-05 13:45:00-06:00,labor_debate,technology_jobs,Technology Creates Jobs,2415
Universal Basic Income is necessary as automation displaces human workers,"{""replies"": 612, ""retweets"": 1234, ""quotes"": 145, ""likes"": 7890, ""views"": 43600}",2024-08-05 14:20:00-06:00,labor_debate,automation_ubi,Automation UBI,2416
Job retraining programs can help workers transition to new careers,"{""replies"": 189, ""retweets"": 356, ""quotes"": 41, ""likes"": 2234, ""views"": 13400}",2024-08-05 15:00:00-06:00,labor_debate,job_retraining,Job Retraining,2417
Right to work laws protect individual freedom from forced union membership,"{""replies"": 567, ""retweets"": 1123, ""quotes"": 129, ""likes"": 7234, ""views"": 40100}",2024-08-05 16:30:00-06:00,labor_debate,right_to_work,Right to Work,2418
Collective bargaining gives workers power to negotiate fair wages and conditions,"{""replies"": 378, ""retweets"": 723, ""quotes"": 81, ""likes"": 4567, ""views"": 26300}",2024-08-05 17:15:00-06:00,labor_debate,collective_bargaining,Collective Bargaining,2419
The future of work requires balancing flexibility with security for all workers,"{""replies"": 123, ""retweets"": 234, ""quotes"": 27, ""likes"": 1567, ""views"": 9200}",2024-08-05 18:45:00-06:00,labor_debate,work_balance,Balance Work,2420
"Gender is a social construct - trans women are women, period!","{""replies"": 1345, ""retweets"": 2689, ""quotes"": 312, ""likes"": 17890, ""views"": 98600}",2024-08-10 09:15:00-06:00,gender_debate,trans_rights,Trans Women Are Women,2421
Biological sex is real and matters for women's sports and spaces!,"{""replies"": 1234, ""retweets"": 2467, ""quotes"": 289, ""likes"": 16234, ""views"": 89700}",2024-08-10 10:45:00-06:00,gender_debate,biological_reality,Biological Reality,2422
Gender identity should be respected while addressing practical concerns,"{""replies"": 234, ""retweets"": 445, ""quotes"": 49, ""likes"": 2789, ""views"": 16200}",2024-08-10 11:20:00-06:00,gender_debate,respectful_dialogue,Respectful Dialogue,2423
Children cannot consent to permanent medical procedures about gender,"{""replies"": 889, ""retweets"": 1778, ""quotes"": 201, ""likes"": 11567, ""views"": 63800}",2024-08-10 12:00:00-06:00,gender_debate,protect_children,Protect Children,2424
Gender-affirming care saves trans youth lives and should be available,"{""replies"": 823, ""retweets"": 1645, ""quotes"": 189, ""likes"": 10890, ""views"": 60100}",2024-08-10 13:30:00-06:00,gender_debate,affirming_care,Affirming Care,2425
Pronoun usage is basic respect for human dignity and identity,"{""replies"": 567, ""retweets"": 1123, ""quotes"": 129, ""likes"": 7234, ""views"": 40100}",2024-08-10 14:15:00-06:00,gender_debate,pronoun_respect,Pronoun Respect,2426
Compelled speech about pronouns violates free speech and religious freedom,"{""replies"": 612, ""retweets"": 1234, ""quotes"": 145, ""likes"": 7890, ""views"": 43600}",2024-08-10 15:45:00-06:00,gender_debate,compelled_speech,Compelled Speech,2427
LGBTQ+ inclusive education helps all students feel safe and accepted,"{""replies"": 445, ""retweets"": 834, ""quotes"": 91, ""likes"": 5234, ""views"": 29400}",2024-08-10 16:20:00-06:00,gender_debate,inclusive_education,Inclusive Education,2428
Parents should control what values are taught to their children,"{""replies"": 723, ""retweets"": 1445, ""quotes"": 167, ""likes"": 9234, ""views"": 51000}",2024-08-10 17:00:00-06:00,gender_debate,parental_control,Parental Control,2429
Human dignity requires treating all people with respect regardless of identity,"{""replies"": 189, ""retweets"": 356, ""quotes"": 41, ""likes"": 2234, ""views"": 13400}",2024-08-10 18:30:00-06:00,gender_debate,human_dignity,Human Dignity,2430
Factory farming is animal cruelty and environmental destruction on a massive scale!,"{""replies"": 856, ""retweets"": 1712, ""quotes"": 198, ""likes"": 11234, ""views"": 62300}",2024-08-15 08:45:00-06:00,agriculture_debate,factory_farming_critic,End Factory Farming,2431
Modern agriculture feeds the world efficiently and affordably!,"{""replies"": 734, ""retweets"": 1467, ""quotes"": 171, ""likes"": 9890, ""views"": 54600}",2024-08-15 10:15:00-06:00,agriculture_debate,agriculture_defender,Modern Agriculture,2432
Sustainable farming practices can meet food needs without environmental damage,"{""replies"": 234, ""retweets"": 445, ""quotes"": 49, ""likes"": 2789, ""views"": 16200}",2024-08-15 11:00:00-06:00,agriculture_debate,sustainable_farming,Sustainable Farming,2433
Organic food is a luxury for the wealthy while GMOs help feed the poor,"{""replies"": 445, ""retweets"": 834, ""quotes"": 91, ""likes"": 5234, ""views"": 29400}",2024-08-15 12:30:00-06:00,agriculture_debate,gmo_benefits,GMO Benefits,2434
Genetic modification threatens biodiversity and creates corporate seed monopolies,"{""replies"": 567, ""retweets"": 1123, ""quotes"": 129, ""likes"": 7234, ""views"": 40100}",2024-08-15 13:15:00-06:00,agriculture_debate,gmo_dangers,GMO Dangers,2435
Local food systems build community resilience and reduce environmental impact,"{""replies"": 289, ""retweets"": 567, ""quotes"": 64, ""likes"": 3567, ""views"": 20600}",2024-08-15 14:45:00-06:00,agriculture_debate,local_food,Local Food,2436
Global food trade prevents famines and allows regional specialization,"{""replies"": 189, ""retweets"": 356, ""quotes"": 41, ""likes"": 2234, ""views"": 13400}",2024-08-15 15:20:00-06:00,agriculture_debate,global_food_trade,Global Food Trade,2437
Agricultural subsidies distort markets and favor corporate agribusiness,"{""replies"": 378, ""retweets"": 723, ""quotes"": 81, ""likes"": 4567, ""views"": 26300}",2024-08-15 16:00:00-06:00,agriculture_debate,subsidy_critic,Subsidy Critic,2438
Farm subsidies protect family farmers from market volatility and natural disasters,"{""replies"": 612, ""retweets"": 1234, ""quotes"": 145, ""likes"": 7890, ""views"": 43600}",2024-08-15 17:30:00-06:00,agriculture_debate,subsidy_defender,Protect Farmers,2439
"Food policy should balance production, nutrition, sustainability, and affordability","{""replies"": 156, ""retweets"": 289, ""quotes"": 33, ""likes"": 1789, ""views"": 10500}",2024-08-15 18:15:00-06:00,agriculture_debate,food_policy_balance,Balance Food Policy,2440
Organized religion is the root of most human conflict and oppression!,"{""replies"": 1123, ""retweets"": 2245, ""quotes"": 267, ""likes"": 14567, ""views"": 81400}",2024-08-20 09:30:00-06:00,religion_debate,religion_critic,Religion Critic,2441
"Faith communities provide meaning, purpose, and social support to billions!","{""replies"": 1034, ""retweets"": 2067, ""quotes"": 245, ""likes"": 13456, ""views"": 74800}",2024-08-20 11:00:00-06:00,religion_debate,faith_defender,Faith Defender,2442
Religious freedom includes both freedom to believe and freedom from religion,"{""replies"": 234, ""retweets"": 445, ""quotes"": 49, ""likes"": 2789, ""views"": 16200}",2024-08-20 12:30:00-06:00,religion_debate,religious_freedom_balance,Religious Freedom,2443
Christianity built Western civilization and its moral foundations,"{""replies"": 723, ""retweets"": 1445, ""quotes"": 167, ""likes"": 9234, ""views"": 51000}",2024-08-20 13:15:00-06:00,religion_debate,christian_civilization,Christian Civilization,2444
Secular humanism provides better moral guidance than ancient religious texts,"{""replies"": 612, ""retweets"": 1234, ""quotes"": 145, ""likes"": 7890, ""views"": 43600}",2024-08-20 14:45:00-06:00,religion_debate,secular_morality,Secular Morality,2445
Religious plurality enriches society through diverse perspectives and traditions,"{""replies"": 189, ""retweets"": 356, ""quotes"": 41, ""likes"": 2234, ""views"": 13400}",2024-08-20 15:20:00-06:00,religion_debate,religious_plurality,Religious Plurality,2446
Separation of church and state protects both religious freedom and democracy,"{""replies"": 445, ""retweets"": 834, ""quotes"": 91, ""likes"": 5234, ""views"": 29400}",2024-08-20 16:00:00-06:00,religion_debate,separation_church_state,Separation Church State,2447
Religious values should inform public policy and moral decision-making,"{""replies"": 567, ""retweets"": 1123, ""quotes"": 129, ""likes"": 7234, ""views"": 40100}",2024-08-20 17:30:00-06:00,religion_debate,religious_values_policy,Religious Values Policy,2448
Science and religion can coexist when each stays within appropriate domains,"{""replies"": 156, ""retweets"": 289, ""quotes"": 33, ""likes"": 1789, ""views"": 10500}",2024-08-20 18:15:00-06:00,religion_debate,science_religion_coexist,Science Religion Coexist,2449
Fundamentalism in any religion threatens peaceful coexistence and human rights,"{""replies"": 378, ""retweets"": 723, ""quotes"": 81, ""likes"": 4567, ""views"": 26300}",2024-08-20 19:45:00-06:00,religion_debate,fundamentalism_threat,Fundamentalism Threat,2450
Corporate censorship is destroying free speech in America!,"{""replies"": 1245, ""retweets"": 2489, ""quotes"": 289, ""likes"": 16789, ""views"": 92300}",2024-08-25 08:15:00-06:00,free_speech_debate,corporate_censorship,Corporate Censorship,2451
Private companies have the right to set their own community standards!,"{""replies"": 1156, ""retweets"": 2312, ""quotes"": 267, ""likes"": 15234, ""views"": 84600}",2024-08-25 09:45:00-06:00,free_speech_debate,private_company_rights,Private Company Rights,2452
"The First Amendment only restricts government, not private platform moderation","{""replies"": 345, ""retweets"": 678, ""quotes"": 76, ""likes"": 4234, ""views"": 24600}",2024-08-25 10:20:00-06:00,free_speech_debate,first_amendment_limits,First Amendment Limits,2453
Big Tech has monopoly power and should be regulated like public utilities,"{""replies"": 723, ""retweets"": 1445, ""quotes"": 167, ""likes"": 9234, ""views"": 51000}",2024-08-25 11:00:00-06:00,free_speech_debate,tech_utility_regulation,Tech Utility Regulation,2454
Free market competition will solve platform censorship better than regulation,"{""replies"": 445, ""retweets"": 834, ""quotes"": 91, ""likes"": 5234, ""views"": 29400}",2024-08-25 12:30:00-06:00,free_speech_debate,market_competition,Market Competition,2455
Hate speech causes real harm and should not be protected expression,"{""replies"": 612, ""retweets"": 1234, ""quotes"": 145, ""likes"": 7890, ""views"": 43600}",2024-08-25 13:15:00-06:00,free_speech_debate,hate_speech_harm,Hate Speech Harm,2456
Free speech includes offensive speech - who decides what's hateful?,"{""replies"": 567, ""retweets"": 1123, ""quotes"": 129, ""likes"": 7234, ""views"": 40100}",2024-08-25 14:45:00-06:00,free_speech_debate,offensive_speech_protection,Protect Offensive Speech,2457
Misinformation spreads faster than truth and undermines democratic institutions,"{""replies"": 378, ""retweets"": 723, ""quotes"": 81, ""likes"": 4567, ""views"": 26300}",2024-08-25 15:20:00-06:00,free_speech_debate,misinformation_democracy,Misinformation Democracy,2458
Countering bad speech with more speech works better than censorship,"{""replies"": 234, ""retweets"": 445, ""quotes"": 49, ""likes"": 2789, ""views"": 16200}",2024-08-25 16:00:00-06:00,free_speech_debate,more_speech,More Speech,2459
Free speech requires both legal protection and cultural commitment to open dialogue,"{""replies"": 156, ""retweets"": 289, ""quotes"": 33, ""likes"": 1789, ""views"": 10500}",2024-08-25 17:30:00-06:00,free_speech_debate,free_speech_culture,Free Speech Culture,2460
Cancel culture is destroying careers and silencing legitimate debate!,"{""replies"": 1367, ""retweets"": 2734, ""quotes"": 323, ""likes"": 18902, ""views"": 104500}",2024-08-30 09:00:00-06:00,cancel_culture_debate,cancel_culture_critic,Cancel Culture Critic,2461
Accountability culture helps marginalized voices challenge systemic oppression!,"{""replies"": 1278, ""retweets"": 2556, ""quotes"": 298, ""likes"": 17234, ""views"": 95600}",2024-08-30 10:30:00-06:00,cancel_culture_debate,accountability_advocate,Accountability Culture,2462
Public shaming mobs lack due process and proportionate responses,"{""replies"": 567, ""retweets"": 1123, ""quotes"": 129, ""likes"": 7234, ""views"": 40100}",2024-08-30 11:15:00-06:00,cancel_culture_debate,due_process,Due Process,2463
Consequences for harmful speech protect vulnerable communities from abuse,"{""replies"": 612, ""retweets"": 1234, ""quotes"": 145, ""likes"": 7890, ""views"": 43600}",2024-08-30 12:45:00-06:00,cancel_culture_debate,protect_vulnerable,Protect Vulnerable,2464
Cancel culture chills academic freedom and intellectual inquiry,"{""replies"": 445, ""retweets"": 834, ""quotes"": 91, ""likes"": 5234, ""views"": 29400}",2024-08-30 13:20:00-06:00,cancel_culture_debate,academic_freedom,Academic Freedom,2465
Social consequences for bigotry create more inclusive environments,"{""replies"": 378, ""retweets"": 723, ""quotes"": 81, ""likes"": 4567, ""views"": 26300}",2024-08-30 14:00:00-06:00,cancel_culture_debate,inclusive_environments,Inclusive Environments,2466
Context and intent matter when evaluating controversial statements,"{""replies"": 234, ""retweets"": 445, ""quotes"": 49, ""likes"": 2789, ""views"": 16200}",2024-08-30 15:30:00-06:00,cancel_culture_debate,context_intent,Context Intent,2467
Impact matters more than intent when speech causes real harm,"{""replies"": 289, ""retweets"": 567, ""quotes"": 64, ""likes"": 3567, ""views"": 20600}",2024-08-30 16:15:00-06:00,cancel_culture_debate,impact_intent,Impact Over Intent,2468
Forgiveness and redemption should be possible for past mistakes,"{""replies"": 189, ""retweets"": 356, ""quotes"": 41, ""likes"": 2234, ""views"": 13400}",2024-08-30 17:45:00-06:00,cancel_culture_debate,forgiveness_redemption,Forgiveness Redemption,2469
Democratic discourse requires both free expression and respectful dialogue,"{""replies"": 123, ""retweets"": 234, ""quotes"": 27, ""likes"": 1567, ""views"": 9200}",2024-08-30 18:20:00-06:00,cancel_culture_debate,democratic_discourse,Democratic Discourse,2470
Fossil fuel companies are destroying the planet for profit!,"{""replies"": 1456, ""retweets"": 2912, ""quotes"": 345, ""likes"": 20123, ""views"": 111300}",2024-09-01 08:30:00-06:00,energy_debate,fossil_fuel_critic,Fossil Fuel Critic,2471
Energy companies power civilization and drive economic prosperity!,"{""replies"": 1234, ""retweets"": 2467, ""quotes"": 289, ""likes"": 16789, ""views"": 92300}",2024-09-01 10:00:00-06:00,energy_debate,energy_defender,Energy Defender,2472
Energy transition must balance environmental goals with economic reality,"{""replies"": 345, ""retweets"": 678, ""quotes"": 76, ""likes"": 4234, ""views"": 24600}",2024-09-01 11:30:00-06:00,energy_debate,energy_transition_balance,Energy Transition Balance,2473
Renewable energy is now cheaper than fossil fuels in most markets,"{""replies"": 723, ""retweets"": 1445, ""quotes"": 167, ""likes"": 9234, ""views"": 51000}",2024-09-01 12:15:00-06:00,energy_debate,renewable_cheaper,Renewable Cheaper,2474
Renewables are unreliable and require fossil fuel backup power,"{""replies"": 612, ""retweets"": 1234, ""quotes"": 145, ""likes"": 7890, ""views"": 43600}",2024-09-01 13:45:00-06:00,energy_debate,renewable_unreliable,Renewable Unreliable,2475
Battery storage and smart grids can manage renewable energy intermittency,"{""replies"": 378, ""retweets"": 723, ""quotes"": 81, ""likes"": 4567, ""views"": 26300}",2024-09-01 14:20:00-06:00,energy_debate,storage_solutions,Storage Solutions,2476
Natural gas is a clean bridge fuel to a renewable energy future,"{""replies"": 234, ""retweets"": 445, ""quotes"": 49, ""likes"": 2789, ""views"": 16200}",2024-09-01 15:00:00-06:00,energy_debate,natural_gas_bridge,Natural Gas Bridge,2477
Methane leaks make natural gas worse for climate than coal,"{""replies"": 445, ""retweets"": 834, ""quotes"": 91, ""likes"": 5234, ""views"": 29400}",2024-09-01 16:30:00-06:00,energy_debate,methane_leaks,Methane Leaks,2478
Energy independence requires diverse domestic sources including fossil fuels,"{""replies"": 289, ""retweets"": 567, ""quotes"": 64, ""likes"": 3567, ""views"": 20600}",2024-09-01 17:15:00-06:00,energy_debate,energy_independence,Energy Independence,2479
Clean energy creates more jobs per dollar invested than fossil fuels,"{""replies"": 156, ""retweets"": 289, ""quotes"": 33, ""likes"": 1789, ""views"": 10500}",2024-09-01 18:45:00-06:00,energy_debate,clean_energy_jobs,Clean Energy Jobs,2480
Government spending is out of control and bankrupting future generations!,"{""replies"": 1189, ""retweets"": 2378, ""quotes"": 278, ""likes"": 15678, ""views"": 86900}",2024-09-05 09:15:00-06:00,fiscal_policy_debate,spending_critic,Spending Critic,2481
Public investment drives economic growth and provides essential services!,"{""replies"": 1067, ""retweets"": 2134, ""quotes"": 245, ""likes"": 14123, ""views"": 78200}",2024-09-05 10:45:00-06:00,fiscal_policy_debate,investment_advocate,Public Investment,2482
Deficit spending during recessions helps stabilize the economy,"{""replies"": 234, ""retweets"": 445, ""quotes"": 49, ""likes"": 2789, ""views"": 16200}",2024-09-05 11:20:00-06:00,fiscal_policy_debate,keynesian_economics,Keynesian Economics,2483
Balanced budgets demonstrate fiscal responsibility and sound governance,"{""replies"": 567, ""retweets"": 1123, ""quotes"": 129, ""likes"": 7234, ""views"": 40100}",2024-09-05 12:00:00-06:00,fiscal_policy_debate,balanced_budget,Balanced Budget,2484
Interest on the national debt is crowding out other government priorities,"{""replies"": 445, ""retweets"": 834, ""quotes"": 91, ""likes"": 5234, ""views"": 29400}",2024-09-05 13:30:00-06:00,fiscal_policy_debate,debt_interest,Debt Interest,2485
Low interest rates make debt financing cheap for productive investments,"{""replies"": 189, ""retweets"": 356, ""quotes"": 41, ""likes"": 2234, ""views"": 13400}",2024-09-05 14:15:00-06:00,fiscal_policy_debate,cheap_financing,Cheap Financing,2486
Government debt is different from household debt due to monetary sovereignty,"{""replies"": 156, ""retweets"": 289, ""quotes"": 33, ""likes"": 1789, ""views"": 10500}",2024-09-05 15:45:00-06:00,fiscal_policy_debate,monetary_sovereignty,Monetary Sovereignty,2487
Automatic stabilizers help the economy adjust to recessions and booms,"{""replies"": 123, ""retweets"": 234, ""quotes"": 27, ""likes"": 1567, ""views"": 9200}",2024-09-05 16:20:00-06:00,fiscal_policy_debate,automatic_stabilizers,Automatic Stabilizers,2488
Fiscal austerity during downturns deepens recessions and increases suffering,"{""replies"": 378, ""retweets"": 723, ""quotes"": 81, ""likes"": 4567, ""views"": 26300}",2024-09-05 17:00:00-06:00,fiscal_policy_debate,anti_austerity,Anti Austerity,2489
Sustainable fiscal policy requires long-term thinking about debt and growth,"{""replies"": 289, ""retweets"": 567, ""quotes"": 64, ""likes"": 3567, ""views"": 20600}",2024-09-05 18:30:00-06:00,fiscal_policy_debate,sustainable_fiscal,Sustainable Fiscal,2490
Media bias is destroying journalism and polarizing America!,"{""replies"": 1023, ""retweets"": 2045, ""quotes"": 234, ""likes"": 13456, ""views"": 74500}",2024-09-10 08:45:00-06:00,media_debate,media_bias_critic,Media Bias Critic,2491
Independent journalism holds power accountable and informs democracy!,"{""replies"": 945, ""retweets"": 1889, ""quotes"": 217, ""likes"": 12234, ""views"": 67800}",2024-09-10 10:15:00-06:00,media_debate,journalism_defender,Journalism Defender,2492
Social media has democratized information but also spread misinformation,"{""replies"": 234, ""retweets"": 445, ""quotes"": 49, ""likes"": 2789, ""views"": 16200}",2024-09-10 11:00:00-06:00,media_debate,social_media_mixed,Social Media Mixed,2493
Traditional gatekeepers prevented diverse voices from reaching audiences,"{""replies"": 378, ""retweets"": 723, ""quotes"": 81, ""likes"": 4567, ""views"": 26300}",2024-09-10 12:30:00-06:00,media_debate,gatekeeper_critique,Gatekeeper Critique,2494
Professional journalism maintains standards that citizen media often lacks,"{""replies"": 445, ""retweets"": 834, ""quotes"": 91, ""likes"": 5234, ""views"": 29400}",2024-09-10 13:15:00-06:00,media_debate,professional_standards,Professional Standards,2495
Media consolidation reduces diversity of perspectives and local coverage,"{""replies"": 289, ""retweets"": 567, ""quotes"": 64, ""likes"": 3567, ""views"": 20600}",2024-09-10 14:45:00-06:00,media_debate,media_consolidation,Media Consolidation,2496
Subscription models can fund quality journalism independent of advertisers,"{""replies"": 156, ""retweets"": 289, ""quotes"": 33, ""likes"": 1789, ""views"": 10500}",2024-09-10 15:20:00-06:00,media_debate,subscription_journalism,Subscription Journalism,2497
Fact-checking and media literacy education help combat misinformation,"{""replies"": 189, ""retweets"": 356, ""quotes"": 41, ""likes"": 2234, ""views"": 13400}",2024-09-10 16:00:00-06:00,media_debate,media_literacy,Media Literacy,2498
Transparency about funding and bias helps audiences evaluate news sources,"{""replies"": 123, ""retweets"": 234, ""quotes"": 27, ""likes"": 1567, ""views"": 9200}",2024-09-10 17:30:00-06:00,media_debate,transparency,Transparency,2499
Healthy democracy requires both diverse media and informed citizens,"{""replies"": 167, ""retweets"": 323, ""quotes"": 37, ""likes"": 2123, ""views"": 12400}",2024-09-10 18:15:00-06:00,media_debate,democracy_media,Democracy Media,2500
Pharmaceutical companies prioritize profits over patients and public health!,"{""replies"": 1134, ""retweets"": 2267, ""quotes"": 267, ""likes"": 14890, ""views"": 82300}",2024-09-15 09:30:00-06:00,pharma_debate,pharma_critic,Pharma Critic,2501
Medical innovation requires R&D investment that only profitable companies can sustain!,"{""replies"": 1023, ""retweets"": 2045, ""quotes"": 234, ""likes"": 13567, ""views"": 75100}",2024-09-15 11:00:00-06:00,pharma_debate,pharma_defender,Pharma Innovation,2502
Drug pricing should reflect development costs while ensuring patient access,"{""replies"": 234, ""retweets"": 445, ""quotes"": 49, ""likes"": 2789, ""views"": 16200}",2024-09-15 12:30:00-06:00,pharma_debate,pricing_balance,Pricing Balance,2503
Patent system allows pharmaceutical companies to maintain monopoly pricing,"{""replies"": 567, ""retweets"": 1123, ""quotes"": 129, ""likes"": 7234, ""views"": 40100}",2024-09-15 13:15:00-06:00,pharma_debate,patent_monopoly,Patent Monopoly,2504
Intellectual property protections incentivize life-saving medical breakthroughs,"{""replies"": 445, ""retweets"": 834, ""quotes"": 91, ""likes"": 5234, ""views"": 29400}",2024-09-15 14:45:00-06:00,pharma_debate,patent_innovation,Patent Innovation,2505
Generic drugs provide affordable alternatives when patents expire,"{""replies"": 189, ""retweets"": 356, ""quotes"": 41, ""likes"": 2234, ""views"": 13400}",2024-09-15 15:20:00-06:00,pharma_debate,generic_drugs,Generic Drugs,2506
Direct-to-consumer advertising turns patients into customers seeking specific drugs,"{""replies"": 378, ""retweets"": 723, ""quotes"": 81, ""likes"": 4567, ""views"": 26300}",2024-09-15 16:00:00-06:00,pharma_debate,drug_advertising,Drug Advertising,2507
FDA approval processes ensure drug safety while allowing beneficial treatments,"{""replies"": 156, ""retweets"": 289, ""quotes"": 33, ""likes"": 1789, ""views"": 10500}",2024-09-15 17:30:00-06:00,pharma_debate,fda_approval,FDA Approval,2508
Compassionate use programs should provide access to experimental treatments,"{""replies"": 123, ""retweets"": 234, ""quotes"": 27, ""likes"": 1567, ""views"": 9200}",2024-09-15 18:15:00-06:00,pharma_debate,compassionate_use,Compassionate Use,2509
Public-private partnerships can develop medicines for rare diseases profitably,"{""replies"": 289, ""retweets"": 567, ""quotes"": 64, ""likes"": 3567, ""views"": 20600}",2024-09-15 19:45:00-06:00,pharma_debate,public_private_pharma,Public Private Pharma,2510
Sports betting is destroying families and communities through gambling addiction!,"{""replies"": 856, ""retweets"": 1712, ""quotes"": 198, ""likes"": 11234, ""views"": 62300}",2024-09-20 08:15:00-06:00,gambling_debate,gambling_critic,Gambling Critic,2511
Sports betting is entertainment that adults should be free to enjoy responsibly!,"{""replies"": 734, ""retweets"": 1467, ""quotes"": 171, ""likes"": 9890, ""views"": 54600}",2024-09-20 09:45:00-06:00,gambling_debate,gambling_freedom,Gambling Freedom,2512
Gambling regulation should protect vulnerable people while allowing personal choice,"{""replies"": 234, ""retweets"": 445, ""quotes"": 49, ""likes"": 2789, ""views"": 16200}",2024-09-20 10:20:00-06:00,gambling_debate,gambling_regulation,Gambling Regulation,2513
Casino taxation provides revenue for public services and education,"{""replies"": 378, ""retweets"": 723, ""quotes"": 81, ""likes"": 4567, ""views"": 26300}",2024-09-20 11:00:00-06:00,gambling_debate,casino_revenue,Casino Revenue,2514
Gambling preys on the poor and desperate while enriching casino owners,"{""replies"": 567, ""retweets"": 1123, ""quotes"": 129, ""likes"": 7234, ""views"": 40100}",2024-09-20 12:30:00-06:00,gambling_debate,gambling_exploitation,Gambling Exploitation,2515
Online gambling makes addiction more accessible and harder to monitor,"{""replies"": 445, ""retweets"": 834, ""quotes"": 91, ""likes"": 5234, ""views"": 29400}",2024-09-20 13:15:00-06:00,gambling_debate,online_gambling_risk,Online Gambling Risk,2516
Digital platforms can implement better responsible gambling safeguards,"{""replies"": 189, ""retweets"": 356, ""quotes"": 41, ""likes"": 2234, ""views"": 13400}",2024-09-20 14:45:00-06:00,gambling_debate,digital_safeguards,Digital Safeguards,2517
Gambling addiction treatment should be funded by industry profits,"{""replies"": 289, ""retweets"": 567, ""quotes"": 64, ""likes"": 3567, ""views"": 20600}",2024-09-20 15:20:00-06:00,gambling_debate,industry_funding_treatment,Industry Fund Treatment,2518
Problem gambling affects families and communities beyond individual gamblers,"{""replies"": 156, ""retweets"": 289, ""quotes"": 33, ""likes"": 1789, ""views"": 10500}",2024-09-20 16:00:00-06:00,gambling_debate,gambling_community_impact,Community Impact,2519
Personal responsibility and harm reduction can coexist in gambling policy,"{""replies"": 123, ""retweets"": 234, ""quotes"": 27, ""likes"": 1567, ""views"": 9200}",2024-09-20 17:30:00-06:00,gambling_debate,responsibility_harm_reduction,Responsibility Harm Reduction,2520
Cryptocurrency mining is wasting enormous amounts of energy for digital gambling!,"{""replies"": 967, ""retweets"": 1934, ""quotes"": 223, ""likes"": 12345, ""views"": 68700}",2024-09-25 09:00:00-06:00,crypto_energy_debate,crypto_energy_critic,Crypto Energy Critic,2521
Proof of work mining secures the most valuable decentralized network in history!,"{""replies"": 834, ""retweets"": 1667, ""quotes"": 189, ""likes"": 10567, ""views"": 58400}",2024-09-25 10:30:00-06:00,crypto_energy_debate,mining_defender,Mining Defender,2522
Proof of stake consensus uses 99% less energy than proof of work,"{""replies"": 234, ""retweets"": 445, ""quotes"": 49, ""likes"": 2789, ""views"": 16200}",2024-09-25 11:15:00-06:00,crypto_energy_debate,proof_of_stake,Proof of Stake,2523
Energy usage for financial sovereignty is a worthwhile tradeoff,"{""replies"": 445, ""retweets"": 834, ""quotes"": 91, ""likes"": 5234, ""views"": 29400}",2024-09-25 12:45:00-06:00,crypto_energy_debate,energy_sovereignty,Energy Sovereignty,2524
Bitcoin mining can utilize renewable energy and reduce waste,"{""replies"": 378, ""retweets"": 723, ""quotes"": 81, ""likes"": 4567, ""views"": 26300}",2024-09-25 13:20:00-06:00,crypto_energy_debate,green_mining,Green Mining,2525
Carbon footprint of traditional banking exceeds Bitcoin mining,"{""replies"": 289, ""retweets"": 567, ""quotes"": 64, ""likes"": 3567, ""views"": 20600}",2024-09-25 14:00:00-06:00,crypto_energy_debate,banking_carbon,Banking Carbon,2526
E-waste from mining hardware creates additional environmental damage,"{""replies"": 156, ""retweets"": 289, ""quotes"": 33, ""likes"": 1789, ""views"": 10500}",2024-09-25 15:30:00-06:00,crypto_energy_debate,mining_waste,Mining Waste,2527
Cryptocurrency incentivizes development of cheap renewable energy,"{""replies"": 189, ""retweets"": 356, ""quotes"": 41, ""likes"": 2234, ""views"": 13400}",2024-09-25 16:15:00-06:00,crypto_energy_debate,renewable_incentive,Renewable Incentive,2528
Energy markets should price carbon emissions to account for climate costs,"{""replies"": 123, ""retweets"": 234, ""quotes"": 27, ""likes"": 1567, ""views"": 9200}",2024-09-25 17:45:00-06:00,crypto_energy_debate,carbon_pricing,Carbon Pricing,2529
Innovation will solve both cryptocurrency utility and energy efficiency,"{""replies"": 167, ""retweets"": 323, ""quotes"": 37, ""likes"": 2123, ""views"": 12400}",2024-09-25 18:20:00-06:00,crypto_energy_debate,innovation_solution,Innovation Solution,2530
Artificial meat will replace animal agriculture and save the planet!,"{""replies"": 1023, ""retweets"": 2045, ""quotes"": 234, ""likes"": 13456, ""views"": 74500}",2024-09-30 08:30:00-06:00,alt_protein_debate,alt_protein_advocate,Alt Protein Advocate,2531
Lab-grown meat is unnatural and will never replace real beef!,"{""replies"": 890, ""retweets"": 1778, ""quotes"": 201, ""likes"": 11890, ""views"": 65700}",2024-09-30 10:00:00-06:00,alt_protein_debate,real_meat_defender,Real Meat Defender,2532
Alternative proteins can reduce environmental impact while meeting food needs,"{""replies"": 234, ""retweets"": 445, ""quotes"": 49, ""likes"": 2789, ""views"": 16200}",2024-09-30 11:30:00-06:00,alt_protein_debate,sustainable_protein,Sustainable Protein,2533
Plant-based proteins are healthier and more sustainable than animal products,"{""replies"": 567, ""retweets"": 1123, ""quotes"": 129, ""likes"": 7234, ""views"": 40100}",2024-09-30 12:15:00-06:00,alt_protein_debate,plant_protein,Plant Protein,2534
Traditional farming supports rural communities and cultural heritage,"{""replies"": 445, ""retweets"": 834, ""quotes"": 91, ""likes"": 5234, ""views"": 29400}",2024-09-30 13:45:00-06:00,alt_protein_debate,traditional_farming,Traditional Farming,2535
Food technology can improve nutrition while reducing resource use,"{""replies"": 189, ""retweets"": 356, ""quotes"": 41, ""likes"": 2234, ""views"": 13400}",2024-09-30 14:20:00-06:00,alt_protein_debate,food_technology,Food Technology,2536
Consumer choice should determine the market for protein sources,"{""replies"": 156, ""retweets"": 289, ""quotes"": 33, ""likes"": 1789, ""views"": 10500}",2024-09-30 15:00:00-06:00,alt_protein_debate,consumer_choice_protein,Consumer Choice,2537
Alternative proteins need better taste and cost competitiveness,"{""replies"": 123, ""retweets"": 234, ""quotes"": 27, ""likes"": 1567, ""views"": 9200}",2024-09-30 16:30:00-06:00,alt_protein_debate,taste_cost,Taste Cost,2538
Regulation should ensure food safety for all protein sources equally,"{""replies"": 289, ""retweets"": 567, ""quotes"": 64, ""likes"": 3567, ""views"": 20600}",2024-09-30 17:15:00-06:00,alt_protein_debate,protein_safety,Protein Safety,2539
Diverse protein sources can coexist in sustainable food systems,"{""replies"": 167, ""retweets"": 323, ""quotes"": 37, ""likes"": 2123, ""views"": 12400}",2024-09-30 18:45:00-06:00,alt_protein_debate,diverse_proteins,Diverse Proteins,2540
Social media is poisoning young minds and destroying mental health!,"{""replies"": 1245, ""retweets"": 2489, ""quotes"": 289, ""likes"": 16789, ""views"": 92300}",2024-10-01 09:15:00-06:00,social_media_youth_debate,youth_protection,Youth Protection,2541
Digital platforms empower young people and expand their opportunities!,"{""replies"": 1134, ""retweets"": 2267, ""quotes"": 267, ""likes"": 15234, ""views"": 84200}",2024-10-01 10:45:00-06:00,social_media_youth_debate,youth_empowerment,Youth Empowerment,2542
Screen time limits and digital wellness education protect developing minds,"{""replies"": 345, ""retweets"": 678, ""quotes"": 76, ""likes"": 4234, ""views"": 24600}",2024-10-01 11:20:00-06:00,social_media_youth_debate,digital_wellness_youth,Digital Wellness,2543
Cyberbullying and online harassment harm vulnerable teenagers,"{""replies"": 723, ""retweets"": 1445, ""quotes"": 167, ""likes"": 9234, ""views"": 51000}",2024-10-01 12:00:00-06:00,social_media_youth_debate,cyberbullying,Cyberbullying,2544
Social media helps isolated teens find community and support,"{""replies"": 567, ""retweets"": 1123, ""quotes"": 129, ""likes"": 7234, ""views"": 40100}",2024-10-01 13:30:00-06:00,social_media_youth_debate,teen_community,Teen Community,2545
Age verification systems can protect minors from harmful content,"{""replies"": 234, ""retweets"": 445, ""quotes"": 49, ""likes"": 2789, ""views"": 16200}",2024-10-01 14:15:00-06:00,social_media_youth_debate,age_verification,Age Verification,2546
Parental controls and media literacy empower families to manage technology,"{""replies"": 189, ""retweets"": 356, ""quotes"": 41, ""likes"": 2234, ""views"": 13400}",2024-10-01 15:45:00-06:00,social_media_youth_debate,parental_controls,Parental Controls,2547
Teen activism and social movements mobilize through social platforms,"{""replies"": 378, ""retweets"": 723, ""quotes"": 81, ""likes"": 4567, ""views"": 26300}",2024-10-01 16:20:00-06:00,social_media_youth_debate,teen_activism,Teen Activism,2548
Mental health resources should be integrated into social media platforms,"{""replies"": 156, ""retweets"": 289, ""quotes"": 33, ""likes"": 1789, ""views"": 10500}",2024-10-01 17:00:00-06:00,social_media_youth_debate,mental_health_resources,Mental Health Resources,2549
Technology design should prioritize user wellbeing over engagement metrics,"{""replies"": 289, ""retweets"": 567, ""quotes"": 64, ""likes"": 3567, ""views"": 20600}",2024-10-01 18:30:00-06:00,social_media_youth_debate,wellbeing_design,Wellbeing Design,2550
Remote work is the future - office commutes waste time and pollute the environment!,"{""replies"": 856, ""retweets"": 1712, ""quotes"": 198, ""likes"": 11234, ""views"": 62300}",2024-10-05 08:45:00-06:00,remote_work_debate,remote_advocate,Remote Advocate,2551
In-person collaboration drives innovation and builds company culture!,"{""replies"": 734, ""retweets"": 1467, ""quotes"": 171, ""likes"": 9890, ""views"": 54600}",2024-10-05 10:15:00-06:00,remote_work_debate,office_defender,Office Defender,2552
Hybrid work models offer flexibility while maintaining team connection,"{""replies"": 234, ""retweets"": 445, ""quotes"": 49, ""likes"": 2789, ""views"": 16200}",2024-10-05 11:00:00-06:00,remote_work_debate,hybrid_work,Hybrid Work,2553
Remote work enables global talent access and reduces geographic inequality,"{""replies"": 445, ""retweets"": 834, ""quotes"": 91, ""likes"": 5234, ""views"": 29400}",2024-10-05 12:30:00-06:00,remote_work_debate,global_talent,Global Talent,2554
Work-from-home isolation hurts mental health and career development,"{""replies"": 567, ""retweets"": 1123, ""quotes"": 129, ""likes"": 7234, ""views"": 40100}",2024-10-05 13:15:00-06:00,remote_work_debate,remote_isolation,Remote Isolation,2555
Digital tools can facilitate effective remote collaboration and management,"{""replies"": 189, ""retweets"": 356, ""quotes"": 41, ""likes"": 2234, ""views"": 13400}",2024-10-05 14:45:00-06:00,remote_work_debate,digital_collaboration,Digital Collaboration,2556
Office real estate costs burden companies and limit business flexibility,"{""replies"": 289, ""retweets"": 567, ""quotes"": 64, ""likes"": 3567, ""views"": 20600}",2024-10-05 15:20:00-06:00,remote_work_debate,office_costs,Office Costs,2557
Face-to-face interaction builds trust and enables complex problem-solving,"{""replies"": 378, ""retweets"": 723, ""quotes"": 81, ""likes"": 4567, ""views"": 26300}",2024-10-05 16:00:00-06:00,remote_work_debate,face_to_face,Face to Face,2558
Commute reduction improves work-life balance and environmental sustainability,"{""replies"": 156, ""retweets"": 289, ""quotes"": 33, ""likes"": 1789, ""views"": 10500}",2024-10-05 17:30:00-06:00,remote_work_debate,commute_reduction,Commute Reduction,2559
Future work arrangements should optimize productivity and employee satisfaction,"{""replies"": 123, ""retweets"": 234, ""quotes"": 27, ""likes"": 1567, ""views"": 9200}",2024-10-05 18:15:00-06:00,remote_work_debate,optimize_work,Optimize Work,2560
Nuclear weapons should be abolished before they destroy humanity!,"{""replies"": 1067, ""retweets"": 2134, ""quotes"": 245, ""likes"": 14123, ""views"": 78200}",2024-10-10 09:30:00-06:00,nuclear_debate,nuclear_abolition,Nuclear Abolition,2561
Nuclear deterrence has prevented major power wars for 75+ years!,"{""replies"": 945, ""retweets"": 1889, ""quotes"": 217, ""likes"": 12567, ""views"": 69400}",2024-10-10 11:00:00-06:00,nuclear_debate,nuclear_deterrence,Nuclear Deterrence,2562
Nuclear arms control treaties reduce risks while maintaining stability,"{""replies"": 234, ""retweets"": 445, ""quotes"": 49, ""likes"": 2789, ""views"": 16200}",2024-10-10 12:30:00-06:00,nuclear_debate,arms_control,Arms Control,2563
Nuclear proliferation increases the risk of weapons reaching terrorists,"{""replies"": 612, ""retweets"": 1234, ""quotes"": 145, ""likes"": 7890, ""views"": 43600}",2024-10-10 13:15:00-06:00,nuclear_debate,proliferation_risk,Proliferation Risk,2564
Nuclear modernization maintains credible deterrence against threats,"{""replies"": 445, ""retweets"": 834, ""quotes"": 91, ""likes"": 5234, ""views"": 29400}",2024-10-10 14:45:00-06:00,nuclear_debate,nuclear_modernization,Nuclear Modernization,2565
No-first-use policies reduce nuclear escalation risks in conflicts,"{""replies"": 189, ""retweets"": 356, ""quotes"": 41, ""likes"": 2234, ""views"": 13400}",2024-10-10 15:20:00-06:00,nuclear_debate,no_first_use,No First Use,2566
Extended deterrence protects allies without nuclear weapons,"{""replies"": 156, ""retweets"": 289, ""quotes"": 33, ""likes"": 1789, ""views"": 10500}",2024-10-10 16:00:00-06:00,nuclear_debate,extended_deterrence,Extended Deterrence,2567
Nuclear accidents and miscalculations pose existential risks to humanity,"{""replies"": 378, ""retweets"": 723, ""quotes"": 81, ""likes"": 4567, ""views"": 26300}",2024-10-10 17:30:00-06:00,nuclear_debate,nuclear_accidents,Nuclear Accidents,2568
Missile defense systems can reduce nuclear threats and protect populations,"{""replies"": 289, ""retweets"": 567, ""quotes"": 64, ""likes"": 3567, ""views"": 20600}",2024-10-10 18:15:00-06:00,nuclear_debate,missile_defense,Missile Defense,2569
Disarmament verification requires international cooperation and transparency,"{""replies"": 123, ""retweets"": 234, ""quotes"": 27, ""likes"": 1567, ""views"": 9200}",2024-10-10 19:45:00-06:00,nuclear_debate,disarmament_verification,Disarmament Verification,2570
Mandatory voting would increase democratic participation and legitimacy!,"{""replies"": 823, ""retweets"": 1645, ""quotes"": 189, ""likes"": 10890, ""views"": 60100}",2024-10-15 08:15:00-06:00,voting_reform_debate,mandatory_voting,Mandatory Voting,2571
Forced voting violates individual freedom and produces uninformed choices!,"{""replies"": 756, ""retweets"": 1512, ""quotes"": 178, ""likes"": 9234, ""views"": 51000}",2024-10-15 09:45:00-06:00,voting_reform_debate,voting_freedom,Voting Freedom,2572
Automatic voter registration increases participation without compulsion,"{""replies"": 234, ""retweets"": 445, ""quotes"": 49, ""likes"": 2789, ""views"": 16200}",2024-10-15 10:20:00-06:00,voting_reform_debate,auto_registration,Auto Registration,2573
Ranked choice voting eliminates strategic voting and spoiler effects,"{""replies"": 445, ""retweets"": 834, ""quotes"": 91, ""likes"": 5234, ""views"": 29400}",2024-10-15 11:00:00-06:00,voting_reform_debate,ranked_choice,Ranked Choice,2574
Two-party system provides stability and clear governing majorities,"{""replies"": 567, ""retweets"": 1123, ""quotes"": 129, ""likes"": 7234, ""views"": 40100}",2024-10-15 12:30:00-06:00,voting_reform_debate,two_party_stability,Two Party Stability,2575
Proportional representation ensures minority voices are heard in government,"{""replies"": 289, ""retweets"": 567, ""quotes"": 64, ""likes"": 3567, ""views"": 20600}",2024-10-15 13:15:00-06:00,voting_reform_debate,proportional_representation,Proportional Representation,2576
Open primaries allow all voters to participate in candidate selection,"{""replies"": 189, ""retweets"": 356, ""quotes"": 41, ""likes"": 2234, ""views"": 13400}",2024-10-15 14:45:00-06:00,voting_reform_debate,open_primaries,Open Primaries,2577
"Primary elections should be managed by political parties, not taxpayers","{""replies"": 156, ""retweets"": 289, ""quotes"": 33, ""likes"": 1789, ""views"": 10500}",2024-10-15 15:20:00-06:00,voting_reform_debate,party_primaries,Party Primaries,2578
Campaign finance reform is essential to reduce wealthy influence on elections,"{""replies"": 612, ""retweets"": 1234, ""quotes"": 145, ""likes"": 7890, ""views"": 43600}",2024-10-15 16:00:00-06:00,voting_reform_debate,campaign_finance,Campaign Finance,2579
Electoral systems should maximize both participation and representation,"{""replies"": 123, ""retweets"": 234, ""quotes"": 27, ""likes"": 1567, ""views"": 9200}",2024-10-15 17:30:00-06:00,voting_reform_debate,participation_representation,Participation Representation,2580
Intellectual property laws stifle innovation and create artificial scarcity!,"{""replies"": 689, ""retweets"": 1378, ""quotes"": 156, ""likes"": 8901, ""views"": 49200}",2024-10-20 09:00:00-06:00,ip_debate,ip_reform,IP Reform,2581
Patent protection incentivizes R&D investment and rewards innovation!,"{""replies"": 634, ""retweets"": 1267, ""quotes"": 145, ""likes"": 8234, ""views"": 45500}",2024-10-20 10:30:00-06:00,ip_debate,patent_protection,Patent Protection,2582
Open source development demonstrates collaborative innovation without patents,"{""replies"": 234, ""retweets"": 445, ""quotes"": 49, ""likes"": 2789, ""views"": 16200}",2024-10-20 11:15:00-06:00,ip_debate,open_source,Open Source,2583
Copyright term extensions benefit corporations at the expense of public domain,"{""replies"": 445, ""retweets"": 834, ""quotes"": 91, ""likes"": 5234, ""views"": 29400}",2024-10-20 12:45:00-06:00,ip_debate,copyright_extension,Copyright Extension,2584
Creative industries depend on copyright protection to fund content production,"{""replies"": 378, ""retweets"": 723, ""quotes"": 81, ""likes"": 4567, ""views"": 26300}",2024-10-20 13:20:00-06:00,ip_debate,copyright_protection,Copyright Protection,2585
Fair use and creative commons licensing balance creator rights with public access,"{""replies"": 189, ""retweets"": 356, ""quotes"": 41, ""likes"": 2234, ""views"": 13400}",2024-10-20 14:00:00-06:00,ip_debate,fair_use,Fair Use,2586
Patent trolls abuse the system to extort legitimate businesses,"{""replies"": 567, ""retweets"": 1123, ""quotes"": 129, ""likes"": 7234, ""views"": 40100}",2024-10-20 15:30:00-06:00,ip_debate,patent_trolls,Patent Trolls,2587
Software patents restrict programming innovation and code reuse,"{""replies"": 289, ""retweets"": 567, ""quotes"": 64, ""likes"": 3567, ""views"": 20600}",2024-10-20 16:15:00-06:00,ip_debate,software_patents,Software Patents,2588
Trade secret protection allows companies to maintain competitive advantages,"{""replies"": 156, ""retweets"": 289, ""quotes"": 33, ""likes"": 1789, ""views"": 10500}",2024-10-20 17:45:00-06:00,ip_debate,trade_secrets,Trade Secrets,2589
Intellectual property reform should encourage innovation while enabling access,"{""replies"": 123, ""retweets"": 234, ""quotes"": 27, ""likes"": 1567, ""views"": 9200}",2024-10-20 18:20:00-06:00,ip_debate,ip_balance,IP Balance,2590
Universal healthcare will bankrupt America and destroy medical innovation!,"{""replies"": 1589, ""retweets"": 3178, ""quotes"": 378, ""likes"": 21345, ""views"": 118000}",2024-10-25 08:30:00-06:00,final_healthcare_debate,universal_critic,Universal Critic,2591
Healthcare is a human right that every civilized nation provides to its people!,"{""replies"": 1623, ""retweets"": 3245, ""quotes"": 389, ""likes"": 22567, ""views"": 124800}",2024-10-25 10:00:00-06:00,final_healthcare_debate,healthcare_right,Healthcare Right,2592
Single-payer systems control costs while providing universal coverage,"{""replies"": 567, ""retweets"": 1123, ""quotes"": 129, ""likes"": 7234, ""views"": 40100}",2024-10-25 11:30:00-06:00,final_healthcare_debate,single_payer,Single Payer,2593
Healthcare competition and choice produce better outcomes than government monopolies,"{""replies"": 612, ""retweets"": 1234, ""quotes"": 145, ""likes"": 7890, ""views"": 43600}",2024-10-25 12:15:00-06:00,final_healthcare_debate,healthcare_competition,Healthcare Competition,2594
Medical bankruptcies and rationing by wealth are morally unacceptable,"{""replies"": 789, ""retweets"": 1578, ""quotes"": 178, ""likes"": 9890, ""views"": 54600}",2024-10-25 13:45:00-06:00,final_healthcare_debate,medical_bankruptcy,Medical Bankruptcy,2595
Price transparency and direct primary care can reduce healthcare costs,"{""replies"": 234, ""retweets"": 445, ""quotes"": 49, ""likes"": 2789, ""views"": 16200}",2024-10-25 14:20:00-06:00,final_healthcare_debate,price_transparency,Price Transparency,2596
Healthcare outcomes in universal systems exceed those in market-based systems,"{""replies"": 445, ""retweets"": 834, ""quotes"": 91, ""likes"": 5234, ""views"": 29400}",2024-10-25 15:00:00-06:00,final_healthcare_debate,universal_outcomes,Universal Outcomes,2597
Innovation requires profit incentives that socialized medicine eliminates,"{""replies"": 378, ""retweets"": 723, ""quotes"": 81, ""likes"": 4567, ""views"": 26300}",2024-10-25 16:30:00-06:00,final_healthcare_debate,profit_innovation,Profit Innovation,2598
Public option provides choice while preserving private insurance markets,"{""replies"": 189, ""retweets"": 356, ""quotes"": 41, ""likes"": 2234, ""views"": 13400}",2024-10-25 17:15:00-06:00,final_healthcare_debate,public_option,Public Option,2599
Healthcare reform must address both coverage and cost sustainability,"{""replies"": 156, ""retweets"": 289, ""quotes"": 33, ""likes"": 1789, ""views"": 10500}",2024-10-25 18:45:00-06:00,final_healthcare_debate,sustainable_reform,Sustainable Reform,2600
The future belongs to renewable energy - fossil fuels are obsolete!,"{""replies"": 1234, ""retweets"": 2467, ""quotes"": 289, ""likes"": 15678, ""views"": 87200}",2024-10-30 09:00:00-06:00,final_energy_debate,renewable_future,Renewable Future,2601
Fossil fuels will power human civilization for generations to come!,"{""replies"": 1189, ""retweets"": 2378, ""quotes"": 278, ""likes"": 14890, ""views"": 82500}",2024-10-30 10:30:00-06:00,final_energy_debate,fossil_defender,Fossil Defender,2602
Energy storage breakthroughs are solving renewable intermittency challenges,"{""replies"": 567, ""retweets"": 1123, ""quotes"": 129, ""likes"": 7234, ""views"": 40100}",2024-10-30 11:15:00-06:00,final_energy_debate,storage_breakthrough,Storage Breakthrough,2603
Baseload power from coal and nuclear ensures grid reliability,"{""replies"": 445, ""retweets"": 834, ""quotes"": 91, ""likes"": 5234, ""views"": 29400}",2024-10-30 12:45:00-06:00,final_energy_debate,baseload_power,Baseload Power,2604
Green hydrogen will revolutionize transportation and industrial heating,"{""replies"": 378, ""retweets"": 723, ""quotes"": 81, ""likes"": 4567, ""views"": 26300}",2024-10-30 13:20:00-06:00,final_energy_debate,green_hydrogen,Green Hydrogen,2605
Carbon capture can make fossil fuels clean and climate-compatible,"{""replies"": 289, ""retweets"": 567, ""quotes"": 64, ""likes"": 3567, ""views"": 20600}",2024-10-30 14:00:00-06:00,final_energy_debate,carbon_capture,Carbon Capture,2606
Fusion energy will provide unlimited clean power within decades,"{""replies"": 612, ""retweets"": 1234, ""quotes"": 145, ""likes"": 7890, ""views"": 43600}",2024-10-30 15:30:00-06:00,final_energy_debate,fusion_energy,Fusion Energy,2607
Solar and wind are already the cheapest forms of electricity,"{""replies"": 234, ""retweets"": 445, ""quotes"": 49, ""likes"": 2789, ""views"": 16200}",2024-10-30 16:15:00-06:00,final_energy_debate,cheap_renewables,Cheap Renewables,2608
Geothermal and tidal power provide consistent renewable energy,"{""replies"": 189, ""retweets"": 356, ""quotes"": 41, ""likes"": 2234, ""views"": 13400}",2024-10-30 17:45:00-06:00,final_energy_debate,consistent_renewables,Consistent Renewables,2609
Energy transition requires both technological innovation and policy support,"{""replies"": 156, ""retweets"": 289, ""quotes"": 33, ""likes"": 1789, ""views"": 10500}",2024-10-30 18:20:00-06:00,final_energy_debate,transition_policy,Transition Policy,2610
Artificial Intelligence is humanity's greatest existential threat!,"{""replies"": 1345, ""retweets"": 2689, ""quotes"": 312, ""likes"": 17890, ""views"": 98600}",2024-11-01 08:45:00-06:00,final_ai_debate,ai_threat,AI Threat,2611
AI will solve humanity's greatest challenges and usher in abundance!,"{""replies"": 1278, ""retweets"": 2556, ""quotes"": 298, ""likes"": 16890, ""views"": 93400}",2024-11-01 10:15:00-06:00,final_ai_debate,ai_salvation,AI Salvation,2612
AI alignment research must ensure advanced systems remain beneficial,"{""replies"": 445, ""retweets"": 834, ""quotes"": 91, ""likes"": 5234, ""views"": 29400}",2024-11-01 11:00:00-06:00,final_ai_debate,ai_alignment,AI Alignment,2613
Artificial General Intelligence could emerge sooner than most experts expect,"{""replies"": 723, ""retweets"": 1445, ""quotes"": 167, ""likes"": 9234, ""views"": 51000}",2024-11-01 12:30:00-06:00,final_ai_debate,agi_timeline,AGI Timeline,2614
AI safety research should be prioritized over capability development,"{""replies"": 567, ""retweets"": 1123, ""quotes"": 129, ""likes"": 7234, ""views"": 40100}",2024-11-01 13:15:00-06:00,final_ai_debate,ai_safety,AI Safety,2615
Economic benefits of AI will outweigh disruption to labor markets,"{""replies"": 378, ""retweets"": 723, ""quotes"": 81, ""likes"": 4567, ""views"": 26300}",2024-11-01 14:45:00-06:00,final_ai_debate,ai_benefits,AI Benefits,2616
AI governance requires international cooperation and binding agreements,"{""replies"": 234, ""retweets"": 445, ""quotes"": 49, ""likes"": 2789, ""views"": 16200}",2024-11-01 15:20:00-06:00,final_ai_debate,ai_governance,AI Governance,2617
Machine learning bias reflects human prejudices embedded in training data,"{""replies"": 289, ""retweets"": 567, ""quotes"": 64, ""likes"": 3567, ""views"": 20600}",2024-11-01 16:00:00-06:00,final_ai_debate,ai_bias_data,AI Bias Data,2618
Transparent AI development prevents concentration of power in few hands,"{""replies"": 189, ""retweets"": 356, ""quotes"": 41, ""likes"": 2234, ""views"": 13400}",2024-11-01 17:30:00-06:00,final_ai_debate,ai_transparency,AI Transparency,2619
Human agency and dignity must be preserved in an AI-powered future,"{""replies"": 156, ""retweets"": 289, ""quotes"": 33, ""likes"": 1789, ""views"": 10500}",2024-11-01 18:15:00-06:00,final_ai_debate,human_dignity_ai,Human Dignity AI,2620
Democracy is under assault from authoritarians around the world!,"{""replies"": 1456, ""retweets"": 2912, ""quotes"": 345, ""likes"": 19567, ""views"": 108200}",2024-11-05 09:30:00-06:00,final_democracy_debate,democracy_defense,Democracy Defense,2621
Democratic institutions have failed and need fundamental reform!,"{""replies"": 1367, ""retweets"": 2734, ""quotes"": 323, ""likes"": 18234, ""views"": 100800}",2024-11-05 11:00:00-06:00,final_democracy_debate,democracy_reform,Democracy Reform,2622
Constitutional democracies provide stability while enabling peaceful change,"{""replies"": 345, ""retweets"": 678, ""quotes"": 76, ""likes"": 4234, ""views"": 24600}",2024-11-05 12:30:00-06:00,final_democracy_debate,constitutional_democracy,Constitutional Democracy,2623
Digital technology threatens privacy and enables authoritarian surveillance,"{""replies"": 723, ""retweets"": 1445, ""quotes"": 167, ""likes"": 9234, ""views"": 51000}",2024-11-05 13:15:00-06:00,final_democracy_debate,digital_authoritarianism,Digital Authoritarianism,2624
Social media platforms can strengthen democratic participation and accountability,"{""replies"": 445, ""retweets"": 834, ""quotes"": 91, ""likes"": 5234, ""views"": 29400}",2024-11-05 14:45:00-06:00,final_democracy_debate,social_media_democracy,Social Media Democracy,2625
"Electoral integrity depends on secure, transparent, and accessible voting systems","{""replies"": 234, ""retweets"": 445, ""quotes"": 49, ""likes"": 2789, ""views"": 16200}",2024-11-05 15:20:00-06:00,final_democracy_debate,electoral_integrity,Electoral Integrity,2626
Free press and independent journalism are essential pillars of democracy,"{""replies"": 567, ""retweets"": 1123, ""quotes"": 129, ""likes"": 7234, ""views"": 40100}",2024-11-05 16:00:00-06:00,final_democracy_debate,free_press,Free Press,2627
Civic education and media literacy protect democracy from manipulation,"{""replies"": 189, ""retweets"": 356, ""quotes"": 41, ""likes"": 2234, ""views"": 13400}",2024-11-05 17:30:00-06:00,final_democracy_debate,civic_education,Civic Education,2628
Democratic norms and institutions require constant vigilance to maintain,"{""replies"": 156, ""retweets"": 289, ""quotes"": 33, ""likes"": 1789, ""views"": 10500}",2024-11-05 18:15:00-06:00,final_democracy_debate,democratic_vigilance,Democratic Vigilance,2629
Global cooperation is essential for addressing shared challenges,"{""replies"": 378, ""retweets"": 723, ""quotes"": 81, ""likes"": 4567, ""views"": 26300}",2024-11-05 19:45:00-06:00,final_democracy_debate,global_cooperation,Global Cooperation,2630
America must lead the free world against rising authoritarian powers!,"{""replies"": 1289, ""retweets"": 2578, ""quotes"": 301, ""likes"": 17234, ""views"": 95400}",2024-11-10 08:15:00-06:00,final_geopolitics_debate,american_leadership,American Leadership,2631
Multipolar world order reduces American hegemony and increases stability!,"{""replies"": 1156, ""retweets"": 2312, ""quotes"": 278, ""likes"": 15890, ""views"": 87900}",2024-11-10 09:45:00-06:00,final_geopolitics_debate,multipolar_world,Multipolar World,2632
International law and institutions provide framework for peaceful cooperation,"{""replies"": 234, ""retweets"": 445, ""quotes"": 49, ""likes"": 2789, ""views"": 16200}",2024-11-10 10:20:00-06:00,final_geopolitics_debate,international_law,International Law,2633
Great power competition inevitably leads to conflict without strong deterrence,"{""replies"": 612, ""retweets"": 1234, ""quotes"": 145, ""likes"": 7890, ""views"": 43600}",2024-11-10 11:00:00-06:00,final_geopolitics_debate,great_power_competition,Great Power Competition,2634
Economic interdependence creates incentives for peaceful conflict resolution,"{""replies"": 378, ""retweets"": 723, ""quotes"": 81, ""likes"": 4567, ""views"": 26300}",2024-11-10 12:30:00-06:00,final_geopolitics_debate,economic_interdependence,Economic Interdependence,2635
Alliance systems strengthen smaller nations against regional hegemons,"{""replies"": 289, ""retweets"": 567, ""quotes"": 64, ""likes"": 3567, ""views"": 20600}",2024-11-10 13:15:00-06:00,final_geopolitics_debate,alliance_systems,Alliance Systems,2636
Nuclear weapons have prevented major power wars for decades,"{""replies"": 445, ""retweets"": 834, ""quotes"": 91, ""likes"": 5234, ""views"": 29400}",2024-11-10 14:45:00-06:00,final_geopolitics_debate,nuclear_peace,Nuclear Peace,2637
Cyber warfare and space militarization create new domains for conflict,"{""replies"": 567, ""retweets"": 1123, ""quotes"": 129, ""likes"": 7234, ""views"": 40100}",2024-11-10 15:20:00-06:00,final_geopolitics_debate,new_warfare,New Warfare,2638
Climate change cooperation requires transcending geopolitical rivalries,"{""replies"": 189, ""retweets"": 356, ""quotes"": 41, ""likes"": 2234, ""views"": 13400}",2024-11-10 16:00:00-06:00,final_geopolitics_debate,climate_cooperation,Climate Cooperation,2639
Balance of power dynamics shape international relations more than ideology,"{""replies"": 156, ""retweets"": 289, ""quotes"": 33, ""likes"": 1789, ""views"": 10500}",2024-11-10 17:30:00-06:00,final_geopolitics_debate,balance_of_power,Balance of Power,2640
"Globalization benefits everyone through trade, innovation, and cultural exchange!","{""replies"": 1123, ""retweets"": 2245, ""quotes"": 267, ""likes"": 14567, ""views"": 81400}",2024-11-15 09:00:00-06:00,final_globalization_debate,globalization_benefits,Globalization Benefits,2641
Globalization destroys local communities and national sovereignty!,"{""replies"": 1067, ""retweets"": 2134, ""quotes"": 245, ""likes"": 13890, ""views"": 76800}",2024-11-15 10:30:00-06:00,final_globalization_debate,globalization_harm,Globalization Harm,2642
Managed globalization can maximize benefits while minimizing disruption,"{""replies"": 234, ""retweets"": 445, ""quotes"": 49, ""likes"": 2789, ""views"": 16200}",2024-11-15 11:15:00-06:00,final_globalization_debate,managed_globalization,Managed Globalization,2643
Supply chain diversification reduces dangerous dependencies on single countries,"{""replies"": 445, ""retweets"": 834, ""quotes"": 91, ""likes"": 5234, ""views"": 29400}",2024-11-15 12:45:00-06:00,final_globalization_debate,supply_chain_diversification,Supply Chain Diversification,2644
Global value chains increase efficiency but create vulnerability to disruption,"{""replies"": 289, ""retweets"": 567, ""quotes"": 64, ""likes"": 3567, ""views"": 20600}",2024-11-15 13:20:00-06:00,final_globalization_debate,global_value_chains,Global Value Chains,2645
Tax avoidance through jurisdictional arbitrage undermines national revenue,"{""replies"": 567, ""retweets"": 1123, ""quotes"": 129, ""likes"": 7234, ""views"": 40100}",2024-11-15 14:00:00-06:00,final_globalization_debate,tax_avoidance,Tax Avoidance,2646
Cultural exchange through globalization enriches human understanding,"{""replies"": 189, ""retweets"": 356, ""quotes"": 41, ""likes"": 2234, ""views"": 13400}",2024-11-15 15:30:00-06:00,final_globalization_debate,cultural_exchange,Cultural Exchange,2647
Labor mobility helps workers while creating brain drain from poor countries,"{""replies"": 156, ""retweets"": 289, ""quotes"": 33, ""likes"": 1789, ""views"": 10500}",2024-11-15 16:15:00-06:00,final_globalization_debate,labor_mobility,Labor Mobility,2648
International cooperation on global challenges requires shared governance,"{""replies"": 378, ""retweets"": 723, ""quotes"": 81, ""likes"": 4567, ""views"": 26300}",2024-11-15 17:45:00-06:00,final_globalization_debate,shared_governance,Shared Governance,2649
Future prosperity depends on balancing global integration with local resilience,"{""replies"": 123, ""retweets"": 234, ""quotes"": 27, ""likes"": 1567, ""views"": 9200}",2024-11-15 18:20:00-06:00,final_globalization_debate,integration_resilience,Integration Resilience,2650
Technology will solve all of humanity's problems and create utopia!,"{""replies"": 1567, ""retweets"": 3134, ""quotes"": 367, ""likes"": 20890, ""views"": 115600}",2024-11-20 08:30:00-06:00,final_future_debate,tech_utopia,Tech Utopia,2651
Technology is destroying human relationships and authentic experience!,"{""replies"": 1434, ""retweets"": 2867, ""quotes"": 334, ""likes"": 19234, ""views"": 106400}",2024-11-20 10:00:00-06:00,final_future_debate,tech_dystopia,Tech Dystopia,2652
Human values must guide technological development for beneficial outcomes,"{""replies"": 345, ""retweets"": 678, ""quotes"": 76, ""likes"": 4234, ""views"": 24600}",2024-11-20 11:30:00-06:00,final_future_debate,values_guide_tech,Values Guide Tech,2653
Exponential technological progress is accelerating beyond human comprehension,"{""replies"": 723, ""retweets"": 1445, ""quotes"": 167, ""likes"": 9234, ""views"": 51000}",2024-11-20 12:15:00-06:00,final_future_debate,exponential_progress,Exponential Progress,2654
Technological unemployment requires new social contracts and economic models,"{""replies"": 612, ""retweets"": 1234, ""quotes"": 145, ""likes"": 7890, ""views"": 43600}",2024-11-20 13:45:00-06:00,final_future_debate,tech_unemployment,Tech Unemployment,2655
Biotechnology will extend human lifespans and enhance cognitive abilities,"{""replies"": 445, ""retweets"": 834, ""quotes"": 91, ""likes"": 5234, ""views"": 29400}",2024-11-20 14:20:00-06:00,final_future_debate,biotechnology_enhancement,Biotech Enhancement,2656
Virtual and augmented reality will transform education and entertainment,"{""replies"": 289, ""retweets"": 567, ""quotes"": 64, ""likes"": 3567, ""views"": 20600}",2024-11-20 15:00:00-06:00,final_future_debate,vr_ar_transformation,VR AR Transformation,2657
Quantum computing will revolutionize cryptography and scientific simulation,"{""replies"": 234, ""retweets"": 445, ""quotes"": 49, ""likes"": 2789, ""views"": 16200}",2024-11-20 16:30:00-06:00,final_future_debate,quantum_revolution,Quantum Revolution,2658
Space colonization will ensure human survival beyond Earth,"{""replies"": 567, ""retweets"": 1123, ""quotes"": 129, ""likes"": 7234, ""views"": 40100}",2024-11-20 17:15:00-06:00,final_future_debate,space_colonization,Space Colonization,2659
The future requires balancing technological progress with human flourishing,"{""replies"": 189, ""retweets"": 356, ""quotes"": 41, ""likes"": 2234, ""views"": 13400}",2024-11-20 18:45:00-06:00,final_future_debate,balance_progress,Balance Progress,2660
Humanity stands at a crossroads between utopia and extinction!,"{""replies"": 1789, ""retweets"": 3578, ""quotes"": 423, ""likes"": 23567, ""views"": 130200}",2024-11-25 09:00:00-06:00,final_existential_debate,crossroads_humanity,Crossroads Humanity,2661
Human resilience and adaptability will overcome any challenge!,"{""replies"": 1656, ""retweets"": 3312, ""quotes"": 389, ""likes"": 21890, ""views"": 121000}",2024-11-25 10:30:00-06:00,final_existential_debate,human_resilience,Human Resilience,2662
Existential risks require global cooperation and long-term thinking,"{""replies"": 567, ""retweets"": 1123, ""quotes"": 129, ""likes"": 7234, ""views"": 40100}",2024-11-25 11:15:00-06:00,final_existential_debate,existential_cooperation,Existential Cooperation,2663
Asteroid impacts and supervolcanic eruptions threaten civilization's survival,"{""replies"": 445, ""retweets"": 834, ""quotes"": 91, ""likes"": 5234, ""views"": 29400}",2024-11-25 12:45:00-06:00,final_existential_debate,natural_disasters,Natural Disasters,2664
Pandemic preparedness must prevent future global health catastrophes,"{""replies"": 378, ""retweets"": 723, ""quotes"": 81, ""likes"": 4567, ""views"": 26300}",2024-11-25 13:20:00-06:00,final_existential_debate,pandemic_preparedness,Pandemic Preparedness,2665
Nuclear war remains the most immediate threat to human civilization,"{""replies"": 723, ""retweets"": 1445, ""quotes"": 167, ""likes"": 9234, ""views"": 51000}",2024-11-25 14:00:00-06:00,final_existential_debate,nuclear_threat,Nuclear Threat,2666
Climate change could trigger civilizational collapse within decades,"{""replies"": 612, ""retweets"": 1234, ""quotes"": 145, ""likes"": 7890, ""views"": 43600}",2024-11-25 15:30:00-06:00,final_existential_debate,climate_collapse,Climate Collapse,2667
Technological solutions can address environmental and resource challenges,"{""replies"": 234, ""retweets"": 445, ""quotes"": 49, ""likes"": 2789, ""views"": 16200}",2024-11-25 16:15:00-06:00,final_existential_debate,tech_solutions,Tech Solutions,2668
Human consciousness and creativity are irreplaceable treasures worth preserving,"{""replies"": 289, ""retweets"": 567, ""quotes"": 64, ""likes"": 3567, ""views"": 20600}",2024-11-25 17:45:00-06:00,final_existential_debate,human_consciousness,Human Consciousness,2669
The future of humanity depends on choices we make today,"{""replies"": 156, ""retweets"": 289, ""quotes"": 33, ""likes"": 1789, ""views"": 10500}",2024-11-25 18:20:00-06:00,final_existential_debate,choices_today,Choices Today,2670
Social justice requires dismantling systems of oppression and inequality!,"{""replies"": 1234, ""retweets"": 2467, ""quotes"": 289, ""likes"": 15678, ""views"": 87200}",2024-11-30 08:00:00-06:00,final_social_justice_debate,dismantle_systems,Dismantle Systems,2671
"Merit and individual achievement should determine outcomes, not group identity!","{""replies"": 1167, ""retweets"": 2334, ""quotes"": 278, ""likes"": 14890, ""views"": 82500}",2024-11-30 09:30:00-06:00,final_social_justice_debate,merit_based,Merit Based,2672
Historical injustices require active remediation through targeted policies,"{""replies"": 567, ""retweets"": 1123, ""quotes"": 129, ""likes"": 7234, ""views"": 40100}",2024-11-30 10:15:00-06:00,final_social_justice_debate,remediate_injustice,Remediate Injustice,2673
Equality of opportunity matters more than equality of outcome,"{""replies"": 612, ""retweets"": 1234, ""quotes"": 145, ""likes"": 7890, ""views"": 43600}",2024-11-30 11:45:00-06:00,final_social_justice_debate,equal_opportunity,Equal Opportunity,2674
Systemic racism pervades institutions and requires comprehensive reform,"{""replies"": 723, ""retweets"": 1445, ""quotes"": 167, ""likes"": 9234, ""views"": 51000}",2024-11-30 12:20:00-06:00,final_social_justice_debate,systemic_racism,Systemic Racism,2675
Reverse discrimination victimizes innocent people for past wrongs,"{""replies"": 445, ""retweets"": 834, ""quotes"": 91, ""likes"": 5234, ""views"": 29400}",2024-11-30 13:00:00-06:00,final_social_justice_debate,reverse_discrimination,Reverse Discrimination,2676
Intersectionality reveals how multiple forms of oppression interact,"{""replies"": 378, ""retweets"": 723, ""quotes"": 81, ""likes"": 4567, ""views"": 26300}",2024-11-30 14:30:00-06:00,final_social_justice_debate,intersectionality,Intersectionality,2677
Class-based affirmative action helps the truly disadvantaged,"{""replies"": 234, ""retweets"": 445, ""quotes"": 49, ""likes"": 2789, ""views"": 16200}",2024-11-30 15:15:00-06:00,final_social_justice_debate,class_affirmative_action,Class Affirmative Action,2678
Economic inequality is the root cause of most social problems,"{""replies"": 289, ""retweets"": 567, ""quotes"": 64, ""likes"": 3567, ""views"": 20600}",2024-11-30 16:45:00-06:00,final_social_justice_debate,economic_inequality,Economic Inequality,2679
Cultural competency training builds more inclusive institutions,"{""replies"": 156, ""retweets"": 289, ""quotes"": 33, ""likes"": 1789, ""views"": 10500}",2024-11-30 17:20:00-06:00,final_social_justice_debate,cultural_competency,Cultural Competency,2680
Free speech allows all viewpoints to be heard and debated!,"{""replies"": 1345, ""retweets"": 2689, ""quotes"": 312, ""likes"": 17890, ""views"": 98600}",2024-12-01 09:15:00-06:00,final_free_speech_debate,free_speech_absolute,Free Speech Absolute,2681
Hate speech causes real harm and should have consequences!,"{""replies"": 1278, ""retweets"": 2556, ""quotes"": 298, ""likes"": 16890, ""views"": 93400}",2024-12-01 10:45:00-06:00,final_free_speech_debate,hate_speech_harm,Hate Speech Harm,2682
Context and intent matter when evaluating controversial expression,"{""replies"": 234, ""retweets"": 445, ""quotes"": 49, ""likes"": 2789, ""views"": 16200}",2024-12-01 11:20:00-06:00,final_free_speech_debate,context_matters,Context Matters,2683
Academic freedom requires protecting unpopular research and teaching,"{""replies"": 445, ""retweets"": 834, ""quotes"": 91, ""likes"": 5234, ""views"": 29400}",2024-12-01 12:00:00-06:00,final_free_speech_debate,academic_freedom,Academic Freedom,2684
Safe spaces protect marginalized students from psychological harm,"{""replies"": 567, ""retweets"": 1123, ""quotes"": 129, ""likes"": 7234, ""views"": 40100}",2024-12-01 13:30:00-06:00,final_free_speech_debate,safe_spaces,Safe Spaces,2685
Open dialogue requires good faith engagement across ideological differences,"{""replies"": 189, ""retweets"": 356, ""quotes"": 41, ""likes"": 2234, ""views"": 13400}",2024-12-01 14:15:00-06:00,final_free_speech_debate,good_faith_dialogue,Good Faith Dialogue,2686
Cancel culture chills expression and prevents necessary conversations,"{""replies"": 723, ""retweets"": 1445, ""quotes"": 167, ""likes"": 9234, ""views"": 51000}",2024-12-01 15:45:00-06:00,final_free_speech_debate,cancel_culture_chill,Cancel Culture Chill,2687
Accountability for harmful speech protects vulnerable communities,"{""replies"": 378, ""retweets"": 723, ""quotes"": 81, ""likes"": 4567, ""views"": 26300}",2024-12-01 16:20:00-06:00,final_free_speech_debate,speech_accountability,Speech Accountability,2688
Truth emerges through the marketplace of ideas and open debate,"{""replies"": 289, ""retweets"": 567, ""quotes"": 64, ""likes"": 3567, ""views"": 20600}",2024-12-01 17:00:00-06:00,final_free_speech_debate,marketplace_ideas,Marketplace Ideas,2689
Democratic discourse requires both free expression and mutual respect,"{""replies"": 156, ""retweets"": 289, ""quotes"": 33, ""likes"": 1789, ""views"": 10500}",2024-12-01 18:30:00-06:00,final_free_speech_debate,expression_respect,Expression Respect,2690
Privacy is dead - surveillance capitalism tracks our every move!,"{""replies"": 1456, ""retweets"": 2912, ""quotes"": 345, ""likes"": 19567, ""views"": 108200}",2024-12-05 08:30:00-06:00,final_privacy_debate,privacy_dead,Privacy Dead,2691
Data collection enables personalized services that improve our lives!,"{""replies"": 1289, ""retweets"": 2578, ""quotes"": 301, ""likes"": 17234, ""views"": 95400}",2024-12-05 10:00:00-06:00,final_privacy_debate,data_benefits,Data Benefits,2692
Privacy legislation must balance protection with innovation incentives,"{""replies"": 234, ""retweets"": 445, ""quotes"": 49, ""likes"": 2789, ""views"": 16200}",2024-12-05 11:30:00-06:00,final_privacy_debate,privacy_balance,Privacy Balance,2693
Government surveillance threatens democratic freedoms and civil liberties,"{""replies"": 723, ""retweets"": 1445, ""quotes"": 167, ""likes"": 9234, ""views"": 51000}",2024-12-05 12:15:00-06:00,final_privacy_debate,government_surveillance,Government Surveillance,2694
National security requires some limitations on absolute privacy rights,"{""replies"": 567, ""retweets"": 1123, ""quotes"": 129, ""likes"": 7234, ""views"": 40100}",2024-12-05 13:45:00-06:00,final_privacy_debate,security_limits,Security Limits,2695
Encryption protects privacy while enabling criminal investigations,"{""replies"": 289, ""retweets"": 567, ""quotes"": 64, ""likes"": 3567, ""views"": 20600}",2024-12-05 14:20:00-06:00,final_privacy_debate,encryption_balance,Encryption Balance,2696
Data portability and user control can restore privacy autonomy,"{""replies"": 189, ""retweets"": 356, ""quotes"": 41, ""likes"": 2234, ""views"": 13400}",2024-12-05 15:00:00-06:00,final_privacy_debate,data_portability,Data Portability,2697
Anonymization techniques protect privacy while enabling research,"{""replies"": 156, ""retweets"": 289, ""quotes"": 33, ""likes"": 1789, ""views"": 10500}",2024-12-05 16:30:00-06:00,final_privacy_debate,anonymization,Anonymization,2698
Transparent data practices build trust between users and platforms,"{""replies"": 378, ""retweets"": 723, ""quotes"": 81, ""likes"": 4567, ""views"": 26300}",2024-12-05 17:15:00-06:00,final_privacy_debate,transparent_data,Transparent Data,2699
Digital rights are human rights that require constitutional protection,"{""replies"": 445, ""retweets"": 834, ""quotes"": 91, ""likes"": 5234, ""views"": 29400}",2024-12-05 18:45:00-06:00,final_privacy_debate,digital_rights,Digital Rights,2700
"Success requires hard work, personal responsibility, and good choices!","{""replies"": 1567, ""retweets"": 3134, ""quotes"": 367, ""likes"": 20890, ""views"": 115600}",2024-12-10 09:00:00-06:00,final_success_debate,personal_responsibility,Personal Responsibility,2701
Structural barriers prevent many people from succeeding despite hard work!,"{""replies"": 1434, ""retweets"": 2867, ""quotes"": 334, ""likes"": 19234, ""views"": 106400}",2024-12-10 10:30:00-06:00,final_success_debate,structural_barriers,Structural Barriers,2702
Both individual effort and systemic factors influence life outcomes,"{""replies"": 345, ""retweets"": 678, ""quotes"": 76, ""likes"": 4234, ""views"": 24600}",2024-12-10 11:15:00-06:00,final_success_debate,both_factors,Both Factors,2703
Meritocracy rewards talent and effort while promoting social mobility,"{""replies"": 612, ""retweets"": 1234, ""quotes"": 145, ""likes"": 7890, ""views"": 43600}",2024-12-10 12:45:00-06:00,final_success_debate,meritocracy,Meritocracy,2704
Inherited advantages perpetuate inequality across generations,"{""replies"": 567, ""retweets"": 1123, ""quotes"": 129, ""likes"": 7234, ""views"": 40100}",2024-12-10 13:20:00-06:00,final_success_debate,inherited_advantages,Inherited Advantages,2705
Education and skill development can overcome socioeconomic disadvantages,"{""replies"": 234, ""retweets"": 445, ""quotes"": 49, ""likes"": 2789, ""views"": 16200}",2024-12-10 14:00:00-06:00,final_success_debate,education_mobility,Education Mobility,2706
Luck and timing play larger roles in success than most people acknowledge,"{""replies"": 378, ""retweets"": 723, ""quotes"": 81, ""likes"": 4567, ""views"": 26300}",2024-12-10 15:30:00-06:00,final_success_debate,luck_timing,Luck Timing,2707
Social safety nets should provide security while preserving work incentives,"{""replies"": 189, ""retweets"": 356, ""quotes"": 41, ""likes"": 2234, ""views"": 13400}",2024-12-10 16:15:00-06:00,final_success_debate,safety_nets,Safety Nets,2708
Entrepreneurship and innovation create value for society and individuals,"{""replies"": 289, ""retweets"": 567, ""quotes"": 64, ""likes"": 3567, ""views"": 20600}",2024-12-10 17:45:00-06:00,final_success_debate,entrepreneurship,Entrepreneurship,2709
"Success should be measured by contribution to human flourishing, not just wealth","{""replies"": 156, ""retweets"": 289, ""quotes"": 33, ""likes"": 1789, ""views"": 10500}",2024-12-10 18:20:00-06:00,final_success_debate,human_flourishing,Human Flourishing,2710
Innovation will solve every problem humanity faces!,"{""replies"": 1789, ""retweets"": 3578, ""quotes"": 423, ""likes"": 23567, ""views"": 130200}",2024-12-15 08:45:00-06:00,final_innovation_debate,innovation_solution,Innovation Solution,2711
Technology creates as many problems as it solves!,"{""replies"": 1656, ""retweets"": 3312, ""quotes"": 389, ""likes"": 21890, ""views"": 121000}",2024-12-15 10:15:00-06:00,final_innovation_debate,technology_problems,Technology Problems,2712
Breakthrough technologies require long-term investment and patient capital,"{""replies"": 445, ""retweets"": 834, ""quotes"": 91, ""likes"": 5234, ""views"": 29400}",2024-12-15 11:00:00-06:00,final_innovation_debate,patient_capital,Patient Capital,2713
Open source collaboration accelerates innovation more than patents,"{""replies"": 378, ""retweets"": 723, ""quotes"": 81, ""likes"": 4567, ""views"": 26300}",2024-12-15 12:30:00-06:00,final_innovation_debate,open_source_innovation,Open Source Innovation,2714
Basic research funding creates the foundation for applied innovation,"{""replies"": 234, ""retweets"": 445, ""quotes"": 49, ""likes"": 2789, ""views"": 16200}",2024-12-15 13:15:00-06:00,final_innovation_debate,basic_research,Basic Research,2715
Regulatory sandboxes allow testing of innovations while protecting consumers,"{""replies"": 189, ""retweets"": 356, ""quotes"": 41, ""likes"": 2234, ""views"": 13400}",2024-12-15 14:45:00-06:00,final_innovation_debate,regulatory_sandboxes,Regulatory Sandboxes,2716
Innovation requires diversity of perspectives and inclusive teams,"{""replies"": 289, ""retweets"": 567, ""quotes"": 64, ""likes"": 3567, ""views"": 20600}",2024-12-15 15:20:00-06:00,final_innovation_debate,diverse_innovation,Diverse Innovation,2717
Venture capital and entrepreneurship drive technological progress,"{""replies"": 567, ""retweets"": 1123, ""quotes"": 129, ""likes"": 7234, ""views"": 40100}",2024-12-15 16:00:00-06:00,final_innovation_debate,venture_capital,Venture Capital,2718
Government procurement can stimulate innovation in emerging technologies,"{""replies"": 156, ""retweets"": 289, ""quotes"": 33, ""likes"": 1789, ""views"": 10500}",2024-12-15 17:30:00-06:00,final_innovation_debate,government_procurement,Government Procurement,2719
Innovation must be directed toward solving humanity's greatest challenges,"{""replies"": 123, ""retweets"": 234, ""quotes"": 27, ""likes"": 1567, ""views"": 9200}",2024-12-15 18:15:00-06:00,final_innovation_debate,directed_innovation,Directed Innovation,2720
The future belongs to those who embrace change and adaptation!,"{""replies"": 2123, ""retweets"": 4245, ""quotes"": 501, ""likes"": 28234, ""views"": 156000}",2024-12-20 09:30:00-06:00,final_conclusion_debate,embrace_change,Embrace Change,2721
Tradition and stability provide meaning and continuity across generations!,"{""replies"": 1998, ""retweets"": 3995, ""quotes"": 467, ""likes"": 26567, ""views"": 146800}",2024-12-20 11:00:00-06:00,final_conclusion_debate,tradition_stability,Tradition Stability,2722
Human wisdom lies in balancing progress with preservation of valuable traditions,"{""replies"": 567, ""retweets"": 1123, ""quotes"": 129, ""likes"": 7234, ""views"": 40100}",2024-12-20 12:30:00-06:00,final_conclusion_debate,balance_wisdom,Balance Wisdom,2723
Complex challenges require nuanced solutions that transcend simple ideologies,"{""replies"": 234, ""retweets"": 445, ""quotes"": 49, ""likes"": 2789, ""views"": 16200}",2024-12-20 13:15:00-06:00,final_conclusion_debate,nuanced_solutions,Nuanced Solutions,2724
Democratic deliberation must find common ground amid deep disagreements,"{""replies"": 445, ""retweets"": 834, ""quotes"": 91, ""likes"": 5234, ""views"": 29400}",2024-12-20 14:45:00-06:00,final_conclusion_debate,democratic_deliberation,Democratic Deliberation,2725
Evidence-based policy making can bridge ideological divides,"{""replies"": 189, ""retweets"": 356, ""quotes"": 41, ""likes"": 2234, ""views"": 13400}",2024-12-20 15:20:00-06:00,final_conclusion_debate,evidence_based,Evidence Based,2726
Empathy and understanding can heal our fractured political discourse,"{""replies"": 378, ""retweets"": 723, ""quotes"": 81, ""likes"": 4567, ""views"": 26300}",2024-12-20 16:00:00-06:00,final_conclusion_debate,empathy_understanding,Empathy Understanding,2727
Future generations will judge us by how well we addressed shared challenges,"{""replies"": 289, ""retweets"": 567, ""quotes"": 64, ""likes"": 3567, ""views"": 20600}",2024-12-20 17:30:00-06:00,final_conclusion_debate,future_generations,Future Generations,2728
Hope and determination can overcome any obstacle humanity faces,"{""replies"": 612, ""retweets"": 1234, ""quotes"": 145, ""likes"": 7890, ""views"": 43600}",2024-12-20 18:15:00-06:00,final_conclusion_debate,hope_determination,Hope Determination,2729
"The conversation continues, and that itself gives reason for optimism","{""replies"": 156, ""retweets"": 289, ""quotes"": 33, ""likes"": 1789, ""views"": 10500}",2024-12-20 19:45:00-06:00,final_conclusion_debate,conversation_continues,Conversation Continues,2730
