tweet,tweet_analytics,date,query,username,display_name,tweet_id
"I could be on my death bed, well, I am, and I’d still laugh at a funny cat video. They’re so mischievous, ridiculous, sassy and cute  0x1F62D  0x2764 0xFE0F .","{""replies"": 0, ""retweets"": 0, ""quotes"": 0, ""likes"": 14, ""views"": 283}",2025-11-14 22:41:00-06:00,chunked_query,100YEKS,Yek #longcovid,1989463687988744376
ITS SO CUTE THAT MY CAT TALKS BACK TO ME EVEN THOUGH WE DONT UNDERSTAND EACHOTHER WE STILL CARE ABOUT ACKNOWLEDGING EACHOTHER BECAUSE WE LOVE EACHOTHER  0x1F62D  0x1F62D  0x1F62D  0x1F62D  0x1F62D  0x1F62D  0x1F62D  0x1F62D  0x1F62D  0x1F62D  0x1F62D  0x1F62D  0x1F62D  0x1F62D  0x1F62D  0x1F62D  0x1F62D  0x1F62D  0x1F62D  0x1F62D  0x1F62D  0x1F62D  0x1F62D  0x1F62D  0x1F62D ,"{""replies"": 1, ""retweets"": 0, ""quotes"": 0, ""likes"": 49, ""views"": 513}",2025-11-14 18:38:00-06:00,chunked_query,odetoh1m,kellan 🍂 23.0/29,1989402643031363880
"I miss the Steam Sale girl. I'm still surrendering my wallet to Steam, but it just doesn't feel the same without the cute anime girl and her cat.  0x1F972 ","{""replies"": 2, ""retweets"": 2, ""quotes"": 0, ""likes"": 28, ""views"": 1034}",2025-11-14 18:25:00-06:00,chunked_query,Merpperoni,Merpperoni 🐙👁️,1989399231652884517
Hey chat did you know i have cat socks with toebeans. They’re super cute  0x1F92D ,"{""replies"": 4, ""retweets"": 2, ""quotes"": 0, ""likes"": 28, ""views"": 471}",2025-11-14 01:20:00-06:00,chunked_query,Ali60VT,Ali-60 🐘🔴 【VFleet】,1989141477528907921
Having a cat is really cool because it’s like you’re a National Geographic photographer all the time… sometimes they do really cute things that you can only catch once… sometimes they look stoic and you need to grab your camera quickly for the shot…,"{""replies"": 2, ""retweets"": 2, ""quotes"": 0, ""likes"": 27, ""views"": 1721}",2025-11-13 21:04:00-06:00,chunked_query,soleoado,leȯ,1989077024493990357
everyone freaking out about the cat it was the first new item i saw bc i searched “cardigan” in hopes for the og cardigan ornament but it wasn’t there pfjfhf the cat is so cute but $40 i couldn’tttt,"{""replies"": 1, ""retweets"": 0, ""quotes"": 0, ""likes"": 20, ""views"": 910}",2025-11-13 19:46:00-06:00,chunked_query,picturetokurn,karen❤️‍🔥,1989057406735953985
In the cellar Love song in winter Suspenders for woollen stockings Coal burning in the stove Heat in the heart of a teenager Nature's cute My skewbald cat Natural heat #TankaThursday #TankaThursday #haikuchallenge #haikuchallenge #vss365 #vss365 #artwiculate #artwiculate #fairytalepoets #fairytalepoets #BraveWrite #BraveWrite,"{""replies"": 0, ""retweets"": 1, ""quotes"": 0, ""likes"": 16, ""views"": 163}",2025-11-13 17:05:00-06:00,chunked_query,SuAy30,Ayten Suvak,1989016658615181591
guys my roommate’s cat is sleeping in my room and he keeps snoring my baby he’s so cute,"{""replies"": 6, ""retweets"": 0, ""quotes"": 0, ""likes"": 16, ""views"": 739}",2025-11-13 15:56:00-06:00,chunked_query,sparkylew,lewis ⊬,1988999314165649901
I am filled with so much rage rn can i please have a hug or like a pic of a cute cat or something please i feel awful  0x1F62D ,"{""replies"": 15, ""retweets"": 0, ""quotes"": 0, ""likes"": 25, ""views"": 707}",2025-11-13 11:47:00-06:00,chunked_query,Shrimp_iya,turbo starlight shrimp 🦐,1988936707551719895
$PUFF $PUFF remains strong at the 700K floor — the holders are truly resilient for the cute little cat. Let’s make cat season amazing!  0x1F63B  @ThePuffcoin @ThePuffcoin $ETH $ETH,"{""replies"": 8, ""retweets"": 6, ""quotes"": 0, ""likes"": 12, ""views"": 1988}",2025-11-13 08:27:00-06:00,chunked_query,GoonrichGirl,goonrich,1988886399496417769
"thinking about a very cute idol who really resembles and acts like a cat, loves to sing and dance and tease his members (& also really enjoys feeling them up), is super observant and notices the small things about someone that makes their day & loves so so deeply. Guess who","{""replies"": 5, ""retweets"": 11, ""quotes"": 0, ""likes"": 231, ""views"": 3221}",2025-11-13 04:48:00-06:00,chunked_query,samidcre,kait,1988831374875255013
"new lombaxes from Ranger Rumble seriously looks like how i draw lombax heads, the shapes, the cat mouths, and the one with the  0x1FAE9  eyes. i did a doubletake!!!! ahahahah they're really cute","{""replies"": 4, ""retweets"": 1, ""quotes"": 0, ""likes"": 52, ""views"": 1406}",2025-11-13 00:57:00-06:00,chunked_query,goodboytown,🌻GB🌾4oz. dog,1988773165762568539
I need cute and funny cat pics for pfp,"{""replies"": 5, ""retweets"": 1, ""quotes"": 0, ""likes"": 20, ""views"": 766}",2025-11-12 16:12:00-06:00,chunked_query,DeluluExpressss,Meowww,1988641177382650108
"my cat is so cute. when she saw me sit down at my desk to play minecraft, she RACED to lay in my lap  0x1F62D ","{""replies"": 2, ""retweets"": 0, ""quotes"": 0, ""likes"": 18, ""views"": 329}",2025-11-12 16:06:00-06:00,chunked_query,dairymaxxing,Judas ★,1988639586067652762
tryna open any snack so slow so that my cat doesn't hear ( i end up sharing my snacks with him he so cute),"{""replies"": 1, ""retweets"": 1, ""quotes"": 0, ""likes"": 29, ""views"": 539}",2025-11-12 14:59:00-06:00,chunked_query,sourapplejaam,yam,1988622698616860885
Anyone remember the good days back in summer 2024 for memes coin Miss that meta. Just buying a cute dog or cat lol and it running to millions,"{""replies"": 16, ""retweets"": 6, ""quotes"": 0, ""likes"": 41, ""views"": 2000}",2025-11-11 21:15:00-06:00,chunked_query,KillzzSol,killz,1988354908295246154
i keep getting tiktoks of this dog and cat cuddling and sleeping nose to nose and it’s so fucking CUTE!!!! and ofc all I think about is narumitsu,"{""replies"": 0, ""retweets"": 0, ""quotes"": 0, ""likes"": 16, ""views"": 374}",2025-11-11 21:09:00-06:00,chunked_query,mocha_mitsu,dreeL-6 incident,1988353306289467908
"I'm on the sofa typing with my right hand because my cat fell asleep with his head on my left. I can't even reach the phone to take a picture, but trust me, it's cute.","{""replies"": 2, ""retweets"": 0, ""quotes"": 0, ""likes"": 21, ""views"": 337}",2025-11-11 18:09:00-06:00,chunked_query,Richard_Kadrey,Richard Kadrey,1988308013393080700
"We haven’t had a cute animal runner in a while, yapapa cat is the next pop cat  0x1F431  Trenches need a runner more than ever right now.","{""replies"": 0, ""retweets"": 0, ""quotes"": 0, ""likes"": 19, ""views"": 484}",2025-11-11 08:09:00-06:00,chunked_query,C0smicGarou,Garou,1988157138947256478
I’m starting to think  0x1FAAB  does ragebaiting tweet to do a roll call on the roon and it’s kinda cute (?) It’s like shaking the cat food storage and all the cats show up but you keep the food away so they keep meowing LMAO,"{""replies"": 5, ""retweets"": 21, ""quotes"": 0, ""likes"": 284, ""views"": 3405}",2025-11-11 01:32:00-06:00,chunked_query,Kitsunemob_707,Sorey 🐙,1988057277576909065
"im looking for a cute cat ears to add to my headphones, props if they reflect light so im not gonna get under the car","{""replies"": 1, ""retweets"": 1, ""quotes"": 0, ""likes"": 36, ""views"": 2233}",2025-11-10 22:59:00-06:00,chunked_query,LunaFern_,Luna Fern,1988018582014349693
When last did we have a 50 million cat runner? Bring back the old days when cute cats ran to millies. Wiwillions $wiwiwi $wiwiwi,"{""replies"": 1, ""retweets"": 1, ""quotes"": 0, ""likes"": 19, ""views"": 207}",2025-11-10 22:25:00-06:00,chunked_query,JPdeVilliers84,Japes,1988010094169395686
We are meeting a cat on Thursday that we will very likely adopt but she has a terrible placeholder name so please drop some suggestions for cute girl cat names thank you  0x1F979  0x1FAF6 ,"{""replies"": 3, ""retweets"": 0, ""quotes"": 0, ""likes"": 13, ""views"": 1192}",2025-11-10 20:27:00-06:00,chunked_query,Marie_on_ice,Marie 🐞❄️ 🔜 NRW Trophy,1987980490616541473
"A cute homie that deserves all your love and cozy chaos @NicoENVT @NicoENVT  0x1F49C  0x2728  She’s a spooky sweet, ghostface lovin’, chaotic cat who brings nothing but good vibes (and maybe a little mischief  0x1F440 )~ Go give her a follow and show her some love, she’s absolutely purrfect!  0x1F43E  0x1F4AB ","{""replies"": 1, ""retweets"": 0, ""quotes"": 0, ""likes"": 12, ""views"": 308}",2025-11-10 20:08:00-06:00,chunked_query,ArtemisKraft89,Artemis【𝓗𝓪𝓾𝓷𝓽 𝓥𝓽】,1987975681280799203
Actually cute is nozomi takumi facetime calls and nozomi is always doing shit like laundry and clipping her cat's toenails whatever and takumi is always laying in bed in shrimp pose,"{""replies"": 0, ""retweets"": 5, ""quotes"": 0, ""likes"": 25, ""views"": 332}",2025-11-10 18:29:00-06:00,chunked_query,eitolaundry,anglerfish 100/100,1987950866293260697
Im so cold I'm starting to be all cute core. Using cat gifs and shit.  0x1F63F  The cold does things to you chat.,"{""replies"": 5, ""retweets"": 0, ""quotes"": 0, ""likes"": 14, ""views"": 565}",2025-11-10 16:50:00-06:00,chunked_query,FreakShido,Freakshido,1987925747726471455
This cat is so cute,"{""replies"": 0, ""retweets"": 0, ""quotes"": 0, ""likes"": 13, ""views"": 190}",2025-11-10 16:36:00-06:00,chunked_query,fireboy_sol,fireboy.sol (networking arc),1987922294740590999
"""We should get a cat."" No. ""But they're cute."" They shit in the house, no. ""But you can't smell it."" Yes, you can. Cat owners just go nose deaf to it. ""But then, if you can't smell it, it won't matter."" No We took a vote, and it was tied, so I won. No cat.","{""replies"": 401, ""retweets"": 21, ""quotes"": 10, ""likes"": 1943, ""views"": 53598}",2025-11-10 13:21:00-06:00,chunked_query,9mm_smg,9mmSMG,1987873183928660213
My cat is so cute,"{""replies"": 5, ""retweets"": 0, ""quotes"": 0, ""likes"": 10, ""views"": 269}",2025-11-10 02:53:00-06:00,chunked_query,fdl285,xuan,1987715269851050436
"…i got myself a handful of matching astrology and celestial cute-sexy underwear sets while the cat’s away, this fox does play  0x1F970 ","{""replies"": 0, ""retweets"": 0, ""quotes"": 0, ""likes"": 17, ""views"": 342}",2025-11-10 00:35:00-06:00,chunked_query,leahprime,Leah (Prime) 🦊,1987680426224152943
max and kimi are so cute omfg that’s a mama cat if i’ve ever seen one,"{""replies"": 0, ""retweets"": 1, ""quotes"": 0, ""likes"": 21, ""views"": 512}",2025-11-09 18:56:00-06:00,chunked_query,V3RSTAPP3NISM,☽̶☾ katia karausche ⋆˙⟡¹ 🐟,1987595257656348924
"zcj are soooo adorable!!!  0x1F979  0x1F970  They are telling F magazine the real definition of a couple magazine and what inclusions to have. Then they went on to give ideas! Snowy mountain, school, at home with dog and cat (they can just use  0x1F98A  dog and cat!) THESE ARE SUCH CUTE IDEAS!!","{""replies"": 1, ""retweets"": 11, ""quotes"": 0, ""likes"": 74, ""views"": 1622}",2025-11-09 15:26:00-06:00,chunked_query,minwonnwoo,디 🌧️ • 展丞 era,1987542308431200754
They wished me happy birthday and said my cat is cute. Okay best birthday present for me and that being there for them here is another milestone unlocked  0x1F62D  0x1F62D  0x1F62D  FAYMAY SPARKLING BLUE #FayMay1stFMinTaipei #FayMay1stFMinTaipei,"{""replies"": 2, ""retweets"": 7, ""quotes"": 0, ""likes"": 28, ""views"": 520}",2025-11-09 13:06:00-06:00,chunked_query,drunkfany,𝐟𝐚𝐡🐺,1987507035307753620
Soo soo excited to see my cute cat today DUNK X POCKY IDOL #GMMTVPOCKYIDOL #GMMTVPOCKYIDOL #GMMTVPOCKYIDOL_FINALSTAGE #GMMTVPOCKYIDOL_FINALSTAGE,"{""replies"": 2, ""retweets"": 83, ""quotes"": 0, ""likes"": 75, ""views"": 717}",2025-11-09 08:05:00-06:00,chunked_query,Niniel24,Naina Joongdunk 🌻,1987431462132449716
"real talk why has there hardly been any jongseob cat content, if i were fnc i’d be on that from day 1… cute boy + cats =  0x1F4B5 ","{""replies"": 1, ""retweets"": 1, ""quotes"": 0, ""likes"": 14, ""views"": 290}",2025-11-08 23:55:00-06:00,chunked_query,purrseob,whiskers,1987307908699464136
[ @BHayahide1990 @BHayahide1990 ] Miss Biwa!!!!!!! I have discovered an ally of very very cute cats near the academy!!!!... And I have plenty of cat treats... and water!!!!! Please... Feed the small little kittens with me...!!!!!,"{""replies"": 1, ""retweets"": 1, ""quotes"": 0, ""likes"": 29, ""views"": 531}",2025-11-08 22:54:00-06:00,chunked_query,fenomenopdc,Fenomeno of PDC.,1987292738576896498
Every pretty girl has a cute cat. I see a patern,"{""replies"": 4, ""retweets"": 0, ""quotes"": 2, ""likes"": 11, ""views"": 1286}",2025-11-08 16:12:00-06:00,chunked_query,DefNotShy,Botjebuilder,1987191560358780998
This cat is soo cute... I think y'all don't see the narrative but its crazy boys. Keep buying because y'all will regret at millions... Bullish.,"{""replies"": 1, ""retweets"": 3, ""quotes"": 0, ""likes"": 20, ""views"": 610}",2025-11-08 15:28:00-06:00,chunked_query,ACallsit,Aris,1987180487199125857
Nicholas nicknames on here 1. National girlfriend 2. Sweet small cute strawberry kitty cat,"{""replies"": 0, ""retweets"": 1, ""quotes"": 0, ""likes"": 12, ""views"": 166}",2025-11-08 15:10:00-06:00,chunked_query,nicholastufff,vivi 𝜗𝜚,1987175853441102283
theres something so cute and cool about seeing aventurine in a onesie and ratio wearing a casual hoodie HAHAHA id like to imagine aventurine wearing ratio’s hoodie that turns out to be baggy on him and then ratio having a matching purple cat onesie,"{""replies"": 1, ""retweets"": 7, ""quotes"": 0, ""likes"": 146, ""views"": 1380}",2025-11-08 15:05:00-06:00,chunked_query,endlesshades,endless 🦉🦚 writing,1987174643070042436
We have a cute cat named $SOLANA $SOLANA by an American zoo? This is a 100m narrative easily Will be on TV in a couple of days We are not wrong just early,"{""replies"": 2, ""retweets"": 3, ""quotes"": 0, ""likes"": 23, ""views"": 776}",2025-11-08 13:53:00-06:00,chunked_query,CyronicaNFT,Cyro,1987156442328056184
"My cat has fallen asleep on my chest and he's snoring these cute little snores but now of course I can't get up without disturbing him, please send help.","{""replies"": 1, ""retweets"": 0, ""quotes"": 0, ""likes"": 10, ""views"": 312}",2025-11-08 08:16:00-06:00,chunked_query,RobCoco,robcoco,1987071812883390764
Last thought before sleep I hope people pspsps at me one day Cuz I’m a cat vtuber Idk I think it would be cute hehe,"{""replies"": 0, ""retweets"": 0, ""quotes"": 0, ""likes"": 11, ""views"": 325}",2025-11-08 06:37:00-06:00,chunked_query,Seimorra,🐱Seimorra🌹Crystal Mage |『V✦F』,1987046873446949092
so it's cute when a cat has a primordial pouch but when i have one it's disgusting,"{""replies"": 5, ""retweets"": 0, ""quotes"": 0, ""likes"": 14, ""views"": 413}",2025-11-07 21:04:00-06:00,chunked_query,gucciredn3ck,༻ c a l m ༺,1986902485282566411
"okay. i’m officially leaving. apparently im now legally forbidden from posting pics of my OWN friends in the gc without submitting a signed permission slip from each of them. gosh i hate democracy. after a heated artistic debate about whether the photo i took was “cute” or “traumatizing” they confiscated my phone like im a threat to national security. maybe im the villain. maybe im the misunderstood visionary. either way for the safety of the public, i’ve been banished. farewell. it was fun while it lasted. until i figure out how to tweet from our smart refrigerator’s touchscreen, consider this my dramatic exit. if i disappear you can blame @sophia4keeps @sophia4keeps","{""replies"": 16, ""retweets"": 0, ""quotes"": 0, ""likes"": 72, ""views"": 3826}",2025-11-07 21:03:00-06:00,chunked_query,purr___cat,♱ 𝔓𝔲𝔯𝔯𝔠𝔞𝔱 猫 ♱,1986902450151051644
i wish i was a cat. i want being silly and cute to be my entire job.,"{""replies"": 3, ""retweets"": 2, ""quotes"": 0, ""likes"": 72, ""views"": 2580}",2025-11-07 20:54:00-06:00,chunked_query,kwehzy,Karis °•♡•°,1986900100921045411
"why every time i watch mugm video and he tries to act like a villain i only see a silly cat meowing with his bliss i mean this is so cute…,,,","{""replies"": 3, ""retweets"": 3, ""quotes"": 0, ""likes"": 67, ""views"": 1193}",2025-11-07 15:41:00-06:00,chunked_query,Framsty_leaf,Framsty,1986821264774988272
wait Elon is cat girl? and he’s real name is Elon - Chan? cute name ngl,"{""replies"": 11, ""retweets"": 4, ""quotes"": 0, ""likes"": 34, ""views"": 837}",2025-11-07 09:11:00-06:00,chunked_query,dahni888,𝐝𝐚𝐡𝐧𝐢,1986723092593250619
ain’t no such thing as an ugly cat i’m cute,"{""replies"": 7, ""retweets"": 3, ""quotes"": 0, ""likes"": 30, ""views"": 645}",2025-11-07 00:26:00-06:00,chunked_query,a_musingcat,cat,1986590954074325409
im so gay its actually sad theres this guy who keeps doing cute stuff but i dont feel anything at all n i just keep thinking i wish he were a girl meanwhile theres this girl whos not even single but calls me little bean n says im a majestic white cat n im  0x1FAE0 ,"{""replies"": 4, ""retweets"": 0, ""quotes"": 0, ""likes"": 19, ""views"": 902}",2025-11-06 22:56:00-06:00,chunked_query,chonlatwink,ً,1986568381894676623
denki making a humming sound like some lights do whenever hitoshi kisses him and he’s mortified because it’s impossible for him to be cool and nonchalant (not that he was to be begin with  0x1F927 ) but hitoshi thinks it’s cute. its kind of like a cat purring……. #yeah #yeah,"{""replies"": 4, ""retweets"": 13, ""quotes"": 0, ""likes"": 169, ""views"": 1510}",2025-11-06 21:52:00-06:00,chunked_query,04__AM,🌃,1986552200387055831
"Saw a video captioned, “this is why Islam loves cats,” and it was a cat cleaning after himself after he did his business. I imagined the comments to be talking about how cute the cat is but nope it was accusing Muslims of pedophilia. Weirdos.","{""replies"": 4, ""retweets"": 1, ""quotes"": 0, ""likes"": 52, ""views"": 1171}",2025-11-06 17:30:00-06:00,chunked_query,hijabecuore,mariam👻,1986486373755548034
when will i get the cute cat pics and a girl saying “us”,"{""replies"": 2, ""retweets"": 2, ""quotes"": 0, ""likes"": 30, ""views"": 1852}",2025-11-06 15:46:00-06:00,chunked_query,fortunatefates,Fortune ♡,1986460117366415687
"Looking at my girl, not a single thought of the market on her mind. Stress free. She smiles, “babe, I saw a cute cat today.” I laugh softly, “that’s great.”","{""replies"": 95, ""retweets"": 33, ""quotes"": 0, ""likes"": 421, ""views"": 12680}",2025-11-06 02:50:00-06:00,chunked_query,lynk0x,lynk,1986264835160523198
they should let you go home if your cat is cute enough,"{""replies"": 3, ""retweets"": 1, ""quotes"": 1, ""likes"": 33, ""views"": 1126}",2025-11-05 14:47:00-06:00,chunked_query,holyarmpits,teddi ✧.* mpreg enthusiast,1986083073063264383
A cute little dead cat bounce to $150k would be quite nice tbh,"{""replies"": 50, ""retweets"": 32, ""quotes"": 3, ""likes"": 1076, ""views"": 37275}",2025-11-05 14:14:00-06:00,chunked_query,ReetikaTrades,Reetika,1986074722531197254
"can we bring back Yoko’s childhood nickname ""little cat"" please it's so cute  0x1F62D  0x1F90D  THE STORY OF APASRA #T2TPodcastxYOKO #T2TPodcastxYOKO @Yoko_apasra @Yoko_apasra","{""replies"": 1, ""retweets"": 46, ""quotes"": 2, ""likes"": 74, ""views"": 1908}",2025-11-05 10:05:00-06:00,chunked_query,posiewaves,kiarra 👻,1986012097495372042
"today i saw a black cat on my morning walk. i petted it and it was so friendly  0x1F979  0x1F979  so i snapped a picture and sent it to my husband. turns out my husband, on his way into work, also saw a black cat and petted it  0x1F97A  how cute","{""replies"": 2, ""retweets"": 0, ""quotes"": 0, ""likes"": 22, ""views"": 468}",2025-11-05 08:50:00-06:00,chunked_query,loveandduas,🕊️,1985993222435356975
"hamin's thoughts of his hyungs  0x1F499  hyung who embraces leadership & kindness  0x1F49C  gentle & warm hyung who adopted stray cat haminie  0x1FA77  the more hamin see him, the sweeter he becomes, he's like both hyung & dongsaeng  0x2764 0xFE0F  cute hyung who cherishes haminie so much & won't let go of him","{""replies"": 0, ""retweets"": 721, ""quotes"": 52, ""likes"": 1469, ""views"": 57207}",2025-11-04 12:13:00-06:00,chunked_query,asterumidol,jess,1985681749419180512
"Watching cute cat videos while my own cat is snuggled up next to me, I should be shot","{""replies"": 2, ""retweets"": 1, ""quotes"": 0, ""likes"": 19, ""views"": 474}",2025-11-04 05:00:00-06:00,chunked_query,thelifeoftoad,toad,1985572838431211619
"much respect to the selfshippers stuff like ""___'s love"" or cute animal names but i dont think i could ever do it. what would it even be. ""snipers awful cat who gets fur everywhere""? my pfp is a dog i cant do that. and i cant do ""kitten"" because thats inviting evil into my home","{""replies"": 5, ""retweets"": 0, ""quotes"": 0, ""likes"": 32, ""views"": 356}",2025-11-04 01:10:00-06:00,chunked_query,EUMETOPlA,maine ☕,1985514930091467255
"""SM making himself really big and acting like he's gonna crush or eat pv but he doesn't actually do anything and just sits there holding and admiring him. He has the scary eyes of an evil cat and pv thinks he's cute anyways so he doesn't care"" -> ELDRITCH HORROR SHAMI MY BELOVED","{""replies"": 0, ""retweets"": 11, ""quotes"": 0, ""likes"": 197, ""views"": 1905}",2025-11-04 00:07:00-06:00,chunked_query,littleoldsun,jollyful nico ☀️,1985499210284716213
"next time i adopt a cat im getting an older cat. im never getting a kitten again, they are psychotic. cute but at what cost","{""replies"": 7, ""retweets"": 2, ""quotes"": 1, ""likes"": 93, ""views"": 3371}",2025-11-03 23:33:00-06:00,chunked_query,bigsnugga,hole respecter,1985490642987077765
cute cat runner 3 PvPs why,"{""replies"": 10, ""retweets"": 0, ""quotes"": 0, ""likes"": 15, ""views"": 200}",2025-11-03 22:48:00-06:00,chunked_query,CrayohlaEU,crayohla,1985479246781808975
Last night I saw My neighbours cat yawn In a place she should not have been But at the sight of her cute paw I bit my cheek and let her sleep On my dogs comfy bed It was fine no break of a law He’s at my other neighbours place In love with their cheeky parrot #FromOneLine #FromOneLine,"{""replies"": 2, ""retweets"": 44, ""quotes"": 0, ""likes"": 150, ""views"": 1685}",2025-11-03 20:14:00-06:00,chunked_query,Fizzytwizler,Fizzy AllsortsOfAllsorts,1985440396109861304
" 0x1F430  That cat in the skirt is so cute  0x1F430  They are so kind, makes me want to take care of them  0x1F430  *alligator attacking cat* HEYY don't beat them!!!!  0x1F430  Wait? Are these cats on my side?  0x1F923 ","{""replies"": 10, ""retweets"": 721, ""quotes"": 51, ""likes"": 5260, ""views"": 86132}",2025-11-03 06:55:00-06:00,chunked_query,eternalhyyh,💙 ᴮᴱ바다⁷ 💐 (SLOW) 💙,1985239315765678374
" 0x1F430 Why is the cat so cute tho? Ah im dying!! Ah! The cat in the skirt is so cute though, I want to take care of them tho ㅋㅋㅋ #Jungkook #Jungkook live translation","{""replies"": 5, ""retweets"": 135, ""quotes"": 54, ""likes"": 1251, ""views"": 33534}",2025-11-03 06:53:00-06:00,chunked_query,hyunkiiv,Keanu ㄱ-ㅅ-ㄱ ♡,1985238907785826408
"Sebby cuddling a stray cat in front of Ciel: What a handsome, polite and refined gentleman. So cute  0x2764 0xFE0F  Ciel: How dare he make me jealous? I’ll show him *to a stray dog* Oh!! What a good boy you are!! Come here, cutie","{""replies"": 2, ""retweets"": 15, ""quotes"": 0, ""likes"": 185, ""views"": 2379}",2025-11-02 22:44:00-06:00,chunked_query,orangecastle05,Butler with Oranges🍊 🔞,1985115713380462652
that cat is way too cute to be chinny’s next victim.  0x1F614  0x1F622  so sad i wish i could rescue her,"{""replies"": 6, ""retweets"": 2, ""quotes"": 0, ""likes"": 166, ""views"": 3989}",2025-11-02 21:22:00-06:00,chunked_query,alex_is_shook,alex is shook.,1985095297727385832
" 0x1F430 ha, cute little punk! *the little cat thay walked in* #jungkook #jungkook live translation","{""replies"": 0, ""retweets"": 40, ""quotes"": 10, ""likes"": 187, ""views"": 8517}",2025-11-02 06:49:00-06:00,chunked_query,hyunkiiv,Keanu ㄱ-ㅅ-ㄱ ♡,1984875475789910474
So many people drawing Rerir as a cat.. it's so cute.. but he is like a wolf with rabies isnt he,"{""replies"": 3, ""retweets"": 18, ""quotes"": 0, ""likes"": 306, ""views"": 6249}",2025-11-02 06:41:00-06:00,chunked_query,chiiann,Li,1984873541800771876
"What do cute cat Pokémon like? Balls of yarn? Fish? Churu? Hmmm… Are there any cute fairy type cats from other regions? Or perhaps I could get a Skitty… Emma is a cat person, so I must get adjusted…","{""replies"": 4, ""retweets"": 2, ""quotes"": 0, ""likes"": 60, ""views"": 1295}",2025-11-02 03:49:00-06:00,chunked_query,SBCJacinthe,✨ Jacinthe! ✨,1984830253139968050
"I always try to spread positivity when I can because making people happy makes me happy, so I don't like talking about my problems/struggles, but today has been extra rough. Please don't pity me. I just want cute dog/cute cat gifs or something.  0x1F49A ","{""replies"": 49, ""retweets"": 8, ""quotes"": 1, ""likes"": 203, ""views"": 10998}",2025-11-02 01:31:00-05:00,chunked_query,DJMonopoli,DJ Monopoli,1984795429486412145
chocolate. snickers. cat. white cat. other color cats. chocolate cat. the color pink. baby pink. baby pink cat. glitters. baby pink chocolate with glitters. books. reading. reading while eating snickers. cute clothes. H&M. LOVEEEE H&M. passenger princess. heated car seat. baby pink heated passenger car seat. food. sushi. milk. plain milk. yobies. yobies eating chocolate. yobies buying H&M. yobies feeding white fluffy cats plain milk. yobies gifting yoko chocolate. baby pink fluflly glitter yobies give yoko a hug. @Yoko_apasra @Yoko_apasra  0x1F90D  WITH LOVE WITH THANKS YOKO #YokoFansign1stTH2025 #YokoFansign1stTH2025,"{""replies"": 0, ""retweets"": 20, ""quotes"": 0, ""likes"": 58, ""views"": 3092}",2025-11-01 20:08:00-05:00,chunked_query,xyomaliceeyes,Kim 👻,1984714160551444703
hiiiiiii i want to be someone’s cute cat girlfriend!!!!!,"{""replies"": 5, ""retweets"": 0, ""quotes"": 0, ""likes"": 17, ""views"": 324}",2025-11-01 14:44:00-05:00,chunked_query,nyansterchan,nyan-chan~,1984632598644343288
MY CAT IS DRIVING ME NUTS HES PARKOURING OFF EVERYTHING INCLUDING MY FOREHEAD- SINGING SO LOUD AND WILL NOT GO TO SLEEP INSTG HES SO SO LUCKY HES CUTE SHHHRGDBDFNFBKFFBF,"{""replies"": 6, ""retweets"": 0, ""quotes"": 0, ""likes"": 34, ""views"": 1369}",2025-11-01 11:57:00-05:00,chunked_query,LaSinity,Sini 𖤐,1984590541238022584
 0x1F4F8  - ERLING HAALAND WITH A CUTE NEW CAT!,"{""replies"": 8, ""retweets"": 2, ""quotes"": 0, ""likes"": 53, ""views"": 4861}",2025-11-01 10:45:00-05:00,chunked_query,Reddit_Spurs,arkansas didy totenham😭😭😭😢,1984572548307112415
//Why am I simultaneously rping cute yuri and the brutal torture of an innocent cat,"{""replies"": 15, ""retweets"": 3, ""quotes"": 0, ""likes"": 89, ""views"": 1618}",2025-11-01 04:47:00-05:00,chunked_query,ELumiose19996,Detective Emma,1984482317880996337
"One of the top moments of my year is always passing out candy on Halloween. I just saw a baby taco and a hot sauce packet, an astronaut with alien parents, and a cat. So cute  0x1F62D ","{""replies"": 0, ""retweets"": 0, ""quotes"": 0, ""likes"": 13, ""views"": 396}",2025-10-31 22:08:00-05:00,chunked_query,Lilly_W_Writes,Lilly Frightfield 👻🧛😈🧟‍♂️🐺,1984381954754822411
"today is halloween and i really think the spookiest thing jisung could do is wear a cute little cat costume, sit down and watch minho's soul slowly leave his mortal body","{""replies"": 2, ""retweets"": 52, ""quotes"": 0, ""likes"": 768, ""views"": 6510}",2025-10-31 10:40:00-05:00,chunked_query,strwbrrpunch,dem🍓 are we doing it?,1984208971721556171
"Okay you guys make it too hard to be ghost wtf. Too many pretty egirls and racists I wanna be friends with and support, too many people with shit takes that HAVE to know my opinion, and too many cute cat pics i must love. My people need me.","{""replies"": 3, ""retweets"": 0, ""quotes"": 0, ""likes"": 46, ""views"": 2115}",2025-10-31 09:57:00-05:00,chunked_query,nezzieuwu,Nez 🥀,1984197915250946100
was throwing cat ears to jun and he was being mischievous and shaking his head like  0x1F60F  0x1F642 0x200D 0x2194 0xFE0F  im not gonna do itttt  0x1F60F  0x1F642 0x200D 0x2194 0xFE0F  he was so cute ㅠㅠㅠ,"{""replies"": 3, ""retweets"": 1, ""quotes"": 0, ""likes"": 27, ""views"": 739}",2025-10-30 21:29:00-05:00,chunked_query,iloveboohan,‏۟,1984009802176201003
i’m so overly friendly i got my instacart delivery person sending me pictures of their cat  0x1F639  CUTE ASS CAT too,"{""replies"": 5, ""retweets"": 2, ""quotes"": 0, ""likes"": 65, ""views"": 21337}",2025-10-30 21:22:00-05:00,chunked_query,CarterCruise,carter “cool girl” cruise,1984008102925234408
"Sorry for the depressing pet posts.. if you’ve known me the last 18 years of posting you know Winnie. Always been happy theres a lot of people who get to see how cute & sweet she is, the internet is for sharing cat photos after all. Thanks if youve loved her a little bit at all 0x2764 0xFE0F ","{""replies"": 1, ""retweets"": 1, ""quotes"": 0, ""likes"": 267, ""views"": 5475}",2025-10-30 18:07:00-05:00,chunked_query,henemimi,henemimi🎀☁️,1983958919639920843
Solana ecosystem heads will move mountains to signal boost the scummiest scammers on this app but not say my cat website is cute,"{""replies"": 8, ""retweets"": 0, ""quotes"": 0, ""likes"": 21, ""views"": 637}",2025-10-30 16:37:00-05:00,chunked_query,cat_maxxxed,Lucilfer 🍌😼🍎,1983936398857212022
i cant wait for tomorrow!! after school im taking my sister to a cat cafe for her 18th birthday!! maybe ill wear something cute and post a few pics ♡(.◜ω◝.)♡,"{""replies"": 7, ""retweets"": 0, ""quotes"": 0, ""likes"": 29, ""views"": 440}",2025-10-30 16:28:00-05:00,chunked_query,pienxren,ren ⑅ ♡ っ˔ ◟ˆ ꒱੭ﾞ,1983934087317385345
"Good morning! I love women. I don't care why. I refuse to examine my internal logic or the biochemical processes involved in my feelings. I just love women. Cute, hot, cool, fun, smart, funny women...women with cat ears...women without cat ears...women...","{""replies"": 44, ""retweets"": 69, ""quotes"": 8, ""likes"": 981, ""views"": 29291}",2025-10-30 12:46:00-05:00,chunked_query,AkaiRiot,Akai Riot,1983878123285606404
Girls tweets: I saw a flower today and my cat was so cute! I think I will bake today. Boys tweets: failed my math test and that damn Becky rejected me. It’s those fucking Jеws again…,"{""replies"": 5, ""retweets"": 3, ""quotes"": 0, ""likes"": 18, ""views"": 362}",2025-10-30 09:00:00-05:00,chunked_query,lifelessmoid,raife pt 2,1983821215639945582
Happy national cat day to all my cute kittens  0x1F49C ,"{""replies"": 2, ""retweets"": 0, ""quotes"": 0, ""likes"": 29, ""views"": 1257}",2025-10-29 21:50:00-05:00,chunked_query,Cherry01TTV,Cherry,1983652798681288817
Hope they have cute bandaids at the store because I’m going through them like crazy trying give this cat his medicine,"{""replies"": 2, ""retweets"": 0, ""quotes"": 0, ""likes"": 42, ""views"": 550}",2025-10-29 18:43:00-05:00,chunked_query,how_do_i_pdf,k (top 99% on OF),1983605636161269976
CAT UPDATE: I DON'T HAVE A PICTURE BUT SHE GOT IN MY LAP AS I WAS PETTING HER AND CURLED UP AND IT WAS SO CUTE,"{""replies"": 10, ""retweets"": 2, ""quotes"": 0, ""likes"": 90, ""views"": 1640}",2025-10-29 17:28:00-05:00,chunked_query,IDsFantasy,ID's Fantasy,1983586638795268435
the girlies wanted kitty cat shadow and the girlies won. we love girlies who want cute adorable outfits for shadow.,"{""replies"": 6, ""retweets"": 39, ""quotes"": 0, ""likes"": 282, ""views"": 3209}",2025-10-29 13:35:00-05:00,chunked_query,nenemyun,Nene,1983528187280912744
hearing john call berkly “little cat” i’m actually crying it’s so damn cute 0x1F62D  0x1F62D ,"{""replies"": 1, ""retweets"": 4, ""quotes"": 0, ""likes"": 90, ""views"": 2327}",2025-10-29 04:53:00-05:00,chunked_query,shadyladycakes,shay — stick szn🏒✨,1983396795272278091
The thing about the $mask $mask community is that we COULD be chasing other pumps but we decide to hold and dca because we believe in something. We believe in the cute cat wearing a ski mask while playing CSGO. That’s more valuable to me than someone who stares at charts all day. A real memecoin that can appeal to everyone and be successful through the experience not hype. @thecatwifmask @thecatwifmask $mask $mask,"{""replies"": 1, ""retweets"": 6, ""quotes"": 0, ""likes"": 25, ""views"": 303}",2025-10-29 01:38:00-05:00,chunked_query,jonc555,Jon,1983347622510219339
"Men who don't possess basic life skills aren't cute, wdym you eat a can of tuna and water every night for supper, becauseyou don't have a wife to cook? What are you, an alley cat???","{""replies"": 8, ""retweets"": 2, ""quotes"": 4, ""likes"": 31, ""views"": 3482}",2025-10-28 16:44:00-05:00,chunked_query,missesmochi,•◉✿𝓜𝓸𝓬𝓱𝓲 ✿◉• 🧸🤎☕️,1983213387388527085
"anytime I bring up capybaras with people irl the reaction is always the same, “oh yeah they’re great, so chill and cute. always all over my TikTok feed” a lot of dog tokens a lot of cat tokens 1 $capy $capy token few","{""replies"": 8, ""retweets"": 12, ""quotes"": 0, ""likes"": 29, ""views"": 587}",2025-10-28 16:43:00-05:00,chunked_query,bobdotjpg,bob,1983213024560177436
"How many of you have been scammed by x402 project these days? $402CAT is the answer to that problem. No Tech, just cat meme but with 402  0x1F408  SOLID community. Based Dev. Tek is Good. Cat is Cute $402CAT","{""replies"": 1, ""retweets"": 0, ""quotes"": 0, ""likes"": 18, ""views"": 297}",2025-10-28 11:48:00-05:00,chunked_query,Amebin1680,Amebin 🚀,1983138715561275829
In a perfect world Cute Cat & dogs memecoins start pumping hard again Coins associated with viral trends climb above $100M & then to billions in marketcap Pumpfun distributes an airdrop & actually rewards their users People start raiding & shilling their bags again.,"{""replies"": 42, ""retweets"": 9, ""quotes"": 1, ""likes"": 77, ""views"": 9148}",2025-10-28 01:31:00-05:00,chunked_query,W0LF0FCRYPT0,The Wolf Of Crypto Streets,1982983477696885189
"If I ever become a ghost I'm going to haunt theatrical haunted houses and scare the paid talent...but I really just want to come back as a super cute black cat. Treat those black cats nicely, it could be me one day.","{""replies"": 7, ""retweets"": 1, ""quotes"": 0, ""likes"": 21, ""views"": 245}",2025-10-27 18:30:00-05:00,chunked_query,MadOldMoai,MadMoai (tiki) 🗿,1982877526272946523
"while i know jimin is locked in to cook, i hope he's watching cat shorts with nonstop giggles then be fixing his big black framed glasses over his cute button nose to focus on his science videos before knocking out. I miss him so much im crying","{""replies"": 2, ""retweets"": 5, ""quotes"": 1, ""likes"": 30, ""views"": 1063}",2025-10-27 15:56:00-05:00,chunked_query,thejminie,aida,1982838811270025515
currently feeding 3 cat babies who are so cute and im so happy,"{""replies"": 1, ""retweets"": 0, ""quotes"": 0, ""likes"": 16, ""views"": 278}",2025-10-27 15:24:00-05:00,chunked_query,itsmakinyoucry,kay.,1982830879090278443
Ideal life as man: - Russian/asian girlfriend - cute cat - 7 figures portfolio - 305 bench - 2 homies you can trust with your life - retired parents - new country whenever you feel like - a boss man office - enough money to help others whenever you want - being able to max bid @megaeth_labs,"{""replies"": 9, ""retweets"": 10, ""quotes"": 0, ""likes"": 45, ""views"": 1171}",2025-10-27 13:00:00-05:00,chunked_query,OneWifo,W 能 🧑🏽‍🌾,1982794656032129297
"some of my friends said i was hamster-coded, is that true? i always thought i was a cat or something, but hammies are v cute and i use mostly hammy stickers on LINE, so maybe it is true","{""replies"": 5, ""retweets"": 0, ""quotes"": 0, ""likes"": 21, ""views"": 555}",2025-10-26 15:29:00-05:00,chunked_query,LaceLavy,🎧 LAVY ラヴィ 🢒 🦊🔋,1982469746839969792
"oh hi look at me i'm quokka boy of skz i'm so talented and cute and silly and for cat guy's bday i didn't get him a present because we happily live together and we're head over heels for eo and i'm the best present he could ever ask for STFU QUOKKA BOY, WE KNOW.","{""replies"": 3, ""retweets"": 16, ""quotes"": 0, ""likes"": 209, ""views"": 1422}",2025-10-26 14:00:00-05:00,chunked_query,strwbrrpunch,dem🍓 are we doing it?,1982447161305403675
"even though it’s raining today, i had a lovely day running errands in my cute neighborhood and playing video games with my cat on my lap and not checking twitter once and it was honestly healing. touching grass remains so important","{""replies"": 0, ""retweets"": 0, ""quotes"": 0, ""likes"": 32, ""views"": 542}",2025-10-26 00:35:00-05:00,chunked_query,boo_sharpa,sharpa 2.0 🌊,1982244652615962794
"I love turning my friends' ""for you"" pages into nothing but cute cats and cat memes LMAO","{""replies"": 1, ""retweets"": 0, ""quotes"": 0, ""likes"": 25, ""views"": 757}",2025-10-25 22:30:00-05:00,chunked_query,Cherry01TTV,Cherry,1982213225883013558
my biggest flex is having this badge with a cute cat face on it in a world full of prediction markets badges,"{""replies"": 72, ""retweets"": 5, ""quotes"": 0, ""likes"": 230, ""views"": 9496}",2025-10-25 17:09:00-05:00,chunked_query,Toadster69,Toad (MON to $1),1982132371806617672
I like that most DMC bean pics are them being depicted as cute lil guys and I like to depict Vergil bean as my evil cat.,"{""replies"": 2, ""retweets"": 1, ""quotes"": 0, ""likes"": 25, ""views"": 275}",2025-10-24 17:45:00-05:00,chunked_query,noircatchats,𒉭 ᴺᴼᴵᴿ𒉭,1981779198609158530
The fact that my cat has separation anxiety over Sabre is cute until I get 4 hours of sleep because he’s screaming for her  0x1F62D ,"{""replies"": 1, ""retweets"": 0, ""quotes"": 0, ""likes"": 128, ""views"": 2560}",2025-10-24 15:18:00-05:00,chunked_query,veridiscrow,crow ꒰ᐢ. .ᐢ꒱₊˚⊹ ᰔ,1981742187910934644
"Honestly, if OOAK is real and building is true, time for some entrepreneurial ideas around the area. Coffee shops, Pizza Forza franchise, cat cafe, fruit and veggie shakes, cute trinkets for Hyein, milk/tea shops, fries (Potato Corner), bacon bandages...you get it 0x1F601  0x1F60E ","{""replies"": 3, ""retweets"": 20, ""quotes"": 1, ""likes"": 227, ""views"": 3318}",2025-10-24 08:33:00-05:00,chunked_query,shamanjz,Shamanz MHDHH,1981640270069571718
Goldy is running around the house like a maniac in a fit of zoomies while i am on call. It isnt even like cute cat strutting around where people on call ask to see who the pet is. Its like a demon child got out of hell prison somehow & now cant contain itself Innocent face my  0x1F351 ,"{""replies"": 2, ""retweets"": 1, ""quotes"": 0, ""likes"": 19, ""views"": 595}",2025-10-24 04:33:00-05:00,chunked_query,IntriguedJeny,Intriguedजेnny,1981579663882469845
ray with cute little cat ears,"{""replies"": 0, ""retweets"": 5, ""quotes"": 0, ""likes"": 16, ""views"": 155}",2025-10-24 02:07:00-05:00,chunked_query,headdtrauma,spaghetti dog,1981543161400086536
I’m in the season of parenthood where I have to read baby girl a bedtime story about a cat. She likes to point and say “itty”. It’s super cute,"{""replies"": 1, ""retweets"": 0, ""quotes"": 0, ""likes"": 20, ""views"": 480}",2025-10-24 00:06:00-05:00,chunked_query,juju_Dugan18,Julia Dugan,1981512582465986574
ideal life as a man: - brazilian girlfriend - cute cat & dog - 7 figures portfolio - 2/3 homies you can trust with your life - retired your family - travel whenever you feel like it - holds azuki & big pudgy - enough money to help people whenever you want,"{""replies"": 35, ""retweets"": 0, ""quotes"": 1, ""likes"": 74, ""views"": 5987}",2025-10-23 23:48:00-05:00,chunked_query,shotguncaio,shotgun,1981508171555340684
"I went to a cat cafe today and it was amazing! I have many cute photos to share with you!  0x1F497  The hot chocolate was delicious, with lots of yummy sauce!  0x2615 ️","{""replies"": 2, ""retweets"": 7, ""quotes"": 0, ""likes"": 56, ""views"": 2000}",2025-10-23 19:27:00-05:00,chunked_query,leahkitties,Leahkitties 🦋 VTuber | ASMR,1981442280712970419
all the Japanese cat accounts I follow are stupid chuds who fucking love shitty ai videos of their cats. you have your cute kitty. you don’t need ai to have the kitty do some cute shit. why are you so jazzed about some random ai video of your cat.,"{""replies"": 5, ""retweets"": 0, ""quotes"": 0, ""likes"": 50, ""views"": 761}",2025-10-23 18:58:00-05:00,chunked_query,springbris,G*rre,1981435146231230897
why is nobody excited abt the cat bonbon skin it's so cute,"{""replies"": 8, ""retweets"": 3, ""quotes"": 0, ""likes"": 61, ""views"": 845}",2025-10-23 03:45:00-05:00,chunked_query,margieriita,pooty pooty tang tang 2🩰🎅,1981205188485795962
I GOT A CAT HES SO CUTE OH MY GOD  0x1F62D ,"{""replies"": 4, ""retweets"": 0, ""quotes"": 1, ""likes"": 41, ""views"": 1926}",2025-10-23 00:08:00-05:00,chunked_query,AverageRaineFan,Raine | LORD RAS FORTNITE LETS GOOOO,1981150691700908208
Wow crazy cat meme site!!! Oh no’s my cat meme isn’t listed. Should I show dev some cute cat memes to raise awareness or should I harass them (no cute cats included)???? Whichever to choose,"{""replies"": 38, ""retweets"": 4, ""quotes"": 0, ""likes"": 58, ""views"": 1951}",2025-10-22 22:23:00-05:00,chunked_query,cat_maxxxed,Lucilfer 🍌😼🍎,1981124392781566200
"#vss365 #vss365 Cruel truth They eat cat's food from a #saucer #saucer From cats they used to play with. Hundreds of pics. Dressed in silly clothes and edited. Million of likes A looking cute contest. Proof of love After the #atom #atom -bomb they steal their animals tins, before they kill them.","{""replies"": 0, ""retweets"": 1, ""quotes"": 0, ""likes"": 21, ""views"": 192}",2025-10-22 20:55:00-05:00,chunked_query,Nameme16697753,Sandra,1981102194871898145
"eating 5 figs today never thought id get to this point in life, but im starting to realize i need more fuel before my workouts instead of doing them fasted sleep was solid last night too, but cat woke me up a few times he cute though","{""replies"": 70, ""retweets"": 3, ""quotes"": 0, ""likes"": 162, ""views"": 6768}",2025-10-22 16:09:00-05:00,chunked_query,MINHxDYNASTY,۟,1981030055565300063
"Just figured my cat is a girl, we’ve been calling her Clyde the whole time  0x1F923  Make una give me cute girl name abeg  0x1F602  0x1F602 ","{""replies"": 25, ""retweets"": 1, ""quotes"": 4, ""likes"": 56, ""views"": 43885}",2025-10-22 10:13:00-05:00,chunked_query,HassanSZNN,🍀,1980940619846721797
i never thought i’d say “good boyyyyy” so often but my cat is so cute só,"{""replies"": 2, ""retweets"": 0, ""quotes"": 0, ""likes"": 36, ""views"": 827}",2025-10-21 23:41:00-05:00,chunked_query,cistem_offendaa,naomi 🔆,1980781437503901941
Ideal life as man: - Russian/asian girlfriend - cute cat - 7 figures portfolio - 305 bench - 2 homies you can trust with your life - retired parents - new country whenever you feel like - a boss man office - enough money to help others whenever you want,"{""replies"": 63, ""retweets"": 21, ""quotes"": 3, ""likes"": 444, ""views"": 19868}",2025-10-21 19:55:00-05:00,chunked_query,OnlyLJC,LJC,1980724641644872087
"they ruined gothic cat mercy with the white accents, could've been cute if they stuck with the black :/","{""replies"": 0, ""retweets"": 0, ""quotes"": 0, ""likes"": 15, ""views"": 515}",2025-10-21 18:50:00-05:00,chunked_query,amilithe,⛧𝔡𝔬𝔩𝔩𝔣𝔞𝔠𝔢⛧,1980708259360305261
posting a cute picture of my cat at two thousand followers,"{""replies"": 0, ""retweets"": 0, ""quotes"": 0, ""likes"": 10, ""views"": 196}",2025-10-21 15:56:00-05:00,chunked_query,rose_jlab,Rose,1980664434508054765
ideal life as a man: - european/asian girlfriend - cute cat - 7 figures portfolio - 225 bench (or more) - 3/4 homies you can trust with ur life - retired your mom and dad - new country whenever you feel like it - 90’s music playlist - enough money to help people whenever you want,"{""replies"": 254, ""retweets"": 26, ""quotes"": 14, ""likes"": 789, ""views"": 60498}",2025-10-21 15:34:00-05:00,chunked_query,loshmi,Loshmi,1980659058538418485
An extremely cute and perfect thing is the way a little cat will lean up into your hand if you place it gently by them,"{""replies"": 1, ""retweets"": 0, ""quotes"": 0, ""likes"": 15, ""views"": 222}",2025-10-21 12:20:00-05:00,chunked_query,lemontreewords,🍋 anotherlemontree 🍋,1980610217143386323
"A random cat came in my house today and I’m in love. It has extra toes, is missing part of its ear and was rolling around all cute and I didn’t want to encourage it but omg I had to pet it. It was sooo cute. Now I need another cat. (That one is obvs someone else’s.)","{""replies"": 3, ""retweets"": 0, ""quotes"": 1, ""likes"": 20, ""views"": 713}",2025-10-21 03:13:00-05:00,chunked_query,sf_mills,Emily Mills,1980472557108351348
I wish I could be reincarnated as someone’s beloved pet cat so I can spend my whole life being pampered and loved unconditionally and be put in cute cat costumes and be given treats all the time,"{""replies"": 3, ""retweets"": 0, ""quotes"": 0, ""likes"": 24, ""views"": 551}",2025-10-21 01:59:00-05:00,chunked_query,myrmecophagouss,sila bug🔆,1980453909023060051
Why do big cat accounts post so much abuse. Like yeah these big cats are cute but as someone who supposedly loves them why is almost every post depicting them in horrible situations. They shouldn’t be in peoples homes or cars or on leashes. They are wild animals no?,"{""replies"": 4, ""retweets"": 1, ""quotes"": 0, ""likes"": 27, ""views"": 689}",2025-10-20 22:38:00-05:00,chunked_query,yeahsoapy,Orion 👻,1980403198247727146
thinking about that cat that came up to me and rubbed it self against me today :(( so cute omg,"{""replies"": 0, ""retweets"": 0, ""quotes"": 0, ""likes"": 22, ""views"": 832}",2025-10-20 19:57:00-05:00,chunked_query,zanxnyz,ny!! ᯓ★,1980362866567049678
i miss when my cat was tiny and cute now she eats 9000 calories a day and looks at me like i'm starving her,"{""replies"": 6, ""retweets"": 0, ""quotes"": 0, ""likes"": 31, ""views"": 746}",2025-10-20 17:34:00-05:00,chunked_query,sonicbuni,ludbud,1980326795502317856
"Whenever I take my cat to the vet, word gets around that there’s a really cute cat and everybody in the building comes in to the exam room to fawn over him","{""replies"": 9, ""retweets"": 1, ""quotes"": 0, ""likes"": 162, ""views"": 6491}",2025-10-20 16:41:00-05:00,chunked_query,tonyhawktruther,❥ 𝑪𝒐𝒇𝒇𝒆𝒆 𝑳𝒐𝒗𝒆𝒓𝒔 𝒂𝒏𝒅 𝑭𝒂𝒏𝒔 ❥,1980313496593334351
Harrys british accent is so cute it makes me want to tickle his belly like a cat,"{""replies"": 1, ""retweets"": 3, ""quotes"": 0, ""likes"": 24, ""views"": 610}",2025-10-20 14:35:00-05:00,chunked_query,saepottar,🌜Grace🌛,1980281710333092267
"little cat big rawr reminds me of how meme coins use to be… dope art, cute animal and community the perfect pve right now for the trenches send 7bQKAMxamCoLxhscYXYu7tkEbgSLdMrJrktTdZq8pump","{""replies"": 40, ""retweets"": 11, ""quotes"": 0, ""likes"": 94, ""views"": 3826}",2025-10-20 09:43:00-05:00,chunked_query,Paradotsol,PARA 🧩,1980208225644642623
Lets send the little cat  0x1F63A  Imagine a cute little cat running whole TRENCHES 7bQKAMxamCoLxhscYXYu7tkEbgSLdMrJrktTdZq8pump Thanks for your contribution in trenches Let's we keep creating more arts Thanks for supporting a bagworker @Soloxbt @Soloxbt @0GAntD @0GAntD @XScharo @XScharo @flipski77 @flipski77,"{""replies"": 13, ""retweets"": 9, ""quotes"": 0, ""likes"": 60, ""views"": 1804}",2025-10-20 04:26:00-05:00,chunked_query,Paradotsol,PARA 🧩,1980128341467578752
if u think a cat is still cute with a tummy pooch u should feel the same way about yourself  0x1FAF6 ,"{""replies"": 4, ""retweets"": 1, ""quotes"": 0, ""likes"": 137, ""views"": 4289}",2025-10-19 17:52:00-05:00,chunked_query,ditzieangel,clover🪽💤,1979968798317818220
i'm gonna watch cute cat videos if no one minds,"{""replies"": 4, ""retweets"": 1, ""quotes"": 0, ""likes"": 29, ""views"": 824}",2025-10-19 14:03:00-05:00,chunked_query,shiningdaisies,hera,1979911274268872719
"sinclair turning the tables and catching ryoshu off guard by treating her like a cute cat. squishing her cheeks, booping her nose, etc and she just stares at him wide eyed, typical cat fashion","{""replies"": 3, ""retweets"": 6, ""quotes"": 0, ""likes"": 74, ""views"": 1268}",2025-10-19 10:00:00-05:00,chunked_query,Mellowkotto,PC,1979850156133810546
So yeah I was hoping to be very productive today but my cat decided to be cute and blew up those plans by being too cuddly to ignore sigh Maybe I’ll make some beef noodle soup for dinner.,"{""replies"": 1, ""retweets"": 0, ""quotes"": 0, ""likes"": 30, ""views"": 2552}",2025-10-19 01:22:00-05:00,chunked_query,gonglei89,Lei Gong,1979719747135742453
Sometimes it’s so quiet you can hear a cat fart. We did. Luna. Who tried to divert our attention to her noxious fume by being cute.  0x1F922  0x1F92E ,"{""replies"": 2, ""retweets"": 0, ""quotes"": 0, ""likes"": 28, ""views"": 232}",2025-10-19 00:36:00-05:00,chunked_query,de32344,RatFinky,1979708143568633889
kacchan so orange cat hes so fluffy and cute but also sassy and insane,"{""replies"": 1, ""retweets"": 22, ""quotes"": 0, ""likes"": 179, ""views"": 1717}",2025-10-18 14:02:00-05:00,chunked_query,prettyboykats,zeein kacchanholic,1979548766362562983
Crying over how cute my cat is … what’s new,"{""replies"": 0, ""retweets"": 0, ""quotes"": 0, ""likes"": 22, ""views"": 241}",2025-10-18 04:19:00-05:00,chunked_query,too0ldcat,☾,1979401953160348014
My TL goes from cute hamster postings to yaoi cat boys to hot egirls to hot egirls doing meth to cute deer pix.. no complaints,"{""replies"": 6, ""retweets"": 0, ""quotes"": 0, ""likes"": 59, ""views"": 4518}",2025-10-17 15:50:00-05:00,chunked_query,weeniestwee,deet,1979213326883131573
Yes midnight it is I was thinking of names for my pet cat imma go with midnight that’s fye and cute,"{""replies"": 110, ""retweets"": 55, ""quotes"": 63, ""likes"": 1795, ""views"": 77139}",2025-10-17 03:09:00-05:00,chunked_query,Ganger4eva,WORST TAPE,1979021931073372630
fuck you i have a cute and perfect cat,"{""replies"": 0, ""retweets"": 1, ""quotes"": 0, ""likes"": 18, ""views"": 606}",2025-10-17 03:00:00-05:00,chunked_query,e___sterling,emma,1979019600026059021
"dating me is like adopting a cat , i need lots of love and care and attention , i need to curl up next to you and i need you to pet me and tell me i’m cute ♡","{""replies"": 1, ""retweets"": 302, ""quotes"": 17, ""likes"": 937, ""views"": 52227}",2025-10-17 02:05:00-05:00,chunked_query,O3_______O3,Aria,1979005748362305556
"i got a super cute cat sweater, comfy gaming pokemon over the weekend :3","{""replies"": 4, ""retweets"": 0, ""quotes"": 0, ""likes"": 32, ""views"": 501}",2025-10-16 18:00:00-05:00,chunked_query,ikudere,ally !! ☆ 🌙 🦋,1978883686880727220
A couple with amnesia who send each other the same cute cat pictures over and over again.,"{""replies"": 6, ""retweets"": 6, ""quotes"": 1, ""likes"": 115, ""views"": 1874}",2025-10-16 09:22:00-05:00,chunked_query,polinaTrrr,Polina,1978753341309022566
guys i lowkey don’t care what jaehyun is…he can be. a cat and a puppy both are cute  0x2764 0xFE0F  0x2764 0xFE0F  i Jst lean towards cat jaehyun more,"{""replies"": 1, ""retweets"": 2, ""quotes"": 0, ""likes"": 18, ""views"": 661}",2025-10-16 06:30:00-05:00,chunked_query,staruyh,kittyjae,1978710227437449234
this is my cartoon pitch youngest brother: aw yeah high score video games! middle sister: funny and CUTE cat videos on the internet! oldest brother: aw yeah video games and EPIC FAIL VIDEOS ON THE INTERNET! dad: mom:,"{""replies"": 4, ""retweets"": 2, ""quotes"": 0, ""likes"": 65, ""views"": 1596}",2025-10-16 04:52:00-05:00,chunked_query,OdinSillyDoodle,Odin!!!,1978685559842255149
"met my downstairs neighbor the other day and asked if i was ever too noisy and she said ""do you have a cat?"" and i said yes and she smiled and said ""sometimes i can hear him running around in the middle of the night but the sound of his little feet is cute""","{""replies"": 1, ""retweets"": 1, ""quotes"": 0, ""likes"": 18, ""views"": 287}",2025-10-15 22:49:00-05:00,chunked_query,abernothing,LN,1978594171679015155
"Lmfaoooooooo! Cat Matlala is one of the most dangerous people I’ve ever heard of, kanti he and Calvin Rafadi are exchanging cute Teletubby gifs with tutus???","{""replies"": 4, ""retweets"": 24, ""quotes"": 3, ""likes"": 138, ""views"": 6994}",2025-10-15 20:23:00-05:00,chunked_query,SiyabongaNYZ,Siyabonga,1978557444004434308
love it when my cat meows and yawns at the same time. very cute,"{""replies"": 0, ""retweets"": 0, ""quotes"": 0, ""likes"": 13, ""views"": 240}",2025-10-15 11:05:00-05:00,chunked_query,tanylake,not today satan,1978416901840605658
My hobbies include dancing and sewing and crafting and kissing my cat on his cute lil head and grabbing my cats fatass body and squeezing my cat and biting my cat and disturbing my cat when he’s sleeping really peaceful and playing with my cat when he has zoomies,"{""replies"": 2, ""retweets"": 0, ""quotes"": 0, ""likes"": 19, ""views"": 248}",2025-10-15 03:20:00-05:00,chunked_query,RichUnicornGlue,frabk leros human rat⋆. 𐙚 is seeing mcr!,1978299795929174212
I love cat twitter because I can post something like “Kitty overthrew the government today and now we all live under her authoritarian regime” and everyone would be like “aww she’s so cute!!”,"{""replies"": 3, ""retweets"": 1, ""quotes"": 0, ""likes"": 37, ""views"": 323}",2025-10-14 22:23:00-05:00,chunked_query,meowmeow64736,meow,1978225212450537735
why must jimin the biggest cat lover has to be allergic to cats?  0x1F62D  him getting a pet cat would have been so cute and healing to see  0x1F979 ,"{""replies"": 0, ""retweets"": 1, ""quotes"": 0, ""likes"": 38, ""views"": 1422}",2025-10-14 18:05:00-05:00,chunked_query,gajaaegiyagaja,☺️💐 shira.,1978160282485793007
idk if people would even get it!!!! I love cats and cat owners know that men who love cats or find them cute are literally green forests  0x1F62D  GOSH I LOVE HIM,"{""replies"": 3, ""retweets"": 22, ""quotes"": 0, ""likes"": 472, ""views"": 12994}",2025-10-14 18:01:00-05:00,chunked_query,eternalhyyh,💙 ᴮᴱ바다⁷ 💐 (SLOW) 💙,1978159124773769439
"it's 3 am in sk and jimin is in his bed watching cat shorts taking a ss, sharing it on his ig and commenting on his own story as always like isn't it so endearing how cute things always bring us a jimin update god he makes me tear up i love him","{""replies"": 1, ""retweets"": 31, ""quotes"": 0, ""likes"": 310, ""views"": 3639}",2025-10-14 17:48:00-05:00,chunked_query,thejminie,aida,1978156026537853379
HOLD TIGHT!! SOON the candle will be GREENLY GODLY  0x1F525  0x1F525  0x1F525 . $WKC $WKC survived 2023/2024 bear season. The cute cat has 10 billion lives  0x1F680  0x1F680  0x1F680  0x1F680  0x1F680  0x1F680  WE are eating Good soon. Add $CREPE $CREPE too.  0x2705 ,"{""replies"": 7, ""retweets"": 29, ""quotes"": 0, ""likes"": 225, ""views"": 4403}",2025-10-14 16:37:00-05:00,chunked_query,mercybilliion,WHALE 🐳,1978138225114845415
who wants to go to a cat cafe with me? hmu if ur cute hihi :3,"{""replies"": 12, ""retweets"": 0, ""quotes"": 0, ""likes"": 166, ""views"": 45469}",2025-10-14 02:11:00-05:00,chunked_query,petitemommyyy,宝贝 ʚ♡ɞ˚‧｡⋆,1977920112016462074
eigamu at its core to me is yugamu being endeared to eito like he is his cute pet cat that hates him while eito is greatly disturbed by how he cant get a good enough read on him to make him genuinely fuck off even though he doesnt actually want him to fuck off. its complicated.,"{""replies"": 2, ""retweets"": 25, ""quotes"": 0, ""likes"": 163, ""views"": 2723}",2025-10-13 23:33:00-05:00,chunked_query,yaoisweep,beguiling strumpet,1977880307110973592
"My mom saw a photo of Petrokats and asked, quote, ""Whose cute kitties are these?"" The hardest question she ever asked me in my entire life. 0x1F62D  She's not a cat lover at all, but these two charmed even her","{""replies"": 3, ""retweets"": 0, ""quotes"": 0, ""likes"": 13, ""views"": 278}",2025-10-13 16:32:00-05:00,chunked_query,AngrySannn,.:◊:. Sann .:◊:.,1977774447546249662
"I love to draw mydeichan when he's frown, absolutely cute af he's so cat  0x1F63E ","{""replies"": 1, ""retweets"": 4, ""quotes"": 0, ""likes"": 100, ""views"": 27095}",2025-10-13 13:30:00-05:00,chunked_query,PorlarisArt,Porlaris✨,1977728703674105954
i kind of want to get those big cat paw mittens things they are cute,"{""replies"": 9, ""retweets"": 0, ""quotes"": 0, ""likes"": 44, ""views"": 1056}",2025-10-13 04:05:00-05:00,chunked_query,ikudere,ally !! ☆ 🌙 🦋,1977586575677805012
looked at my cat for too long and started crying because he’s so cute,"{""replies"": 2, ""retweets"": 0, ""quotes"": 0, ""likes"": 17, ""views"": 303}",2025-10-13 03:24:00-05:00,chunked_query,imnotbritishhh3,chloe 🐅,1977576163804582183
"This trip, I received so much kindness from Thai people  0x1F979  While I was waiting for a car at the corner, a girl came up and asked if I needed help. At the hotel, a lady said the black cat on my backpack was cute and wished me a nice day. When it started raining hard and the road was flooded, the restaurant owner gave me a little stool to cross the street so my shoes wouldn’t get wet  0x1F979  every little thing made me feel so lucky.","{""replies"": 1, ""retweets"": 29, ""quotes"": 0, ""likes"": 130, ""views"": 3994}",2025-10-13 00:07:00-05:00,chunked_query,inevan,𝙞𝙣𝙚𝙫𝙖𝙣 ‹𝘴𝘵𝘢𝘺›,1977526509922595180
"My cat returns from her morning stroll each day, meowing like crazy until she's given food. Then it's nap time, eat, repeat! Perhaps she hunts geckos or butterflies, and yes she leaves dead mice as gifts at the doorstep which I get to clean up! But she's cute, so okay!  0x1F408  0x1FAF6 0x1F3FB ","{""replies"": 6, ""retweets"": 0, ""quotes"": 0, ""likes"": 12, ""views"": 370}",2025-10-12 05:37:00-05:00,chunked_query,catsepsut,filter kaapi aficionada 𓆃,1977247211957473710
" 0x1F64F Thank you, Western Carolina fans ... You have successfully helped wipe our X feed of all sorts of political crap (OK, and cute dog and cat videos) thanks to your pride in your Catamounts (and disdain for that other purple team). Big win today!","{""replies"": 1, ""retweets"": 4, ""quotes"": 0, ""likes"": 16, ""views"": 949}",2025-10-12 02:23:00-05:00,chunked_query,NCFootballNews,NC Football News,1977198445183353105
One of the worst things about following cute cat accounts is when they suddenly disappear for a while… and then come back just to say their cat is sick or has passed away Right in the heart  0x1F614  0x1F62D ,"{""replies"": 7, ""retweets"": 22, ""quotes"": 2, ""likes"": 131, ""views"": 11430}",2025-10-12 01:10:00-05:00,chunked_query,ezash,Eza Hazami - ハザミ。エザ,1977180036072603824
"i love the fact that John was a cat person, its really cute","{""replies"": 0, ""retweets"": 5, ""quotes"": 0, ""likes"": 32, ""views"": 322}",2025-10-11 20:44:00-05:00,chunked_query,lenn0npie,Beea°•🐝☆,1977113024050684258
"There is a very cute female black cat I come across often in my neighbourhood travels. She always rushes to greet me when I pass through and is very vocal. She also doesn't meow but instead honks like a tiny horn. It's very endearing. Honestly, a highlight of each stroll.","{""replies"": 2, ""retweets"": 0, ""quotes"": 0, ""likes"": 31, ""views"": 316}",2025-10-11 20:06:00-05:00,chunked_query,park_giraffic,Giraffic Park,1977103557448155639
If some of you guys get this mad over Alexandra posting on Instagram you would hate the post I have on my own page of just a cute cat I met once,"{""replies"": 0, ""retweets"": 0, ""quotes"": 0, ""likes"": 24, ""views"": 220}",2025-10-11 19:15:00-05:00,chunked_query,floratrine,☙floratrine❧,1977090732096995396
"Cat!Lan Wangji (maine coon) being a cat!Wei Ying (sphynx) a personal heater  0x263A 0xFE0F  kittyxian is a nakey babie, Yanli knits him cute sweaters and buys kitty outfits, Kittyxian loves them of course, but the feeling of sinking into Catji long fluffy and warm fur is just irreplaceable  0x1F97A ","{""replies"": 0, ""retweets"": 44, ""quotes"": 1, ""likes"": 426, ""views"": 4978}",2025-10-11 18:52:00-05:00,chunked_query,_Bnuuy_bun,Bun ☁️,1977084832149913911
"My cute lil cat is sad, she's missing my mother. 0x1F979  0x2764 0xFE0F ","{""replies"": 5, ""retweets"": 0, ""quotes"": 0, ""likes"": 22, ""views"": 402}",2025-10-11 17:57:00-05:00,chunked_query,Bakhtyyyyy,Bakhtawar Asghar,1977071073582854455
As I have returned to my roots as a Zcash maxi I firmly believe that there is little upside in the meme trade. Virtually all of them are going to fuckin zero buddy boy. there will be exceptions and that is @artsch00lreject @artsch00lreject and the cute cat coin people on god they will win,"{""replies"": 9, ""retweets"": 4, ""quotes"": 1, ""likes"": 57, ""views"": 16597}",2025-10-11 17:51:00-05:00,chunked_query,Spiderheard,Seb 4.0 🛡️,1977069614019609032
Im reading up what banner rituals ppl hv done for AS rerun on xhs and im gonna list them here: 1. Pull while being naked on the bed during late noon 2. Sleep naked and pull the next morning 3. Wearing red coloured earrings 4. Bring a cat to sit with you 5. Dress up and look cute,"{""replies"": 7, ""retweets"": 3, ""quotes"": 2, ""likes"": 20, ""views"": 1267}",2025-10-11 17:24:00-05:00,chunked_query,kiwisorbeet,kirin 🥝🦎🐉 syvember 🩷,1977062793540255810
talking to my cat before i go to work like i wish i could just be with u all day and stare at your cute cat face and never interact with another human again,"{""replies"": 1, ""retweets"": 7, ""quotes"": 1, ""likes"": 117, ""views"": 2640}",2025-10-10 14:58:00-05:00,chunked_query,arcanecovet,✽tink✽ (fun police),1976663516942872596
kangmin actually treated anxin like a cat the way he was touching his hair and face is so cute,"{""replies"": 1, ""retweets"": 12, ""quotes"": 0, ""likes"": 158, ""views"": 1949}",2025-10-10 12:20:00-05:00,chunked_query,axsoloist,َ,1976623758317408566
First said he found a cute orange cat he might adopt being close with khaotung isn’t enough he will buy everything which reminds him of khaotung when he's not around  0x1F62D ,"{""replies"": 0, ""retweets"": 7, ""quotes"": 0, ""likes"": 112, ""views"": 1524}",2025-10-10 11:47:00-05:00,chunked_query,anddyyy01,meowdy,1976615615994662952
"BnB memes can be saved if they realize 哈基米 (Hajimi Cat) and list it aggressively on Binance Alpha, Aster, Binance Futures. This meme is globally viral - and super cute. Also have one of the strongest charts for the last couple of days.","{""replies"": 135, ""retweets"": 45, ""quotes"": 3, ""likes"": 358, ""views"": 51614}",2025-10-10 09:51:00-05:00,chunked_query,sibeleth,Sibel,1976586437207417046
"why slide into dm's with just ""hey""? at least send a cute cat pic or smtg. how tf should i respond to hey  0x1F611  that word already makes me feel like the conversations gonna be dry af","{""replies"": 2, ""retweets"": 0, ""quotes"": 1, ""likes"": 21, ""views"": 864}",2025-10-10 06:48:00-05:00,chunked_query,usedipodclassic,ice cream sandwich 🇵🇸,1976540357312856498
subway surfers on stream but instead its just the cute cat video of the day.,"{""replies"": 12, ""retweets"": 7, ""quotes"": 0, ""likes"": 375, ""views"": 8191}",2025-10-09 01:54:00-05:00,chunked_query,EepySleepyCh,Eepy Sleepy 🐸💤 Phase Connect,1976103871748636948
If Sully was a female cat all of you would be like aww she's so cute we gotta kill Chimpfone and free poor Sully from his clutches. Now everyone is like Chimpfone and Sully are both gay and retarded fuck them both. Gender discrimination much? #MenToo #MenToo #Equality #Equality #KillChimpfone #KillChimpfone,"{""replies"": 3, ""retweets"": 0, ""quotes"": 0, ""likes"": 31, ""views"": 1518}",2025-10-08 15:09:00-05:00,chunked_query,HedgeLordCrypto,The Gobbler,1975941716571037969
Packing is so evil when you have a cute cat that loves you,"{""replies"": 0, ""retweets"": 0, ""quotes"": 0, ""likes"": 17, ""views"": 387}",2025-10-08 13:50:00-05:00,chunked_query,discokonomi,ranger danger,1975921776031875273
"cute as a bunny , sleepy like a cat ♡","{""replies"": 0, ""retweets"": 9, ""quotes"": 0, ""likes"": 18, ""views"": 2340}",2025-10-08 03:20:00-05:00,chunked_query,O3_______O3,Aria,1975763133160632375
Kenma wears cat ears for the first time during one of his streams and Kuroo gets home from work midway through it and walks in on Kenma with cat ears on making a cute pouty face to the camera. Kuroo discovered something about himself that day.,"{""replies"": 2, ""retweets"": 76, ""quotes"": 0, ""likes"": 1670, ""views"": 13775}",2025-10-07 23:27:00-05:00,chunked_query,EatMyNagitoes,kenma 🐱 enthusiast,1975704619255758903
Calling my cat the c word (cute),"{""replies"": 0, ""retweets"": 1, ""quotes"": 0, ""likes"": 28, ""views"": 660}",2025-10-07 22:20:00-05:00,chunked_query,sandwichlover7,sarah,1975687623474880757
"#kurotsukki #kurotsukki tsukki has this this ridiculous, feral kind of cute aggression whenever he sees his cat hybrid boyfriend in his fluffy little cat form","{""replies"": 1, ""retweets"": 20, ""quotes"": 0, ""likes"": 164, ""views"": 2120}",2025-10-07 16:55:00-05:00,chunked_query,kelincikei,caa🐰,1975605895381086687
Oh my God i love my cat so bad i miss that cute silly ass bitch,"{""replies"": 0, ""retweets"": 1, ""quotes"": 1, ""likes"": 19, ""views"": 610}",2025-10-06 23:01:00-05:00,chunked_query,limizms,limz,1975335661285892146
i’m the happiest girl in the world. concert season. new taylor swift pop album. head over heels in love and obsessed with my boyfriend. cute little cat. i love my life.,"{""replies"": 1, ""retweets"": 0, ""quotes"": 0, ""likes"": 23, ""views"": 1158}",2025-10-06 17:17:00-05:00,chunked_query,penthouseheart,mirrorball ❤️‍🔥,1975249110903960047
the sad thing about adding lore to your characters is that it often gets overshadowed by the character itself. e.g. people would look at a cute art of cat furry without any idea of it's crazy ass backstory. but hey putting such detail is always my favorite thing to do  0x1F60C ,"{""replies"": 6, ""retweets"": 7, ""quotes"": 0, ""likes"": 107, ""views"": 1950}",2025-10-06 12:58:00-05:00,chunked_query,artyfiber,⛶⛶⛶⛶⛶⛶⛶⛶⛶⛶⛶⛶⛶⛶⛶⛶⛶⛶⛶⛶⛶⛶⛶⛶⛶⛶⛶⛶⛶⛶⛶⛶⛶⛶⛶⛶⛶⛶⛶⛶⛶⛶⛶⛶⛶a⛶⛶⛶⛶,1975184005369905382
The amount of people making light of obese cats and calling them cute is really infuriating... it's literal animal abuse; this is killing your cat,"{""replies"": 2, ""retweets"": 0, ""quotes"": 0, ""likes"": 20, ""views"": 516}",2025-10-05 17:06:00-05:00,chunked_query,sassenspegel,⋆⠢lux ♡,1974884024087871795
I vision it! Cat wif fish it’s 200m views 20m likes and then it go millions What I don’t understand is that we can send random animals with no sort of viral trend behind them But we still send them because they are “Cute” it’s time for a change send the meme cat wif fish $cwf $cwf,"{""replies"": 5, ""retweets"": 2, ""quotes"": 0, ""likes"": 14, ""views"": 395}",2025-10-05 17:03:00-05:00,chunked_query,Godbagwork,Bag worker,1974883151429423463
Was in my room & mom called me out saying someone's here to see you and i got scared k Hain?? Who's there to see me?? And then i went outside feeling a bit hesitant BUT IT WAS THAT WHITE CAT WAITING OUTSIDE FOR ME AND SHE LOOKED SO CUTE AND SWEET LITERALLY CAME STRAIGHT TO ME  0x1F979 ,"{""replies"": 1, ""retweets"": 0, ""quotes"": 1, ""likes"": 17, ""views"": 550}",2025-10-05 13:46:00-05:00,chunked_query,taebhaalu,Yesh⁷🌼,1974833492195459472
IM AT MY SISTERS HOUSE AND I HAVENT SEEN HER IN 4 YEARS AND SHE HAS A CAT NOW AND SHES SO CUTE,"{""replies"": 2, ""retweets"": 0, ""quotes"": 0, ""likes"": 19, ""views"": 320}",2025-10-04 14:18:00-05:00,chunked_query,AceK3chi,Ace☆彡 🥞☕️,1974479149663420773
"just went through someone’s profile and liked about every single post of this persons cute cat, I love it here","{""replies"": 1, ""retweets"": 0, ""quotes"": 0, ""likes"": 25, ""views"": 310}",2025-10-04 05:52:00-05:00,chunked_query,themaidendeath,m. ♱ |,1974351915501957309
Y'all I just love kritters .. a little juvenile possum came up to one of the cat bowls while I was standing there and finished what was left .. then realized I was there and just scooted off quickly!! Omg so stinking cute  0x1F970  #OPLive #OPLive,"{""replies"": 3, ""retweets"": 1, ""quotes"": 0, ""likes"": 21, ""views"": 317}",2025-10-04 00:30:00-05:00,chunked_query,Momma_JJ,Julie aka Call Mee Mee,1974270798404718675
Went to a cat cafe today and it was soooo cute  0x1F979  0x1F979  0x2665 0xFE0F ,"{""replies"": 1, ""retweets"": 0, ""quotes"": 0, ""likes"": 25, ""views"": 1365}",2025-10-03 23:32:00-05:00,chunked_query,shawtyalilsalty,🧂.,1974256267028725932
"I have friends, I have a job, I have a cute cat, and I can bake anything I want. My life will be ok.","{""replies"": 3, ""retweets"": 0, ""quotes"": 0, ""likes"": 41, ""views"": 523}",2025-10-03 22:17:00-05:00,chunked_query,SinclairMonaco,Cal,1974237298637070429
"candidates who i’d want for commissioner: -me (pro-union, also won’t insult players) -candace parker (experienced business woman) -lisa leslie (also experienced business woman) -my cat (cute) -cheryl miller (vibes, also part time owner of a development league)","{""replies"": 2, ""retweets"": 0, ""quotes"": 0, ""likes"": 16, ""views"": 669}",2025-10-02 20:00:00-05:00,chunked_query,fromhalfcourt_,commissioner ella 😌,1973840467822588049
i would much rather own a Hypurr over a patek phillipe as it is an appreciating longterm asset and also ultrasound money and a cute cat,"{""replies"": 10, ""retweets"": 1, ""quotes"": 0, ""likes"": 28, ""views"": 1224}",2025-10-02 13:46:00-05:00,chunked_query,_imhamzah,hamzah,1973746288576680026
If I were a furry I'd like to pretend I'm a cat and I want to be pet and do biscuits on people and wag my cute tail but I'm not all abt that #thuglife #thuglife,"{""replies"": 4, ""retweets"": 9, ""quotes"": 0, ""likes"": 34, ""views"": 874}",2025-10-02 05:52:00-05:00,chunked_query,raveratz,ghost 💜🐾,1973627064038334557
"I thought it was cute when my cat learned object permanence as a kitten. Now, she's lost a toy in a place neither of us can reach, and she's been howling about it all morning.","{""replies"": 2, ""retweets"": 0, ""quotes"": 0, ""likes"": 11, ""views"": 195}",2025-09-30 15:12:00-05:00,chunked_query,guerrero_ramey,Thistle Ramey (R. Ramey Guerrero),1973043236961939910
"saw a very very cute cat in my neighborhood, i think it’s a stray one. waved to it and it kept staring at me, idk if this could be the start of something but I’d like to be friends w him. I’ll keep y’all updated on any new developments on this.","{""replies"": 53, ""retweets"": 1, ""quotes"": 0, ""likes"": 133, ""views"": 4112}",2025-09-29 22:33:00-05:00,chunked_query,zayn4pf,zayn,1972791761752948927
Not my Dad sending me cute cat and doll pics saying it's u to make me feel better.. 0x2764 0xFE0F 0x200D 0x1FA79 ,"{""replies"": 2, ""retweets"": 0, ""quotes"": 0, ""likes"": 14, ""views"": 228}",2025-09-29 16:44:00-05:00,chunked_query,Februraree,February,1972703948042805288
cute cat jpegs are so much cooler than ugly monkey jpegs thats the thesis,"{""replies"": 2, ""retweets"": 0, ""quotes"": 0, ""likes"": 16, ""views"": 514}",2025-09-29 01:48:00-05:00,chunked_query,GBMilady,Kirtaner / Milady Maker for 💞Game Boy!!💫,1972478521395298452
you’ll see a cute picture of a cat and the username will be some shit like dollprincesspussymilk,"{""replies"": 1, ""retweets"": 4, ""quotes"": 1, ""likes"": 83, ""views"": 2920}",2025-09-28 23:23:00-05:00,chunked_query,mimikyuou,mimi,1972442131911659865
why do we have that instinct to squeeze things that r cute . i want to hug my cat so hard he bursts but hes little baby so ik i must be gentle but still the urge . is . there .,"{""replies"": 3, ""retweets"": 0, ""quotes"": 0, ""likes"": 10, ""views"": 346}",2025-09-28 21:12:00-05:00,chunked_query,PrincessPastry_,Beans ☥,1972409091449651398
"looking at liyu's instagram, i cant believe he is the same person who had cat ears and acting cute with his planet cards ...","{""replies"": 2, ""retweets"": 101, ""quotes"": 11, ""likes"": 722, ""views"": 8588}",2025-09-28 18:04:00-05:00,chunked_query,liyuwenism,mei ☆,1972361710557384820
"Big cute cats and cute animals back Bid this super cute cat , Big floppa the caracal with owner onboard . ca:7EuGqmAg1cCSexqRMx8XwxMkfHLhXKL56ZFnmZV8pump $FLOPPA $FLOPPA","{""replies"": 0, ""retweets"": 1, ""quotes"": 0, ""likes"": 11, ""views"": 141}",2025-09-28 12:21:00-05:00,chunked_query,mavennnnnnnn,Maven,1972275527936557250
When you start to think a man cute but your curiosity kills your cat when you take a peek through his following list,"{""replies"": 0, ""retweets"": 0, ""quotes"": 0, ""likes"": 16, ""views"": 583}",2025-09-27 22:42:00-05:00,chunked_query,halfsassenach,Scamp,1972069279802839172
I came down with smoker’s flu today super quickly while I was at work so that’s just the cherry on top of a miserable week  0x1F974  I’m feeling absolutely terrible so pls cheer me up by sending me ur cute cat pics  0x1FA77 ,"{""replies"": 16, ""retweets"": 1, ""quotes"": 0, ""likes"": 105, ""views"": 9084}",2025-09-27 03:50:00-05:00,chunked_query,FeliciaVox,YEOSHIN,1971784603041202549
"Hey everybody! I’m going to post a cute cat video after this, but this is more for people who are interested in the project and what I’m doing with that. Additionally, the Friday gift is going to be postponed until the beginning of next week this time because I want to start next week off on a positive note. So I have been formulating a plan about how to approach our human and animal aid initiative in Nigeria. First, I’ve been studying geopolitics, culture, and continuing to try to learn more about it’s people, so that I/we can provide them with effective aid and something they can really believe in. That’s the goal! No bullshit, I want to help people and animals live better lives. And I’m gonna keep working hard to do that no matter how long it takes. Next week I will be attempting to make more one-on-one contact, meeting and talking to more Nigerians online to help get the word out about who we are and what we are trying to do! Here’s the basic plan: the most important part is to provide proof of our good intentions. Proof of the fact that I/we authentically care is going to be very important. To show them that we are not just talk, but action. Because a lot of westerns come in and try to take advantage of people’s situations. That is NOT what we are trying to do. We are here to bring light. And so along with the large gift to the orphanage, we also gave support to Rasheedat who is struggling with breast cancer, (I did receive follow-up for that gift as well, and I’m continuing to monitor to see if we can help sometime in the future). These are proofs to offer the Nigerian people insight into our intentions in coming in and offering something new. And there will be more proof coming next week as well. DECENTRALIZED TRUST and the ideas behind the decentralized needs marketplace are also something I want to apply to the animal rescue space to help improve trust there as well as part of my long-term plan. Additionally, I think the web 3 crypto space could benefit from it as well. The basic idea is that communities can track their experiences with PFPs and people behind them, and we can help provide communities with trusted points of contact to aid in the vetting process. Many spaces would benefit from this approach, but first we need to implement it and see what works and what doesn’t! That being said, my medium term plan is that I want to get people to try out the website and and the trust database. Eventually, I would like to find points of AID CONJUNCTION that will help both animals and people at the same time. I’m talking mobile vets, veterinary infrastructure, and providing people with tools to help themselves, which is what we are doing with Naija Rescue Hub. But human aid is also a central goal. As I’ve mentioned, this is our pilot and eventually we can apply the DECENTRALIZED TRUST MODEL to different spaces, which is something I plan to do. I think the best approach is going to be to speak to Nigerian students at university who are digitally ready, because I’ve been approached by many Nigerian students who want to see the world become a better place, but don’t know how or suffer from a lack of options. So I think one approach I’m going to look at was recommended by my friend @rafaelsznn @rafaelsznn to provide aid through our project that would flow from students who are in a more stable and secure situation to those who have less and are struggling. I’m currently working on that with him! Then I will also be getting into talk to people and letting them get to know me next week. So that’s the plan! We keep moving forward and over time if we approach the online space with authenticity and care and compassion, people will again see the possibilities of working together to overcome this bleakness that’s overtaken our world. Bit by bit and day by day with little persistent nudges, we are gonna bring light and help people and animals, no matter how long it takes. Dedication is everything.  0x2764 0xFE0F  Have a nice weekend!","{""replies"": 10, ""retweets"": 3, ""quotes"": 2, ""likes"": 39, ""views"": 3783}",2025-09-27 01:10:00-05:00,chunked_query,ThurstonWaffles,Thurston Waffles,1971744216700117306
it used to be “ohhh cats are so cute! how precious!!! look at that baby!!” and now it’s “moga  0x1F47A  go do your chores  0x1F4A2  0x1F4A2 ” …unrelated but what are your thoughts on hikkikomori cat girl who stays at your house and welcomes you home but also refuses to do laundry? hmm??,"{""replies"": 56, ""retweets"": 4, ""quotes"": 0, ""likes"": 369, ""views"": 8688}",2025-09-26 20:19:00-05:00,chunked_query,mwochaaa,mocha-tan 📦‼️ モカ,1971671087303020699
Mini drama: Belphie couldn't help but throw a blunt remark about his brothers xD I hope he doesn't fall asleep during the ceremony o.o Ofc Satan would be covered in cat hair. That meow was cute  0x1F49A  I wonder if Luci was secretly nervous >.> Drunkcifer needs to make an appearance,"{""replies"": 0, ""retweets"": 0, ""quotes"": 0, ""likes"": 44, ""views"": 867}",2025-09-26 06:52:00-05:00,chunked_query,Yurei471,Rei /レイ😴🐈‍⬛️🦚,1971467793779523590
มานั่งคิดแล้วฮา เพ้บนี่มันโคตรขั้วตรงข้ามของลุคตัวเองนี่หว่า5272727272 เยจุน = leader vibe but actually a scaredy cat พี่โนอา = pretty face with ahjossi vibe แบมบี้ = cute face with manliest energy อือนอ = cool look but actually a extrovert puppy ฮามิน = manliest face with baby personality แตกต่างอย่างลงตัว เอเนอจี้ที่ถูกต้อง 0x1F923  0x1F923  0x1F642 0x200D 0x2195 0xFE0F ,"{""replies"": 1, ""retweets"": 490, ""quotes"": 0, ""likes"": 414, ""views"": 11458}",2025-09-25 22:31:00-05:00,chunked_query,16heartmeme,空 ˙𐃷˙ 막콘 ⋆˙,1971341886653858302
"Yoshiki: *is having the worst time of his life that week His fans: Awwwww, he looks so cute when he’s experiencing anguish. He looks looks like a wet cat :3","{""replies"": 6, ""retweets"": 75, ""quotes"": 0, ""likes"": 534, ""views"": 4523}",2025-09-25 10:37:00-05:00,chunked_query,yoshinvr,roj 🔻,1971162259822178674
Who else has been trapped on 'Marcus the Worm' Tiktok recently. All I want is so cute cat doomscrolling Instead Applebees has been Atomized and 2014 Nissan Pathfinders are being sold to the Costa Rican Government Help,"{""replies"": 10, ""retweets"": 4, ""quotes"": 0, ""likes"": 40, ""views"": 817}",2025-09-25 09:08:00-05:00,chunked_query,Xionfoxofficial,.:XionFox:.🍟『STARBYTE』,1971139688904917077
Need a cute snuggly cat but can't take care of one so I just like pictures instead.,"{""replies"": 5, ""retweets"": 0, ""quotes"": 0, ""likes"": 39, ""views"": 2829}",2025-09-25 04:57:00-05:00,chunked_query,xSupportive,Jordan,1971076656711467208
"i love cat dads, they’re so cute","{""replies"": 4, ""retweets"": 0, ""quotes"": 0, ""likes"": 33, ""views"": 632}",2025-09-25 04:33:00-05:00,chunked_query,laracrotch_,bebe ♡,1971070546000724191
"Sometimes I think about how easy it is to be a cat... they just sleep, eat, and look cute. I wish my life was that simple","{""replies"": 7, ""retweets"": 4, ""quotes"": 0, ""likes"": 89, ""views"": 1362}",2025-09-24 19:57:00-05:00,chunked_query,millersarah47,ilovedyourdad,1970940645146812779
lockheed martin is so bullish PLUS a possible cat cult (cute one) OH YEAHH anita maxbid,"{""replies"": 1, ""retweets"": 0, ""quotes"": 0, ""likes"": 11, ""views"": 666}",2025-09-24 16:26:00-05:00,chunked_query,swonzon,Swan,1970887665269543240
the girlies asking zealand to fight the wilden with them ueee so cute  0x1F62D ,"{""replies"": 1, ""retweets"": 6, ""quotes"": 1, ""likes"": 148, ""views"": 3575}",2025-09-24 01:22:00-05:00,chunked_query,cat_ppuccino,aury,1970660138945257975
"AHOF the record thoughts that no one asked for: • I miss SteJay so bad  0x1F62D  • Love that they still play games with Daisuke  0x1F979  • Woowoongz are so cute, please  0x2665 0xFE0F  • Hani's cat drawing  0x1F605  Okay lang, cute naman 'yung nagdrawing  0x1F602  • Chih En, please come back  0x1F972  • Juwon is seriously funny, like host a show • Woongki's flirt with Steven agenda is alive and strong! Haha! Push mo pa 'yan!  0x1F923  • Not a lot of JL screen time pero mapapanganga ka nalang sa pogi! And Bobo too, ganda  0x1FAE3  • Did I mention... miss ko na SteJay?!","{""replies"": 0, ""retweets"": 18, ""quotes"": 1, ""likes"": 126, ""views"": 2482}",2025-09-23 18:25:00-05:00,chunked_query,justaboutahof,KittyKat38 || stellar𖤐⋆｡˚,1970555053598802056
"as much as i would love a nc scene, i would trade it for endless domesticity. for non sexual intimacy, for sleepy morning kisses, and backhugs, and pulling you onto my lap because you're just so cute, and holding hands, and kissing your neck, and cooking meals together, and-","{""replies"": 5, ""retweets"": 35, ""quotes"": 9, ""likes"": 288, ""views"": 5571}",2025-09-23 01:01:00-05:00,chunked_query,Cat_as_Trophy_,𝗰𝗮𝘁⁷ 🐈‍⬛🐈,1970292440218407100
Bro I just walked into Whole Foods and a CAT is running the register. Not the cute furry kind. A lady with full on cat face makeup. What’s the best stock to buy right now that sells mental health medication? I have some morning profits to parlay,"{""replies"": 7, ""retweets"": 1, ""quotes"": 0, ""likes"": 36, ""views"": 7976}",2025-09-22 19:30:00-05:00,chunked_query,notoriousalerts,Gary 🍀,1970209038819565719
I was 5 minutes late to work only bc my neighbors cat was roaming the halls and i had to pet the kitty  0x1F62D  0x1F62D  0x1F62D  0x1F62D  0x1F62D  they were so sweet and cute i cry,"{""replies"": 7, ""retweets"": 0, ""quotes"": 0, ""likes"": 136, ""views"": 5045}",2025-09-22 13:59:00-05:00,chunked_query,satin_stars,Off Brand Hologram ⭐️ @ hibernating,1970125781691977936
actually i have SO much willpower. most of the time i do not bother my cat even though she is SO CUTE and SO EEPY and SO SOMFT i HVE SO MUCH WILLPOWER,"{""replies"": 1, ""retweets"": 0, ""quotes"": 0, ""likes"": 14, ""views"": 392}",2025-09-21 22:42:00-05:00,chunked_query,ZoldaFitzgerald,Kinsey @ kr balatro,1969894980027330758
"Cat following me around the house, she is so cute","{""replies"": 1, ""retweets"": 0, ""quotes"": 0, ""likes"": 20, ""views"": 626}",2025-09-21 16:04:00-05:00,chunked_query,catdadcarer,الهيثم,1969794787391033831
"Kaiser laughs when he sees a street cat flip over???  0x1F62D  0x1F62D  0x1F62D  Seriously, just how cute can he be? My heart can only handle so much","{""replies"": 1, ""retweets"": 39, ""quotes"": 0, ""likes"": 207, ""views"": 2281}",2025-09-20 17:33:00-05:00,chunked_query,KAISER0L0GY,kaiserslop merchant,1969454896698011943
"A fan asked if Kaiser laughs at all in his everyday life (especially after what happened in NEL) and Knsr-sensei says that he does, not on TV, but giving an example of just normal, spontaneous moments like when he sees a cat on the street flip over etc why is that so cute  0x1F602  0x1F602 ","{""replies"": 10, ""retweets"": 375, ""quotes"": 0, ""likes"": 1592, ""views"": 54966}",2025-09-20 17:07:00-05:00,chunked_query,usagisprouts,ちい｜chii 🐰,1969448451072278586
Apple should make a bigger row of cat emojis with more expressions. They’re so cute and not cringe. Like look at the difference  0x1F63D  0x1F61A ,"{""replies"": 2, ""retweets"": 2, ""quotes"": 0, ""likes"": 13, ""views"": 404}",2025-09-20 13:02:00-05:00,chunked_query,Juust_Juno,Minji of shedtwt,1969386659192979589
Nikita ruined discoverability on X. I don’t see my friends posts anymore or people whom I follow. I see same people in my feed everyday + some slop posts that gets random burst of attention. It’s literally so sht now. It’s NOT a niche content if you don’t get a mix of cute cat memes and $PENGU $PENGU etf news. Clickbaits work fantastic tho. GG brother,"{""replies"": 2, ""retweets"": 0, ""quotes"": 0, ""likes"": 12, ""views"": 254}",2025-09-20 12:00:00-05:00,chunked_query,alina_anto,ALIINA,1969371160514044319
"Bob looked down at the patch of destroyed African Violets. ""We don’t know for sure if Leo the cat caused this #catastrophe #catastrophe ."" Nora shook her head. She couldn't imagine Leo doing such a thing, but if he did, she'd forgive him. That face was just too cute. #vss365 #vss365","{""replies"": 4, ""retweets"": 10, ""quotes"": 0, ""likes"": 67, ""views"": 735}",2025-09-20 08:12:00-05:00,chunked_query,starfish_72,Monique,1969313619117576522
"i asked my boyfriend if he’d seen the 9-1-1 teaser trailer on his side of the internet yet and he said he hadn’t — we’re safe from men who like cars, cute cat videos and watching people play chess","{""replies"": 3, ""retweets"": 0, ""quotes"": 0, ""likes"": 30, ""views"": 694}",2025-09-20 01:22:00-05:00,chunked_query,eddieinflames,eddieinflames 🔥,1969210523540492544
send me cute cat pics  0x1F64F 0x1F3FC ,"{""replies"": 10, ""retweets"": 1, ""quotes"": 0, ""likes"": 74, ""views"": 4204}",2025-09-19 20:11:00-05:00,chunked_query,yvanilli,vani 𐙚,1969132251355951269
THE PADDOCK CAT’S NAME IS MATCHA???? THATS SO CUTE SHUT UP,"{""replies"": 3, ""retweets"": 4, ""quotes"": 0, ""likes"": 216, ""views"": 2418}",2025-09-19 08:18:00-05:00,chunked_query,croisstappen,fhrey 🥐,1968952701477122464
"How to talk to puppy girls “omg what a cute lil puppy, who’s a good girl, that’s right it’s you, you’re such a good girl for me” How to talk to cat girls “you want some drugs?”","{""replies"": 1, ""retweets"": 7, ""quotes"": 0, ""likes"": 30, ""views"": 751}",2025-09-19 06:05:00-05:00,chunked_query,STEFANIANIGHT,STEFANIA NIGHT,1968919256780710187
*scrolling TL* BORING BORING BORING BORING BORING AWW CUTE CAT BORING BORING BORING YAWN BORING *logs off*,"{""replies"": 3, ""retweets"": 8, ""quotes"": 0, ""likes"": 35, ""views"": 957}",2025-09-18 12:38:00-05:00,chunked_query,TRAUMA_RESP0NSE,TRAUMARESPONSE,1968655967014273068
i love when a big scary guy has a cute cat,"{""replies"": 3, ""retweets"": 1, ""quotes"": 1, ""likes"": 33, ""views"": 1906}",2025-09-18 10:56:00-05:00,chunked_query,urfavemmm,emma ♡,1968630118705696782
trench need a cute cat,"{""replies"": 70, ""retweets"": 1, ""quotes"": 2, ""likes"": 65, ""views"": 12766}",2025-09-17 21:33:00-05:00,chunked_query,X9zzw,X9异火 (best caller in asia),1968428085834920182
"CAN WE PLEASE JUST BRING BACK THE DOG, CAT AND CUTE ANIMAL META RALLIED BY STRONG COMMUNITY MEMBERS ROCKING THE SAME PFP? PLEASEEEEEEE","{""replies"": 104, ""retweets"": 18, ""quotes"": 0, ""likes"": 90, ""views"": 6154}",2025-09-17 18:11:00-05:00,chunked_query,stekisteks,///Steki🧲,1968377363928072312
I found out there are cat version of emojis! How cute.  0x1F638 ,"{""replies"": 7, ""retweets"": 2, ""quotes"": 0, ""likes"": 58, ""views"": 937}",2025-09-17 07:28:00-05:00,chunked_query,MKazui07,Kazui Mukuhara,1968215526314000545
"what about a series where first is a bookworm nerdy guy, works at a library, all brown scarves and reading glasses, and khaotung is a rich guy ceo, always in a suit and pointed shoes. they have the most cliche meet cute and eventually fall in love~  0x1F9F5  #FirstKhaotung #FirstKhaotung (1/18)","{""replies"": 3, ""retweets"": 22, ""quotes"": 6, ""likes"": 85, ""views"": 4364}",2025-09-16 21:23:00-05:00,chunked_query,Cat_as_Trophy_,𝗰𝗮𝘁⁷ 🐈‍⬛🐈,1968063253394620595
i hope jimin saw a cat today. i hope jimin knows his fans are preparing so many projects for his birthday. i hope jimin has seen all the love we’ve been sending him on weverse. i also hope jimin knows we’re waiting for him to go live and share his cute stories with us  0x2639 0xFE0F ,"{""replies"": 6, ""retweets"": 151, ""quotes"": 1, ""likes"": 990, ""views"": 16428}",2025-09-16 15:11:00-05:00,chunked_query,jmnberries,༊,1967969571492728895
"It’s funny how the little things pile up into a whole vibe, messy hair, comfy shirt, random snaps of food, my cat staring at me like I’m the drama (which… I kinda am). Nothing too serious, just me vibing with the simple chaos of my own world, making it cute anyway.","{""replies"": 1, ""retweets"": 0, ""quotes"": 0, ""likes"": 16, ""views"": 389}",2025-09-16 03:30:00-05:00,chunked_query,Ninghning,࣪,1967793130268398017
I can’t get over how cute jean is. when cat tells him to go to the animal shelter with jeremy to pick up the dog and is like “omg read the room” and jean COMPLAINS!!! he complains and says “you don’t even have a bed yet!!” he’s so cute. help me,"{""replies"": 3, ""retweets"": 21, ""quotes"": 1, ""likes"": 383, ""views"": 4022}",2025-09-16 03:09:00-05:00,chunked_query,h0twingz,mermy 🔆,1967787802596458933
help i gave like to a cat post on twitt and now my entire timeline full of overwhelmingly cute creatures,"{""replies"": 3, ""retweets"": 0, ""quotes"": 0, ""likes"": 16, ""views"": 399}",2025-09-15 20:00:00-05:00,chunked_query,KryptoCatGirl,𝙺𝚛𝚢𝚙𝚝𝚘 𝙲𝚊𝚝 𝙶𝚒𝚛𝚕 ݁˖˙♡,1967679976150630440
i got cute cat emotes and i'm so excited (they aren't anything special but it's the little things) :3,"{""replies"": 1, ""retweets"": 1, ""quotes"": 0, ""likes"": 29, ""views"": 1484}",2025-09-15 16:15:00-05:00,chunked_query,ahrijayn,αняι,1967623355567370622
stray cat ahhh she’s so cute,"{""replies"": 0, ""retweets"": 1, ""quotes"": 0, ""likes"": 17, ""views"": 758}",2025-09-15 02:06:00-05:00,chunked_query,normal_ballerz,very baller cash money normal sane person,1967409686325661981
Almost retweeted a cute cat video but frankly I'm not convinced any of you deserve to see it,"{""replies"": 8, ""retweets"": 0, ""quotes"": 0, ""likes"": 21, ""views"": 604}",2025-09-14 20:57:00-05:00,chunked_query,Eli_B_Again,Eli 🐝,1967331907630465488
hey sorry I can’t come to the party tonight my cat is cuddling me… yeah like on my chest… right… big purrr like motor you understand im sure… thank you… yes very soft and cute… alright have a good night thanks for understanding… for sure I’ll tell her you said hi,"{""replies"": 0, ""retweets"": 0, ""quotes"": 0, ""likes"": 23, ""views"": 426}",2025-09-14 00:32:00-05:00,chunked_query,postdayposts,posty is Doing It,1967023614890479899
"Names people call me: Ora, Laura, Oral B, Agua, Awooga, Cute Cat Girl, Orlando, Auwa, Or, Red Miku, GX-chan, Mommy, Orla, Ariel, Aqua, ‘My Browser’, ‘Are you AI?’, Are, Air, Opera GX, Small Names people don’t call me: Aura","{""replies"": 171, ""retweets"": 95, ""quotes"": 0, ""likes"": 2459, ""views"": 44258}",2025-09-13 20:49:00-05:00,chunked_query,GXAuraOfficial,GX Aura 🎮🪫,1966967603328364581
"yoko, age 24, not throwing tantrums minding her own business sharing cat memes with her yobies  0x1F917  I admire her so much ACARE YOKO CUTE DAY #GirlFriendDAY_EP5 #GirlFriendDAY_EP5","{""replies"": 11, ""retweets"": 110, ""quotes"": 0, ""likes"": 319, ""views"": 10007}",2025-09-13 16:26:00-05:00,chunked_query,xyomaliceeyes,Kim 👻,1966901365776806000
Glad to know that the meaning of the Clancy cat ears mask was just: whimsy and cute meow meow,"{""replies"": 10, ""retweets"": 230, ""quotes"": 0, ""likes"": 3210, ""views"": 27339}",2025-09-13 11:09:00-05:00,chunked_query,banditointrench,carmen 🌧️,1966821622699979084
Good morning!! Happy Saturday!! Finally... Today I saw a little cat in my backyard... I thought it'd mess with my flowers but it just sat and stared. So cute!! How is you guys' day today? (⁠◕⁠ᴗ⁠◕⁠✿⁠),"{""replies"": 9, ""retweets"": 6, ""quotes"": 0, ""likes"": 25, ""views"": 449}",2025-09-13 08:37:00-05:00,chunked_query,Sunnycrastinate,🎃 Sunny!,1966783209800106359
this house venue has a really freaking cute cat and shes 15 years old i love her,"{""replies"": 1, ""retweets"": 0, ""quotes"": 0, ""likes"": 25, ""views"": 1314}",2025-09-13 01:47:00-05:00,chunked_query,no1quippyfan,its me façade,1966680084082786441
"after i downloaded threads for my mom 50% of our convos have devolved into ""hey did you see that cute cat vid on threads"" with the data on all the meta apps my threads algo is frighteningly good at knowing what i want to see. finding myself mindlessly scrolling more & more  0x1F615 ","{""replies"": 6, ""retweets"": 1, ""quotes"": 0, ""likes"": 77, ""views"": 2940}",2025-09-12 20:40:00-05:00,chunked_query,Welonz,Welonz @ 🦋,1966602808062328985
"Whenever i give my cats food, Zolo (My older cat) eats his food and then sits and waits for Leya (my younger cat) to finish her food and eats whatever is left. Hes done this since she was a kitten, its so funny and cute","{""replies"": 4, ""retweets"": 0, ""quotes"": 0, ""likes"": 16, ""views"": 1516}",2025-09-12 18:13:00-05:00,chunked_query,LeyoIaz,Leo,1966565843505992016
"#dolpink #dolpink This is too romantic, bnggu calls yjun while he's outside in the rain. He tells yjun to listen to the cricket sounds around him, even saying ""hyeong there's this cat,it's really cute 0x1F61A "" and yjun replying to his every word smiling. Yjun said ""get home quick, it's cold"" 0x1F62D ","{""replies"": 0, ""retweets"": 101, ""quotes"": 6, ""likes"": 353, ""views"": 4843}",2025-09-12 13:17:00-05:00,chunked_query,dolpingk,really ㄷㅍ,1966491377132585450
You know when kittens are very small and they play with each other and don't know how to deal with claws yet and hit each other on their eyes and they become red and swollen that's how you look when your eye is swollen except you're not a cat so you don't look funny or cute.,"{""replies"": 5, ""retweets"": 1, ""quotes"": 0, ""likes"": 57, ""views"": 1449}",2025-09-12 07:37:00-05:00,chunked_query,poisonwithana,capyzara,1966405890686197860
cute cozy fall date except it’s just me & my cat hiding under a fuzzy blanket and listening to the marías together,"{""replies"": 0, ""retweets"": 1, ""quotes"": 0, ""likes"": 27, ""views"": 587}",2025-09-12 02:51:00-05:00,chunked_query,corriature,𝖈𝖔𝖗𝖗𝖎 ⏾⋆,1966333712120824295
geto getting into liking cute things and buying them because it reminds him of gojo and how cute he is and how gojo would like this adorable cat keychain he got…..,"{""replies"": 1, ""retweets"": 1, ""quotes"": 0, ""likes"": 25, ""views"": 724}",2025-09-12 00:45:00-05:00,chunked_query,fushiqruo,niya,1966302096896217119
I NEED CUTE CAT NAMES FOR A GIRL CAT RN,"{""replies"": 12, ""retweets"": 0, ""quotes"": 0, ""likes"": 16, ""views"": 1884}",2025-09-11 13:57:00-05:00,chunked_query,gabbygxv,gabz:),1966139114459377821
so many lewd egyptian cat designs on my feed ...so cute... want to draw...,"{""replies"": 1, ""retweets"": 0, ""quotes"": 0, ""likes"": 83, ""views"": 1622}",2025-09-11 05:09:00-05:00,chunked_query,moodrevenge,luci ✦ VGen,1966006285708767591
please show me a cute cat or dog,"{""replies"": 20, ""retweets"": 4, ""quotes"": 0, ""likes"": 49, ""views"": 6358}",2025-09-11 03:21:00-05:00,chunked_query,Miz7Xf,mochimochiland,1965978966793269495
wooje being wanghos cat. wooje being gumas baby. wooje being cute according to deokdam. the w in World stands for Wooje and it further proves that the world does revolve around wooje,"{""replies"": 0, ""retweets"": 89, ""quotes"": 4, ""likes"": 332, ""views"": 5763}",2025-09-10 17:35:00-05:00,chunked_query,wanghos7thcat,andrea,1965831459908018220
My cat likes to sleep exactly where I lay in bed and I think it's cute,"{""replies"": 0, ""retweets"": 0, ""quotes"": 0, ""likes"": 20, ""views"": 1291}",2025-09-10 17:33:00-05:00,chunked_query,vampybabynic,๑ Nic ๑,1965831062527029507
"Group home lady has a cat and he's cute and all, but he spends all day outside. You ain't sleeping in my bed.","{""replies"": 2, ""retweets"": 0, ""quotes"": 0, ""likes"": 21, ""views"": 281}",2025-09-10 03:40:00-05:00,chunked_query,witandstars,Tee,1965621448955121956
There’s been a stray cat hanging around my parents’ house lately. It’s a very cute cat. How can I lay the groundwork before I leave tomorrow to get them to decide for themselves to adopt it?,"{""replies"": 3, ""retweets"": 0, ""quotes"": 0, ""likes"": 10, ""views"": 548}",2025-09-10 03:09:00-05:00,chunked_query,AnthonyCastrio,Anthony Castrio,1965613504532283829
I’m glad that Yoko knows social media’s ain’t shit. My girl posts whatever she wants and logs off. Her broadcast on ig? Those cute cat memes? Yeah those are for Yobies and Yobies only. None of you mfs deserve her not even a tiny bit of her humour. Period.  0x270B 0x1F3FC ,"{""replies"": 2, ""retweets"": 18, ""quotes"": 0, ""likes"": 118, ""views"": 2680}",2025-09-09 15:54:00-05:00,chunked_query,xxiterr,jdgr.,1965443649808093498
I love the videos of that cat who is in love with Yuuji. So cute.,"{""replies"": 1, ""retweets"": 0, ""quotes"": 0, ""likes"": 25, ""views"": 540}",2025-09-09 03:18:00-05:00,chunked_query,oppitfs,OPP 🐯🐺,1965253371495096342
"My poor man is still unwell  0x1F614  If people could send @IrateAlex @IrateAlex cute or funny cat videos, I’m sure he would appreciate it!  0x1F9F8  0x2764 0xFE0F ","{""replies"": 9, ""retweets"": 0, ""quotes"": 0, ""likes"": 21, ""views"": 650}",2025-09-08 17:06:00-05:00,chunked_query,IratePrincessXo,Nikki Bear 🧸❤️,1965099514995601733
cat girl aging badly or what? i swear she used to at least be kinda cute what happened,"{""replies"": 8, ""retweets"": 2, ""quotes"": 0, ""likes"": 91, ""views"": 3096}",2025-09-08 16:52:00-05:00,chunked_query,lipgIaws,kk ✨👻,1965095922129682840
Whyyyyyy are we using ai when we have actual artists you can pay to make actually cute art to promote your project THE CAT HAS NO LEGS. WHERE ARE THE LEGS,"{""replies"": 0, ""retweets"": 5, ""quotes"": 0, ""likes"": 17, ""views"": 1764}",2025-09-08 14:22:00-05:00,chunked_query,peachiebinnie,leaf 🌱 met keb + fk,1965058211268153661
guys i got a ceramic cup JISKE ANDAR EK CUTE SI CAT BAITHI HUI HAI LIKE SHE'S ALSO MADE OUT OF CERAMIC AND SHE'S SO SMOL AND CUTE AAAAA,"{""replies"": 2, ""retweets"": 0, ""quotes"": 0, ""likes"": 18, ""views"": 319}",2025-09-08 09:30:00-05:00,chunked_query,evilllarry,JRmrmunchkins💌𔓘,1964984678655660044
i am 25 years old - love what i do - live in a cute apartment in indiranagar - have a boyfriend - 5’5 - gym girlie - eternal cat mom - love to travel - chronically online (but it works) - strong circle of friends - not $20m net worth is it over for me yes or no,"{""replies"": 19, ""retweets"": 1, ""quotes"": 0, ""likes"": 274, ""views"": 17592}",2025-09-08 05:17:00-05:00,chunked_query,sumedha2199,Sumedha,1964921101831868606
my cat likes to meow meow meow at me when i dont feed him for an hour and its very annoying but hes cute so i keep hin around,"{""replies"": 1, ""retweets"": 2, ""quotes"": 0, ""likes"": 19, ""views"": 200}",2025-09-08 00:08:00-05:00,chunked_query,penroseprogram,harper,1964843160225644661
stop unfollowing im tall handsome nerdy and my cat is sooo fucking cute actually unfollow it’s your loss,"{""replies"": 3, ""retweets"": 0, ""quotes"": 0, ""likes"": 51, ""views"": 1148}",2025-09-07 22:13:00-05:00,chunked_query,Vatroh,vat,1964814416425394620
wishing i was extroverted is like wishing my cat would do my taxes. cute thoguhts but 0 chance of happening !!,"{""replies"": 2, ""retweets"": 0, ""quotes"": 0, ""likes"": 89, ""views"": 1199}",2025-09-07 20:23:00-05:00,chunked_query,vonakyu,vona 🩹👾,1964786718789566556
This dad just sang Moonshadow by Cat Stevens to his baby on the train. Very cute. I must confess I felt like I was getting more from it than the baby 0x1F605  0x1F9D8 0x200D 0x2640 0xFE0F . Can someone invent Deliveroo for someone to sing you Cat Stevens to bed?,"{""replies"": 8, ""retweets"": 2, ""quotes"": 0, ""likes"": 47, ""views"": 3759}",2025-09-07 15:17:00-05:00,chunked_query,CharlotteCGill,Charlotte Gill,1964709676396028313
bibo so cute when he's consuming an animal raw like he's a rabid cat who hasn't had food in months  0x1F60A ,"{""replies"": 4, ""retweets"": 16, ""quotes"": 0, ""likes"": 155, ""views"": 4000}",2025-09-07 13:14:00-05:00,chunked_query,salarryman,muis 👔,1964678601858854972
"and i don’t care about the korean culture in that matter, calling someone a fat/round cat is just NOT cute, especially when it’s said about the person that is so skinny, y’all will push him into body dysmorphia","{""replies"": 0, ""retweets"": 8, ""quotes"": 0, ""likes"": 75, ""views"": 907}",2025-09-07 10:47:00-05:00,chunked_query,vividkhj,1025,1964641640523645431
"im really sick of ppl commenting on lk's body on fans, “fat cat” nickname was NEVER funny or cute, and it clearly affected him back then, just leave him alone, its honestly so sad that someone who gives us so much comfort doesn't always get the same in return","{""replies"": 0, ""retweets"": 15, ""quotes"": 0, ""likes"": 117, ""views"": 1208}",2025-09-07 09:26:00-05:00,chunked_query,linobesit0,m,1964621222693728360
"It’s very frustrating watching Napier call plays. Zero rhythm. Baugh can’t be stopped. Let’s get cute with reverses, trick plays, and wild cat. It’s like he insists on things being as difficult as possible to build suspense for the post-game recap video.","{""replies"": 0, ""retweets"": 3, ""quotes"": 2, ""likes"": 25, ""views"": 1327}",2025-09-06 21:22:00-05:00,chunked_query,Will_Norris11,Will Norris,1964438966016626961
"Speaking of my persona, I'm thinking about not using tentacles as a tail anymore and instead using my normal cat tail. I miss my cute cat tail!","{""replies"": 3, ""retweets"": 0, ""quotes"": 0, ""likes"": 35, ""views"": 2144}",2025-09-05 22:01:00-05:00,chunked_query,nyatorikkusu,Nyatrix🐾🛸にゃ,1964086470701875658
I started off with so many cute fragile Knick knacks for my house and my cat broke every single one I’ve completely given up,"{""replies"": 0, ""retweets"": 0, ""quotes"": 0, ""likes"": 25, ""views"": 2351}",2025-09-05 20:11:00-05:00,chunked_query,rosythedime,𝑅𝑜𝓈𝑒🇲🇽,1964058822172971076
"My cat is on the couch!!! I've been looking for him everywhere and he was chilling on the couch, he was even too scared to enter the room before  0x1F972  hes slowly becoming a cute lil house cat","{""replies"": 3, ""retweets"": 0, ""quotes"": 0, ""likes"": 38, ""views"": 680}",2025-09-05 13:23:00-05:00,chunked_query,AerialLiz,⛓Liz💜,1963956117211414897
how am i supposed to show you every single cute thing my cat does if ppl get so weird about posting pets,"{""replies"": 26, ""retweets"": 2, ""quotes"": 3, ""likes"": 144, ""views"": 11839}",2025-09-05 00:00:00-05:00,chunked_query,sentmommmy,Flora pt 2,1963754048567353832
i lowkey want a pet rat they’re so cute but uh i have a cat so idk,"{""replies"": 4, ""retweets"": 0, ""quotes"": 0, ""likes"": 27, ""views"": 646}",2025-09-04 23:52:00-05:00,chunked_query,femgyupilled,cel ᯓ☆,1963752160849444927
yes im clingy but in a cute way like a cat,"{""replies"": 3, ""retweets"": 1, ""quotes"": 0, ""likes"": 91, ""views"": 4288}",2025-09-04 17:58:00-05:00,chunked_query,mommysnipez,mommy,1963663095643164805
CRYING BECAUSE OF A STUPID FIC I HATE THE E-SOUL ARC SO MUCH. I HATE EVERYONE SO MUCH I MISS MY CUTE BOY YANG CHENG WHO SAVED A CAT. I MISS SHANG CHAO. I MISS XIA QING BRING THEM BACK,"{""replies"": 2, ""retweets"": 3, ""quotes"": 1, ""likes"": 50, ""views"": 724}",2025-09-03 13:23:00-05:00,chunked_query,shangxiacheng,yans | Sheng #1 fan,1963231314548502580
I said it in my Recruiter rp account but the Recruiter owns a white cat named Nun which is snow in Korean and i find it very cute,"{""replies"": 2, ""retweets"": 0, ""quotes"": 0, ""likes"": 18, ""views"": 505}",2025-09-02 18:46:00-05:00,chunked_query,Haf_art,ᯓᡣ𐭩 H A F F Y ⵣ 🇲🇦♡🍉,1962950386047660132
i’m calling everyone and showing my cat cause i fckn love her she’s so cute omg,"{""replies"": 1, ""retweets"": 0, ""quotes"": 0, ""likes"": 18, ""views"": 4629}",2025-09-02 15:07:00-05:00,chunked_query,bttcch,5☆,1962895264500383885
What if El-Chan was a cat and we called her El Condor Nyasa? I think it's a cute idea.,"{""replies"": 12, ""retweets"": 41, ""quotes"": 0, ""likes"": 705, ""views"": 26810}",2025-09-02 02:04:00-05:00,chunked_query,SpecialWeekUMA,Special Week,1962698233186001053
callout post for wander my kitty cat because he is a horrible enabler when it comes to me napping or sleeping in. he always curls up on me all cute and fluffy and how can i possibly say no to that? i end up having no choice but to sleep more…..,"{""replies"": 2, ""retweets"": 0, ""quotes"": 0, ""likes"": 38, ""views"": 1485}",2025-09-01 23:11:00-05:00,chunked_query,lovelandresort,loveland resort,1962654648248197393
ik keeho has a dog but i feel like he would be such a good cat dad too 0x1F97A  i think his cat would be so clingy to him and always wanna follow him around bcs he likes to pet them and shower them with love 0x1F494  keeho would also get cute agression sm from his cat if he ever has one  0x2639 0xFE0F ,"{""replies"": 3, ""retweets"": 1, ""quotes"": 0, ""likes"": 21, ""views"": 361}",2025-09-01 20:14:00-05:00,chunked_query,jiungjwi,nia✧˖° ungyaa🫧semi ia,1962610045029622121
I don’t know about y’all but to me est is so innocent  0x1F62D  0x1F62D  0x1F62D  the thought of him learning different TikTok choreography in his room for us(or William) makes me wanna cry  0x1F62D  0x1F62D  and them him excitedly uploading them like a cute cat  0x1F62D  0x1F62D ,"{""replies"": 8, ""retweets"": 102, ""quotes"": 0, ""likes"": 701, ""views"": 11733}",2025-09-01 15:02:00-05:00,chunked_query,salilyyy,sali ♡,1962531611649712134
" 0x1F627  0x1F627  0x1F627  0x1F627  0x1F627  0x1F627  0x1F627  On Threads: chats about autumn, teachers returning to school, why my cat is cute, what books we are reading On *X: anger, intolerance, abuse, lies, racists, insults, stress. * apart from you.","{""replies"": 7, ""retweets"": 12, ""quotes"": 0, ""likes"": 92, ""views"": 862}",2025-09-01 09:42:00-05:00,chunked_query,riotgrandma72,☕️Carol Hedges 💙💛(also at @caroljhedges),1962451106526572857
i love my cat so much i’m going to cry he’s so sweet and cute,"{""replies"": 1, ""retweets"": 0, ""quotes"": 0, ""likes"": 17, ""views"": 191}",2025-09-01 03:09:00-05:00,chunked_query,catwthewires,cat 🧃🍎🍁,1962352162182164496
i been watching the final arc of hunter x hunter all day and have no fucking clue what’s going on but the intro is a banger i at least know that also i love the cat they they’re cute,"{""replies"": 2, ""retweets"": 0, ""quotes"": 0, ""likes"": 24, ""views"": 1163}",2025-09-01 00:31:00-05:00,chunked_query,tsvenusrosie,venus 🏳️‍⚧️,1962312310476681343
cute cat videos aren’t brain rot they’re a healthy enriching fulfilling way to spend your time,"{""replies"": 3, ""retweets"": 0, ""quotes"": 0, ""likes"": 25, ""views"": 760}",2025-08-31 20:00:00-05:00,chunked_query,BlSECTUAL,꒒ꍟ☻ 🪱🧠,1962244105175437774
Link tiktok This is so good Unstable meta Cat Cute Og,"{""replies"": 0, ""retweets"": 0, ""quotes"": 0, ""likes"": 14, ""views"": 289}",2025-08-31 17:31:00-05:00,chunked_query,AZTfutures,AZT,1962206629048283219
cat hybrid shen jiu having the sharpest little claws that he unsheathes whenever he feels threatened… this leads to his martial siblings having many torn robes and fine scratches along their body. their hissy shixiong just looks so cute! they must pet him!!,"{""replies"": 4, ""retweets"": 25, ""quotes"": 0, ""likes"": 461, ""views"": 3750}",2025-08-31 16:58:00-05:00,chunked_query,wifenapped,alma | jiumei fanatic,1962198439095070886
I might???? Be getting a cat???? Not 100% confirmed yet but IF I do He needs a full health examination and probably flea meds so I might open emergency custom voices  0x1F979  I hope it goes through he is so cute  0x1F62D  he looks just like Jupiter  0x1F979 ,"{""replies"": 7, ""retweets"": 1, ""quotes"": 1, ""likes"": 59, ""views"": 1437}",2025-08-31 13:43:00-05:00,chunked_query,igu_hime,igu the heemie weemie 🌸,1962149208154374570
The biggest hurdle I came across while trying to brainstorm a new fantasy setting was coming up with a logical concept for animal races that somehow includes cute cat girls but excludes furries,"{""replies"": 6, ""retweets"": 0, ""quotes"": 0, ""likes"": 25, ""views"": 409}",2025-08-31 13:02:00-05:00,chunked_query,VALC_6,ValC 🇺🇦🇵🇸🏳️‍🌈🇪🇺,1962138838974775377
realistically zoro probably leaves everyone on read when texting or just reacts with a thumbs up but i love the thought of him using cute emoticons or cat gifs or something cuz no one expects it from him,"{""replies"": 2, ""retweets"": 6, ""quotes"": 0, ""likes"": 118, ""views"": 1318}",2025-08-30 18:43:00-05:00,chunked_query,zoIuz,bes ♡,1961862406767808918
My 7 year old: “If we get a brown cat let’s name him Beer! It sounds cute AND funny!” This kid is going to THRIVE in college.,"{""replies"": 0, ""retweets"": 0, ""quotes"": 0, ""likes"": 25, ""views"": 499}",2025-08-30 17:16:00-05:00,chunked_query,shuddupmeg,🍁🦃 thankful meg 🦔❤️💙,1961840407530086646
saw the prettiest black stray cat so cute  0x1FAE0  0x1FAE0 ,"{""replies"": 1, ""retweets"": 0, ""quotes"": 0, ""likes"": 11, ""views"": 244}",2025-08-30 13:38:00-05:00,chunked_query,boysplayedwell0,rania.,1961785690527764650
Calling out of work because my cat is being cute.,"{""replies"": 0, ""retweets"": 2, ""quotes"": 0, ""likes"": 19, ""views"": 697}",2025-08-30 12:30:00-05:00,chunked_query,c0mmunicants,Mr. Thank You,1961768534704583052
chuuaku but i think it would be cute and mushy if chuuya randomly starts kissing aku’s face like you do with your cat  0x1F60C ,"{""replies"": 5, ""retweets"": 13, ""quotes"": 0, ""likes"": 46, ""views"": 799}",2025-08-30 09:16:00-05:00,chunked_query,spoopycatt,professor yaoi,1961719545275850827
Abusing Animals is spiritually brown. Animal abusers should receive death sentences. How can anyone look at a cute cat or dog and want to hurt it?,"{""replies"": 4, ""retweets"": 14, ""quotes"": 0, ""likes"": 91, ""views"": 2025}",2025-08-30 06:52:00-05:00,chunked_query,Providnik1,Veresen 🇺🇦🌲ꑭ,1961683352810901557
my timeline rn 0x1F985  0x1F985  0x1F1FA 0x1F1F8  0x1F1FA 0x1F1F8  0x1F920  0x1F920  i just wanna see cute cat pics,"{""replies"": 5, ""retweets"": 0, ""quotes"": 0, ""likes"": 22, ""views"": 617}",2025-08-30 06:03:00-05:00,chunked_query,noctcal,cal (lias malewife),1961671031048811006
eitocat's the best! let eitocat onto the artificial satellite! eitocat's so harmless and cute!,"{""replies"": 1, ""retweets"": 3, ""quotes"": 0, ""likes"": 47, ""views"": 766}",2025-08-30 01:57:00-05:00,chunked_query,eito_cat,eitocat,1961609284581482745
if I won’t send you a voice note of my cat making cute noises do I even like you,"{""replies"": 0, ""retweets"": 0, ""quotes"": 0, ""likes"": 9, ""views"": 261}",2025-08-29 23:39:00-05:00,chunked_query,cecyliastalina,Cecylia 🇻🇦💐✝️💖,1961574488857886738
"I just met the sweetest little cat on the street named Priscilla. She was so nice and wanted to be held the entire time. I love it when people walk cats on a leash, and the name Priscilla is so cute.","{""replies"": 0, ""retweets"": 0, ""quotes"": 0, ""likes"": 16, ""views"": 235}",2025-08-29 19:37:00-05:00,chunked_query,milkandmarrow,Betty,1961513645327671788
rumors saying they had a cute little cat cafè date i hope the rumorers also know im about to end it all bc of that,"{""replies"": 0, ""retweets"": 9, ""quotes"": 2, ""likes"": 84, ""views"": 2051}",2025-08-29 08:26:00-05:00,chunked_query,catguyun,:p,1961344706958241915
manifesting this cat cafe job so i can be happy and have a cute job,"{""replies"": 1, ""retweets"": 0, ""quotes"": 0, ""likes"": 24, ""views"": 1258}",2025-08-29 06:46:00-05:00,chunked_query,zmlrkk,m,1961319628581605826
"Send SOL to $1,000 The cute cat is coming too.","{""replies"": 52, ""retweets"": 57, ""quotes"": 3, ""likes"": 425, ""views"": 13992}",2025-08-29 00:49:00-05:00,chunked_query,wenwencoin,Wen,1961229676052934964
I am in love with the cute cat from Caught Stealing. Best performance of the year  0x1F601 ,"{""replies"": 3, ""retweets"": 6, ""quotes"": 0, ""likes"": 35, ""views"": 2256}",2025-08-28 21:41:00-05:00,chunked_query,emmasaurustex,Em 엠마,1961182401226588244
Gm a chud LIFTED and played VIDEO GAMES today before heading off to WORK so he can afford to buy TREATS for his cute CAT,"{""replies"": 2, ""retweets"": 3, ""quotes"": 2, ""likes"": 53, ""views"": 705}",2025-08-28 12:50:00-05:00,chunked_query,DofuTheWhite,Dofu the Novice,1961048620658024757
im so disgustingly jealous of everyone who has a cat fuck you? i dont wanna see ur cute cat plastered in my face i also want a cute cat,"{""replies"": 20, ""retweets"": 8, ""quotes"": 0, ""likes"": 80, ""views"": 3612}",2025-08-28 12:05:00-05:00,chunked_query,mikalovesnuts,mika 🌰,1961037355294318693
Caught Stealing is all over the damn place. Butler’s a great lead but the film is too much of a clusterfuck for me to fully recommend. At least the cat is very cute. And I’ll always go up for seeing Action Bronson in movies. Full review coming to @CGMagonline @CGMagonline later this week.,"{""replies"": 2, ""retweets"": 2, ""quotes"": 0, ""likes"": 15, ""views"": 710}",2025-08-28 02:12:00-05:00,chunked_query,ShakExcellence,Shak Lambert,1960888312757149811
I love Fandom as a concept bc sometimes the algorithm blesses me with fanart of a cute cat boy and when I look them up its a 64 year old alcoholic man from a relatively obscure soap opera,"{""replies"": 2, ""retweets"": 2, ""quotes"": 0, ""likes"": 28, ""views"": 382}",2025-08-28 02:07:00-05:00,chunked_query,algae_fish,Unserious FΔggΘt,1960886982764323050
Cute cat + good ticker + owner endorsing + viral on social media. Send it $BOBA $BOBA,"{""replies"": 8, ""retweets"": 6, ""quotes"": 0, ""likes"": 28, ""views"": 1189}",2025-08-28 01:36:00-05:00,chunked_query,sxnseistacks,sensei,1960879026119086481
That mog station beanie with the cat ears is way too cute and I fear I will have to put roira in it for the hehe haha,"{""replies"": 5, ""retweets"": 0, ""quotes"": 0, ""likes"": 39, ""views"": 1629}",2025-08-27 20:58:00-05:00,chunked_query,_iroira,I R A,1960809110489981204
bakugo quirked into a cute fluffy cat and he keeps swishing his tail right under kirishima’s nose to bother him and make him sneeze cause he knows kiri’s allergic to cats AND because kiri keeps trying to pet him and point a stupid distracting laser at him so this is his payback,"{""replies"": 1, ""retweets"": 51, ""quotes"": 0, ""likes"": 931, ""views"": 6474}",2025-08-27 18:05:00-05:00,chunked_query,soulmakas,sai ᯓ★,1960765551589904410
You want reasons huh ? - $MASK $MASK is the biggest cult - Biggest organic community - most active - we win every poll - see our rockets on dex - we survived every crash - survived wars - Billion coded - biggest reason ? literally a cute cat with a mask @CoinMarketCap @CoinMarketCap #BoostMeCMC #BoostMeCMC,"{""replies"": 2, ""retweets"": 4, ""quotes"": 0, ""likes"": 31, ""views"": 263}",2025-08-27 08:02:00-05:00,chunked_query,Borisjr_,boris,1960613792213295483
The niggas on here really just like being mean and miserable  0x1F62D  got a problem with EVERYTHINGGG you could post a picture of a cute cat and somebody here gon reply with”yeah well I don’t think that cat is cute” Jesus christtt,"{""replies"": 1, ""retweets"": 5, ""quotes"": 0, ""likes"": 80, ""views"": 1366}",2025-08-27 03:45:00-05:00,chunked_query,SOCKZXX,SOCKZ 🦇 TALAMASCA SPOILERS,1960549248724033731
"Why im bullish on $COOL $COOL , everyone has been trying to force an animal runner for months now. Shoving dog's and cats and frog's down our throats. $COOL $COOL come's along. grabs volume off the rip. Quietly grows a community, organic ass chart. The cat is cute as hell. Ohhh yeah. Me likey.","{""replies"": 2, ""retweets"": 7, ""quotes"": 0, ""likes"": 27, ""views"": 1065}",2025-08-26 21:07:00-05:00,chunked_query,Solanaisforme,Marriedtothegame,1960449018691248357
My cat has realized I find him cute and he's taking advantage of it by meowing and purring to get what he wants,"{""replies"": 5, ""retweets"": 1, ""quotes"": 0, ""likes"": 70, ""views"": 1089}",2025-08-26 18:00:00-05:00,chunked_query,AerialLiz,⛓Liz💜,1960401918255059107
spending 10 minutes making a cute yoghurt bowl for myself as respite,"{""replies"": 1, ""retweets"": 0, ""quotes"": 0, ""likes"": 86, ""views"": 1634}",2025-08-26 16:43:00-05:00,chunked_query,tofuu_cat,jin 𐔌՞. .՞𐦯,1960382480843669840
cat hurt me by accident and saw she hurt me (she’s deaf she had to look at me first so i was panicking a bit and it made it worse lol) and then she head butted my hand and flopped a bunch (show belly) to apologize  0x1F62D  she’s so cute,"{""replies"": 1, ""retweets"": 0, ""quotes"": 0, ""likes"": 27, ""views"": 275}",2025-08-26 16:18:00-05:00,chunked_query,SHARKIEREXIC,Sharkie🦈,1960376349022879832
"I'm sad that one of these ""uncomforts"" accounts used my cat george pic and ruined it to make it scary. :( I doodled on that pic just to make it cute :( I didn't like it and of course I blocked that account. I even thought that it was anti acc  0x1F641 ","{""replies"": 8, ""retweets"": 3, ""quotes"": 0, ""likes"": 106, ""views"": 5274}",2025-08-26 11:47:00-05:00,chunked_query,gnfyippee,sun! GEORGE DAY 💙,1960308085525749875
if i was a kpop idol and my fans didn't associate me with a cute animal like a cat or a penguin or something and instead i got some weird shit like a kangaroo id be mad as HELL,"{""replies"": 7, ""retweets"": 1, ""quotes"": 0, ""likes"": 20, ""views"": 587}",2025-08-26 10:49:00-05:00,chunked_query,dazaiobIivion,jack,1960293518317957340
did my toenails so cute tonight (i was also in a janna game in aram while i did them  0x1FAE1 ),"{""replies"": 4, ""retweets"": 0, ""quotes"": 0, ""likes"": 95, ""views"": 2119}",2025-08-26 04:20:00-05:00,chunked_query,tofuu_cat,jin 𐔌՞. .՞𐦯,1960195552739549328
"Uhmm, why is there cannibalism on my tl  0x1F62D  It all started with that one Paulie eating beetle thread. Now, with that ""pudding"" shop. What even, I want more cute cat videos. Or cosplays, idk but not THAT, jesus christ (it reminds me of that cannibal ex-friend  0x1F940 )","{""replies"": 2, ""retweets"": 0, ""quotes"": 0, ""likes"": 12, ""views"": 206}",2025-08-25 19:33:00-05:00,chunked_query,KokovRinn,Kokov,1960063061403877756
 0x1F4BF : gatita is showing up more recently because there is a stray cat we are feeding and she gets jealous gatita too cute  0x1F979  0x2764 0xFE0F ,"{""replies"": 1, ""retweets"": 75, ""quotes"": 0, ""likes"": 785, ""views"": 4804}",2025-08-24 23:43:00-05:00,chunked_query,nekokorocher,coco🍬🌸,1959763447396418009
meow I mourn my favorite campus cat who battled sickness and multiple health issues sad that I won’t be bothered by a cute and fat little yellow chonker either otw home or while with my orgmates  0x1F431  0x1F54A 0xFE0F ,"{""replies"": 0, ""retweets"": 0, ""quotes"": 0, ""likes"": 26, ""views"": 331}",2025-08-24 09:53:00-05:00,chunked_query,ensaymeowda,Ka Muning 🌹🇵🇸🇺🇦,1959554619517939739
DO NOT OVERTHINK $CJ $CJ - “ah shit here we go again guy” $MICHI $MICHI - “Cute standing cat” $GAK $GAK -“the gakster” $SKI $SKI - “#1 exchanges dog”,"{""replies"": 8, ""retweets"": 6, ""quotes"": 0, ""likes"": 24, ""views"": 445}",2025-08-24 08:04:00-05:00,chunked_query,RA24_SOL,RA.5mbk,1959527143127314809
Are you missing the most Cute Cat? Let’s raise your hand to let us know TAT x CHAWARIN #AmazingTHGrandSale25xNuNew #AmazingTHGrandSale25xNuNew,"{""replies"": 19, ""retweets"": 82, ""quotes"": 0, ""likes"": 95, ""views"": 1115}",2025-08-24 07:54:00-05:00,chunked_query,HKHeartsToZNN,HK🇭🇰Hearts To ZeeNuNew💙🧡,1959524826382491919
My cat fell asleep laying her head on top of my foot :-( so cute but I’m thirsty,"{""replies"": 5, ""retweets"": 0, ""quotes"": 0, ""likes"": 17, ""views"": 1292}",2025-08-24 03:23:00-05:00,chunked_query,hotpantsxoxo,Cereza ⚢ 🇨🇺,1959456572494458948
"han calling lee know cute nicknames like linoring/minhoring, house big cat and now leeknownyang  0x1F62D  he loves calling him kitty cat","{""replies"": 1, ""retweets"": 105, ""quotes"": 0, ""likes"": 963, ""views"": 5632}",2025-08-23 14:32:00-05:00,chunked_query,misobundle,reni,1959262420515316038
"Send this cute cat higher, i mean banana  0x1F431  0x1F34C ","{""replies"": 42, ""retweets"": 8, ""quotes"": 0, ""likes"": 40, ""views"": 1345}",2025-08-23 13:15:00-05:00,chunked_query,1_danib,DaniB,1959243044386938989
A cat gave birth to 3 cute kittens in my building. <3,"{""replies"": 6, ""retweets"": 0, ""quotes"": 2, ""likes"": 14, ""views"": 955}",2025-08-23 06:39:00-05:00,chunked_query,Vodka_Cyanide,Riskiest_Poison.1,1959143537481494660
Don’t dm me unless you’ll send me cute pics of your cat hmph,"{""replies"": 11, ""retweets"": 7, ""quotes"": 1, ""likes"": 192, ""views"": 8754}",2025-08-23 03:04:00-05:00,chunked_query,ilybrnda,b ₍^. .^₎⟆,1959089446868992280
"Kyu in that black outfit during super show, kyu being a cat to a cat , kyu running like a penguin to feed cute little penguins... and all in a span of 24 hours... how am I supposed to be normal?","{""replies"": 0, ""retweets"": 15, ""quotes"": 0, ""likes"": 26, ""views"": 600}",2025-08-23 02:55:00-05:00,chunked_query,Kyu_pillow,Kyuhyunism practitioner,1959087023790105017
"S2!Eddie and s!8 Buck, Buck decides to play with the new probie a little bc he's a cute pouty little thing like a cat, except Eddie is an omega and every time Buck walks around he keeps leaking, so Eddie runs away and Buck keeps chasing him around wondering why tf he's running.","{""replies"": 3, ""retweets"": 13, ""quotes"": 0, ""likes"": 206, ""views"": 3611}",2025-08-23 02:20:00-05:00,chunked_query,edssluttywaist,cro☀️🍉,1959078379186946419
pet regression but instead of being a dog or cat and being cute im a boar so i eat everything in sight and also i cant stop running into things on purpose,"{""replies"": 8, ""retweets"": 9, ""quotes"": 0, ""likes"": 142, ""views"": 1759}",2025-08-22 23:53:00-05:00,chunked_query,beetlebarkz,barley 🥓,1959041278005440944
Curious is anyone would help me out with creating an adorable cat vtuber model that's spooky yet cute (: My laptop doesn't like me using more detailed models so thinking a cat like model would be fun (: #vtuber #vtuber #smallstreamers #smallstreamers #vtube #vtube,"{""replies"": 44, ""retweets"": 4, ""quotes"": 0, ""likes"": 56, ""views"": 2034}",2025-08-22 19:08:00-05:00,chunked_query,Nyzerie,《ռʏʐɛʀɨɛ》,1958969596058509348
"Doja Cat is Doja Cat. Do I consider her a rapper? Yes, because I loved her last album. I don't like pop/rap so her new song is neither here nor there to me. The video is cute though and I live for the 80s aesthetic. Also, it's not comparable to Imaginary Players, two totally different songs and vibes.","{""replies"": 3, ""retweets"": 3, ""quotes"": 0, ""likes"": 21, ""views"": 639}",2025-08-22 17:46:00-05:00,chunked_query,BonifideBeaut,Rap💫G¡rls♡Cav¡ar⚜️,1958949006429557046
The cat is cute.,"{""replies"": 41, ""retweets"": 42, ""quotes"": 9, ""likes"": 164, ""views"": 9963}",2025-08-22 13:13:00-05:00,chunked_query,mochi_token,MOCHI,1958880284641739145
remembering when sotr came out and y'all were saying tigris was the cat eared lady who treated haymitch like an animal for a cute little photo op. i will not let you forget,"{""replies"": 3, ""retweets"": 2, ""quotes"": 0, ""likes"": 64, ""views"": 936}",2025-08-21 01:34:00-05:00,chunked_query,silverrebi,seren #1 tigris stan 🍁,1958341957450858743
"mfs only like cats when they’re cute memes on a screen, bcs i’ve seen a good amount of these mfs who literally never interact with their own cat","{""replies"": 1, ""retweets"": 0, ""quotes"": 0, ""likes"": 17, ""views"": 600}",2025-08-21 01:10:00-05:00,chunked_query,deathktty,𝗆𝖺𝗋𝗌 - 𖤓,1958335820122997232
took a cute photo of my silly fat cat I love him sm  0x1F494 ,"{""replies"": 2, ""retweets"": 0, ""quotes"": 0, ""likes"": 13, ""views"": 638}",2025-08-21 00:38:00-05:00,chunked_query,bunniluv__,🎀,1958327899410637080
can we please find a cute cat and make it 100m runner ?,"{""replies"": 176, ""retweets"": 22, ""quotes"": 0, ""likes"": 259, ""views"": 32093}",2025-08-20 23:02:00-05:00,chunked_query,Kingstaccz,pumpfun.ye,1958303701157777774
"my coworker is so cute  0x1F97A  she came up to me & was like ""kat guess what?? i started playing a pokémon!!"" i asked her if it was scarlet or violet & she said ""idk but i chose the green cat :)"" a new trainer has started their first ever journey  0x1F979 ","{""replies"": 3, ""retweets"": 1, ""quotes"": 0, ""likes"": 193, ""views"": 3595}",2025-08-20 16:56:00-05:00,chunked_query,sillylilkat,silly kat 🍉,1958211442039046486
"this cute lil cat mini lion $MINIRA $MINIRA is fuckin bullish, I could sense the PvE scent in this one.  0x1F64F  0x1F64F  0x1F64F ","{""replies"": 1, ""retweets"": 0, ""quotes"": 0, ""likes"": 16, ""views"": 1042}",2025-08-20 10:23:00-05:00,chunked_query,zachvierrr,Zav ◎ $1 $CORE,1958112759956336713
"last year we started playing cute cat and dog tokens because they were fun and cool until we realized how many cute cats and dogs there are. feels like we're running back the same thing but with launchpads, each new launchpad is fun and cool but they're just gonna keep coming. hardcore-cult launchpad-agnostic tokens fix this.","{""replies"": 12, ""retweets"": 2, ""quotes"": 0, ""likes"": 26, ""views"": 1420}",2025-08-19 22:52:00-05:00,chunked_query,oxstrategy,ox,1957938796235755682
"Zainab painted a black cat for her nephew, I would like to exchange places with him it's SO CUTE","{""replies"": 5, ""retweets"": 1, ""quotes"": 0, ""likes"": 31, ""views"": 736}",2025-08-19 16:40:00-05:00,chunked_query,poisonwithana,capyzara,1957845139298349102
Gl in vault today cuties I wish I was a cute cat in real life,"{""replies"": 4, ""retweets"": 1, ""quotes"": 0, ""likes"": 17, ""views"": 571}",2025-08-19 15:34:00-05:00,chunked_query,kellendh,kellen,1957828460694384828
"I just know Laurent is weird. He’ll bark like a dog and meow like a cat, and Damen finds it strange but also really cute, and encourages him to be his weirdest self","{""replies"": 1, ""retweets"": 2, ""quotes"": 0, ""likes"": 84, ""views"": 1025}",2025-08-19 13:27:00-05:00,chunked_query,winmance,Winmance,1957796678330655132
P’Boommmm if “TootToot” is new nick name for Auralis please post/repost a cute cat post 0x1F92D  0x1F92D  @bxxm_rvw @bxxm_rvw,"{""replies"": 5, ""retweets"": 14, ""quotes"": 1, ""likes"": 118, ""views"": 2458}",2025-08-19 08:03:00-05:00,chunked_query,sawale_diksha,DS,1957715136116060245
"choosing to believe radio silence regarding samira mohan is because she's getting whatever she wants as workaholic princess heir apparent robby 2.0 of ptmc ed with her meet cute bf brian hancock, boss bf jack abbot, fellowship/attending offers galore, and another cat big wayne","{""replies"": 1, ""retweets"": 1, ""quotes"": 0, ""likes"": 159, ""views"": 3219}",2025-08-19 04:05:00-05:00,chunked_query,inkbugfic,bug,1957655233703866727
Ok everyone on tvltw got a cat but me?! Y all babies are cute  0x1F970 ,"{""replies"": 11, ""retweets"": 1, ""quotes"": 0, ""likes"": 21, ""views"": 1779}",2025-08-19 01:51:00-05:00,chunked_query,LaFaarah,Farah L. Augustin,1957621528285044986
"being a cat would be cool, you could just be endearing and follow people into their houses and they would be like “oh, cute kitty” and adopt you as their child and you could pretend like you could only eat sashimi grade tuna by puking and stuff after they fell in love with you","{""replies"": 3, ""retweets"": 0, ""quotes"": 2, ""likes"": 13, ""views"": 584}",2025-08-18 18:13:00-05:00,chunked_query,stinkgen,stink,1957506233889378525
We need to bring back - Viral TikTok coins - Cute dog & cat memes - Memes with good narratives - Coins based off of viral trends It’s the only way to save solana memecoin.,"{""replies"": 158, ""retweets"": 28, ""quotes"": 5, ""likes"": 217, ""views"": 16482}",2025-08-18 18:05:00-05:00,chunked_query,eth_exy,Exy,1957504171357209018
"Yo @finnbags @finnbags where is the @BagsApp @BagsApp runner at? An empty hat doesn't appeal to the masses, a cute animal does. CT loves a cat and we have seen that many times. How can you not get it?","{""replies"": 2, ""retweets"": 1, ""quotes"": 0, ""likes"": 20, ""views"": 884}",2025-08-18 17:07:00-05:00,chunked_query,TechFactor_,DGen,1957489625410465906
"2024: cute cat, send it 2025: skibidiohiorizz6900sigmafanum is super viral on tiktok right now it will moon","{""replies"": 8, ""retweets"": 1, ""quotes"": 0, ""likes"": 17, ""views"": 1085}",2025-08-18 12:11:00-05:00,chunked_query,solgoodman,solgoodman,1957415136450244781
"""if a cat hugs me whenever im in pain, then i'd rather be hurting every day"" she's so cute but no baby we dont want you hurt. so take care of urself ok? #YokoApasra #YokoApasra","{""replies"": 0, ""retweets"": 11, ""quotes"": 0, ""likes"": 40, ""views"": 940}",2025-08-18 04:38:00-05:00,chunked_query,Jang_YBie,Jang 👻,1957300956166861294
ummmmm is my cat not aware he needs a license to be this cute ??,"{""replies"": 2, ""retweets"": 0, ""quotes"": 0, ""likes"": 11, ""views"": 247}",2025-08-18 03:13:00-05:00,chunked_query,PrincessPastry_,Beans ☥,1957279600305656013
wellll maybe if my cat didn’t wanna be smushied and lovied all over he should have tried not being so cute,"{""replies"": 2, ""retweets"": 0, ""quotes"": 0, ""likes"": 12, ""views"": 183}",2025-08-18 03:09:00-05:00,chunked_query,PrincessPastry_,Beans ☥,1957278566732759250
"Visited my bf today and his cats are lovely, even the one that’s usually shy and hisses a lot let me pet her lol she approached me, and immediately did the thing where she nudged my hand up to her head for head pats  0x1F97A  So cute. Wish I could’ve gotten photos of said cat tho.","{""replies"": 4, ""retweets"": 0, ""quotes"": 0, ""likes"": 29, ""views"": 410}",2025-08-18 00:49:00-05:00,chunked_query,Dr3amingDragon,Camilla✨,1957243543715770645
if you were to turn into an animal what would it be #SUNOO #SUNOO : cat  0x1F431  #JAKE #JAKE : koala  0x1F428  coz they sleep all day and they’re cute #NI_KI #NI_KI : puma or chimpanzee,"{""replies"": 2, ""retweets"": 492, ""quotes"": 193, ""likes"": 2137, ""views"": 107412}",2025-08-18 00:23:00-05:00,chunked_query,hunniehoons,inna ૮₍.•︤ ·•︤ ₎ა ☽̶☾,1957236870045454781
Your Majesty would be a cute name for a Cat. Ok me. I mean me.,"{""replies"": 1, ""retweets"": 24, ""quotes"": 1, ""likes"": 63, ""views"": 1729}",2025-08-17 17:25:00-05:00,chunked_query,kv8,Cat From Nowhere,1957131803916959883
feeling like a twitter privacy maxi anonymous guy who felt cute and decided to doxx himself today hbu,"{""replies"": 4, ""retweets"": 0, ""quotes"": 0, ""likes"": 23, ""views"": 775}",2025-08-17 10:24:00-05:00,chunked_query,purr___cat,♱ 𝔓𝔲𝔯𝔯𝔠𝔞𝔱 猫 ♱,1957025754455167447
I’m glad Yoko is just busy with her cat memes  0x1F606  so cute,"{""replies"": 0, ""retweets"": 10, ""quotes"": 0, ""likes"": 64, ""views"": 1560}",2025-08-17 07:01:00-05:00,chunked_query,__twolips__,Yazzi,1956974604833964444
The cat is so cute  0x1F97A omgg and her taking care of the cat while he is out of town,"{""replies"": 0, ""retweets"": 0, ""quotes"": 0, ""likes"": 25, ""views"": 1221}",2025-08-17 04:23:00-05:00,chunked_query,heythatscassie1,Cassie🩵,1956934859399811185
"Diokira has a baby, her name is Diora and she is cute, cat fetus","{""replies"": 5, ""retweets"": 1, ""quotes"": 1, ""likes"": 20, ""views"": 369}",2025-08-17 04:20:00-05:00,chunked_query,_kiradionyam_,Nyam,1956934239586603107
I hope if i ever get kidnapped they have a cute cat,"{""replies"": 2, ""retweets"": 0, ""quotes"": 0, ""likes"": 11, ""views"": 256}",2025-08-16 22:45:00-05:00,chunked_query,twentypacc,LIAAAAAA🫶🏻,1956849769071923212
 0x1F464 : your cat is so cute Me: thank you  0x1F464 : how many cats do you have? Me: I have 4  0x1F464 : so you basically have 5 0x1F440  Na God go punish you! Do you know me from anywhere before?,"{""replies"": 53, ""retweets"": 381, ""quotes"": 43, ""likes"": 4114, ""views"": 136205}",2025-08-16 19:41:00-05:00,chunked_query,Jenerage,Ebube,1956803454384431373
What if we all came together and sent a cute cat runner to 100m today,"{""replies"": 243, ""retweets"": 17, ""quotes"": 9, ""likes"": 362, ""views"": 43477}",2025-08-16 17:20:00-05:00,chunked_query,Yennii56,Yenni,1956768032354894060
we just found out that my cat is super sick. i’m so devastated right now. can all my oomfs reply with some cute one piece/ red velvet stuff? it would make my day truly  0x1F90D  0x1F90D ,"{""replies"": 24, ""retweets"": 0, ""quotes"": 0, ""likes"": 56, ""views"": 2939}",2025-08-16 16:29:00-05:00,chunked_query,nicovelvets,ava ☆,1956755086996349197
I HATE MY CAT BRUHHHHHHH SHE KEEPS SLEEPING HORIZONTALLY ON MY BED N PUSHING ME OFF MY OWN PILLOW I CANT HAVR ANYTHING 0x1F62D  0x1F62D  0x1F62D  0x1F62D  0x1F62D  0x1F62D  0x1F62D  0x1F62D  0x1F62D  0x1F62D  0x1F62D  0x1F62D  0x1F62D  0x1F62D  0x1F62D (shes too cute so theres nothing i can do about this other than accept fate),"{""replies"": 9, ""retweets"": 6, ""quotes"": 0, ""likes"": 369, ""views"": 9589}",2025-08-16 11:19:00-05:00,chunked_query,destiny_thememe,D2 Postin' | E33 Arc ⬛️⬜️🟪,1956677267507069075
my cat is so cute i am considering eating her,"{""replies"": 3, ""retweets"": 0, ""quotes"": 0, ""likes"": 16, ""views"": 558}",2025-08-16 00:44:00-05:00,chunked_query,lonelyisthejulz,@ jules,1956517457276920207
"life with a cat allergy SUCKS bc every time you make a new friend and go to their house it's ""omg meet my cat"" and then there's a cute cat but then you have to say ""i have a cat allergy :("" and everyone's like ""what :("" and then you :( itch","{""replies"": 8, ""retweets"": 4, ""quotes"": 0, ""likes"": 120, ""views"": 2819}",2025-08-15 23:15:00-05:00,chunked_query,antony_kos,Antony Kos 🎉,1956495089707946139
"bakugo’s eyes being very expressive and betraying his physical emotions would be so cute, like a cat, when he’s hyper focused on something or looking at someone he doesn’t like, his eyes are tiny slits but when hes looking at someone who’s company he enjoys his pupils are dilated","{""replies"": 1, ""retweets"": 10, ""quotes"": 0, ""likes"": 182, ""views"": 1399}",2025-08-15 16:26:00-05:00,chunked_query,soulmakas,sai ᯓ★,1956392061311103430
i love it when fan artists draw nico looking intimidating and hot then u focus on the rest of the details and he has like a cute little kitty cat keychain on his bag or a strawberry milk box in his hand,"{""replies"": 0, ""retweets"": 13, ""quotes"": 0, ""likes"": 214, ""views"": 3256}",2025-08-15 14:14:00-05:00,chunked_query,minisodeweno,cori ★,1956358912594137461
Sometimes I swipe right on Tinder because their cat is cute,"{""replies"": 0, ""retweets"": 0, ""quotes"": 0, ""likes"": 23, ""views"": 1144}",2025-08-15 12:27:00-05:00,chunked_query,zawirrahim,Zawir Abd Rahim,1956331925854900402
What makes you think this cute cat won’t soar to the moon?  0x1F680  Never underestimate the power of the Cat we’re in the Season of the Cat! Don’t trade your precious cat for a gorilla  0x1F923  Hold it tight like your life depends on it!  0x1F48E  $WKC $WKC & @Billicatcoin @Billicatcoin Army — GM Legends  0x1F680 ,"{""replies"": 5, ""retweets"": 5, ""quotes"": 0, ""likes"": 10, ""views"": 212}",2025-08-15 06:24:00-05:00,chunked_query,GideonEyo01,MindOnWeb3,1956240496533082371
"I think more boys should wear cat ears, bunny ears, and cute butler suits. That would fix everything I think","{""replies"": 7, ""retweets"": 5, ""quotes"": 0, ""likes"": 99, ""views"": 1328}",2025-08-15 01:58:00-05:00,chunked_query,King_Anura,⟡ Anura ⟡👑🖤,1956173588333015460
i’m gonna be late to the cinema cos i got held hostage by a very cute cat who didn’t want me to leave her,"{""replies"": 2, ""retweets"": 0, ""quotes"": 0, ""likes"": 24, ""views"": 1621}",2025-08-14 21:05:00-05:00,chunked_query,Viathanlol,Viathan,1956099919363658042
"lestat thinks he's a vicious predator in his cat form meanwhile louis thinks he's adorable little chonk ""oh you're so cute my fluffy baby"" ""my claws are deadly weapons louis"" ""your little toe beans aww gonna eat them""","{""replies"": 2, ""retweets"": 19, ""quotes"": 0, ""likes"": 204, ""views"": 3610}",2025-08-14 21:05:00-05:00,chunked_query,deeanampromorh,• dee •,1956099778171036114
First day of the job went well! I smell like cigarettes now but i saw a cute cat and the old people liked me!,"{""replies"": 2, ""retweets"": 0, ""quotes"": 0, ""likes"": 21, ""views"": 292}",2025-08-14 19:00:00-05:00,chunked_query,dahvi_darc,Dahvi 👾🍪 (V-Tality),1956068305640546664
A feral cat just came on property. It was an orange & white kitty. So cute. Looked about 4 months old? I scared it tho. Dammit. I hope it comes back. I was gonna put food out 4 it. Maybe I should put some near where he ran.  0x1F914 ,"{""replies"": 3, ""retweets"": 0, ""quotes"": 0, ""likes"": 16, ""views"": 284}",2025-08-14 03:12:00-05:00,chunked_query,PissedOffMandaP,Pissed Off Panda 🐼👽😡,1955829794190328024
Foxes are silly little creatures they both look and act like a cat and dog but they are nether they are loud and quiet and not to mention cute,"{""replies"": 4, ""retweets"": 1, ""quotes"": 0, ""likes"": 55, ""views"": 892}",2025-08-14 01:01:00-05:00,chunked_query,ValidHazelTrans,HazelFox🏳️‍⚧️🦊,1955796965393932586
"I really love having silly around, shes truly a lovely lovely cat, well behaved, goofy, cuddly, vocal, CUTE AS FUCK My cats sure know how to pick me","{""replies"": 0, ""retweets"": 0, ""quotes"": 0, ""likes"": 16, ""views"": 374}",2025-08-13 20:49:00-05:00,chunked_query,pinningwings,⁽ᶠᵉᵉᵈ ᵐᵉ⁾ 𓅻 𝗚𝗨𝗡𝗞 𓅻,1955733496497832437
"imagine if cat sized bugs, like that be so cool, cat sized rolly polly haha that would be so cute, like if you can relate","{""replies"": 19, ""retweets"": 197, ""quotes"": 14, ""likes"": 1111, ""views"": 24295}",2025-08-13 19:10:00-05:00,chunked_query,lobotobonii,𝐒𝐚𝐥𝐞𝐦#maiorfãdoesnupi,1955708513008623635
"50k+ views on the pumpfun tweet and counting literally free promo, everyone is gonna see this. we are bringing back what the trenches were always about, cute PVE runners. No farm, No bundles, No Vamps, No Fud Just a cute cat smiling $Smile $Smile","{""replies"": 5, ""retweets"": 1, ""quotes"": 1, ""likes"": 21, ""views"": 1536}",2025-08-13 16:45:00-05:00,chunked_query,miketrenches,Mike,1955672087085097021
perv cat hybrid/shifter sαn who feigns being a sad stray so human wy will take him home but doesn’t let wy know he’s a hybrid yet bc wy lets him stay in the room while he changes and leaves the door open when he showers bc ‘it’s just a cat! he’s just cute & clingy!’ +,"{""replies"": 2, ""retweets"": 14, ""quotes"": 0, ""likes"": 97, ""views"": 1505}",2025-08-13 13:53:00-05:00,chunked_query,sunbeamwoo,kale 🐈‍⬛🕳️,1955628906742239406
"So cute, so cute, I'm so happy >/v/< Cat Prince is going to have a difficult time losing any of the weight...!! (secretly, in a moment of weakness, he's going to ask the castle's staff to sneak him food while Bastian isn't looking.. <3)","{""replies"": 1, ""retweets"": 4, ""quotes"": 0, ""likes"": 78, ""views"": 2160}",2025-08-13 06:42:00-05:00,chunked_query,fairyrolls,Silv-Pom?,1955520370318172557
todays teeny tiny brainrot: crow wy who keeps stealing cat sn’s fur for his nest and bringing him little shiny trinkets as a “trade”. sn doesn’t know why this bird is trying to barter with little metal bits but it’s so cute that it’s working,"{""replies"": 4, ""retweets"": 18, ""quotes"": 2, ""likes"": 164, ""views"": 2664}",2025-08-13 03:02:00-05:00,chunked_query,lunarwsn,luna ♡,1955464950438301727
i’m so excited to moveeeeeeeeeeeeeeee i can’t wait to have my own cute space and possibly get a cat again (when i’m ready) and just be in a new placeee AAAAAA. the most exciting part is i’ll be able to stream more often and longer FINALLY,"{""replies"": 15, ""retweets"": 2, ""quotes"": 0, ""likes"": 215, ""views"": 2649}",2025-08-12 08:14:00-05:00,chunked_query,KitsuraNines,Nines 🐾🤍 DUMB FOX 🦊,1955181018249367927
the idea of collei having the constellation of an African cat instead of a bengali cat because she was raised in sumeru by two people who are African is so cute to me 0x1F62D ,"{""replies"": 2, ""retweets"": 9, ""quotes"": 0, ""likes"": 148, ""views"": 1581}",2025-08-11 17:45:00-05:00,chunked_query,timelysumeru,☆ timely sumeru ☆,1954962325997285389
Playing name place animal thing with niece and she wrote “very cute cat” in animal section when “v” came  0x1F62D ,"{""replies"": 4, ""retweets"": 1, ""quotes"": 0, ""likes"": 20, ""views"": 649}",2025-08-11 16:55:00-05:00,chunked_query,I_nyctophile,Amethyst,1954949707865997390
"Kara is so cute and awkward explaining about writing the letter… but it does not excuse the fact that she wrote the letter and sent it without telling cat, like what the hell","{""replies"": 1, ""retweets"": 0, ""quotes"": 0, ""likes"": 17, ""views"": 320}",2025-08-11 12:35:00-05:00,chunked_query,JenLRossman,Jennifer Lee Rossman,1954884421984915908
Sometimes I look at my cat's little paws and want to cry because she's so cute,"{""replies"": 1, ""retweets"": 0, ""quotes"": 0, ""likes"": 28, ""views"": 623}",2025-08-11 07:07:00-05:00,chunked_query,uglyblender,sam,1954801940564484228
"hearing my cat move isnso cute bc she only has three legs so it's like a ""t-tap.. t-tap... t-tap... t-tap..."" bc she has to hop her back leg  0x1F97A ","{""replies"": 0, ""retweets"": 0, ""quotes"": 0, ""likes"": 10, ""views"": 174}",2025-08-11 03:10:00-05:00,chunked_query,ickycasket,Octobermarink 🎃⚰️🔮,1954742305161638127
"So if @finnbags @finnbags puts the hat on his cute cat not only will it be the funniest thing he could do, but this will also immediately pump to 100m? Send ittttt","{""replies"": 2, ""retweets"": 3, ""quotes"": 0, ""likes"": 17, ""views"": 400}",2025-08-11 02:08:00-05:00,chunked_query,youngmoolah69,Moolah,1954726684931842513
the donation is so cute. when gumi went to the bathroom they sent a donation “hello? later our cat is going to play soloq please chat prettily”,"{""replies"": 0, ""retweets"": 14, ""quotes"": 0, ""likes"": 62, ""views"": 818}",2025-08-10 15:59:00-05:00,chunked_query,hwuthv,haley,1954573321691115935
"Do follow trains still exist? If not, I’ll start the tiniest, most wholesome one ever. I’ll follow back anyone with a cat, dog, or other cute animal in their profile… honestly, I’ll follow anyone who likes & reposts this — even if you’re a Democrat.  0x1F43E  0x1F682 ""","{""replies"": 7, ""retweets"": 10, ""quotes"": 0, ""likes"": 47, ""views"": 1371}",2025-08-09 17:26:00-05:00,chunked_query,TheMagaKing2_0,TMK,1954232792231121125
It’s been a minute and maple has farted 3 times It’s like I’m sharing a room with Paz (Minto’s cat not the cute girl),"{""replies"": 3, ""retweets"": 1, ""quotes"": 0, ""likes"": 186, ""views"": 2818}",2025-08-09 16:12:00-05:00,chunked_query,roaming2na,toon,1954214152920301658
not liking animals must suck tbh theres nothing i enjoy more than watching a horse cat or deer move their cute little ears around...so fascinating to me,"{""replies"": 4, ""retweets"": 0, ""quotes"": 0, ""likes"": 24, ""views"": 347}",2025-08-09 15:17:00-05:00,chunked_query,priestyaoi,ENMA 🌈 🌱 我有女同瘾,1954200325805478109
"i find it so cute how we often see shy, nervous seunghan but as soon as he goes live he turns into that silly yapper cat we know so well  0x1F62D ","{""replies"": 0, ""retweets"": 5, ""quotes"": 0, ""likes"": 105, ""views"": 1592}",2025-08-09 13:25:00-05:00,chunked_query,byeolique,eli.,1954172277047644204
Higher for the cute cat $rawr $rawr,"{""replies"": 0, ""retweets"": 4, ""quotes"": 0, ""likes"": 22, ""views"": 2234}",2025-08-09 10:52:00-05:00,chunked_query,Brukaliff,Brukaliff,1954133584610034009
"I'm a bit stressed of cuz of too much work so i'm susceptible to ragebait, i'm gonna delete my rant in a bit and back to posting cute cat pictures, gameplay and positive content soon","{""replies"": 0, ""retweets"": 0, ""quotes"": 0, ""likes"": 49, ""views"": 1842}",2025-08-09 03:53:00-05:00,chunked_query,AraYuannn,yuan - GA in 📌,1954028151367250049
okay hold up. what if i crocheted cat hats. everyone loves a furball in a dumb cute little hat right,"{""replies"": 6, ""retweets"": 0, ""quotes"": 0, ""likes"": 45, ""views"": 797}",2025-08-09 01:53:00-05:00,chunked_query,da1ntydeath,elowyn 🍂,1953997965292712062
"Maojiu not as a beautiful long haired cat but a little stray, a cute catboy with a missing ear and a poorly healed broken tail. He was declawed to stop him scratching qjl and has a 9 tattooed on the inside of his one remaining ear.","{""replies"": 6, ""retweets"": 42, ""quotes"": 0, ""likes"": 450, ""views"": 5630}",2025-08-08 17:08:00-05:00,chunked_query,PlagueSquid,Library Squid,1953865860373721251
Anyone else feel a sense of pride when the vet compliments how cute and nice your cat  0x1F979 ,"{""replies"": 6, ""retweets"": 0, ""quotes"": 0, ""likes"": 73, ""views"": 1743}",2025-08-08 14:40:00-05:00,chunked_query,DionysusMythos,Dionysus🍷🍇【Mythos】| Town Drunk,1953828546385776750
"a medical rep today said he would never get a matching tattoo w/ his wife because he feels like its a bad omen for a relationship, i said 'well maybe you could just both get cute little 8bit style cat heads of your guys' cats! then its for THEM not YOU!' and he LOVED the idea LOL","{""replies"": 1, ""retweets"": 0, ""quotes"": 0, ""likes"": 62, ""views"": 1090}",2025-08-08 01:53:00-05:00,chunked_query,FwipsArt,Chii 🍉🍉🍉,1953635555767726104
there’s a cat at the vet this morning named cricket … so cute … new nickname for tallulah just dropped,"{""replies"": 1, ""retweets"": 0, ""quotes"": 0, ""likes"": 12, ""views"": 275}",2025-08-07 12:04:00-05:00,chunked_query,flowermast,hannah,1953426973226615293
would you rather have a cute little pair of cat ears or forever be entombed in a featureless room,"{""replies"": 5, ""retweets"": 0, ""quotes"": 0, ""likes"": 29, ""views"": 907}",2025-08-07 00:16:00-05:00,chunked_query,surrogatelovers,molly mo 🌸,1953248770583380356
"Helen holding a cat in her arms- Mad: That's adorable! Can I pet? Hel: Yes, of course. Mad: *starts patting Helen on the head* Who's the cutest girl in the whole world? Hel: *grumpily* You? Mad: I'm cute, yes, but Try again. Hel: ...me? Mad: *kisses her forehead* Obviously","{""replies"": 2, ""retweets"": 1, ""quotes"": 0, ""likes"": 81, ""views"": 882}",2025-08-06 21:04:00-05:00,chunked_query,IceCubeGill,R'Ay Harkness | MadHel AU 👠,1953200615049576913
sorry not sorry for retweeting every cute cat i see,"{""replies"": 4, ""retweets"": 0, ""quotes"": 0, ""likes"": 22, ""views"": 544}",2025-08-06 20:15:00-05:00,chunked_query,IHEAARTHOTDADS,ollie 🍓,1953188258566779117
taesan is so sweet in ways i can't even explain he's so cute  0x1F62D  0x1F62D  and this moment with riwoo proves it he's just a little cat,"{""replies"": 2, ""retweets"": 4, ""quotes"": 0, ""likes"": 42, ""views"": 580}",2025-08-06 07:02:00-05:00,chunked_query,bndpopper,🏠,1952988621151322606
jongdae give us a cute cat mascot doll and you will be reborn as a lotus flower,"{""replies"": 0, ""retweets"": 11, ""quotes"": 0, ""likes"": 37, ""views"": 995}",2025-08-06 06:59:00-05:00,chunked_query,ppun_xo,ppun,1952988003951059451
cute alt girl that wears cat ears n works behind the desk at my local gym was praising me for how flexible i was during my suspended L & V sitting routine the other day when i came in tnight .. i was red lol she said not 2 be shy n im the most flexible man shes ever seen  0x1F62D fml,"{""replies"": 5, ""retweets"": 0, ""quotes"": 0, ""likes"": 44, ""views"": 2485}",2025-08-06 05:53:00-05:00,chunked_query,didntoccurtome,lizard person ☆,1952971309845021044
"(cat meows and growls in house's bag) stop it dr. wilson, it's just not cute anymore.","{""replies"": 0, ""retweets"": 41, ""quotes"": 1, ""likes"": 165, ""views"": 1833}",2025-08-06 02:00:00-05:00,chunked_query,housequotebot,house bot 🎄,1952912540238815263
bakugo getting asked if he’s a dog person or a cat person and he makes direct eye contact with kirishima while answering “i’ve always liked cute puppies more” and then smirks when kirishima sputters a bit and avoids his gaze with a bright red flushed face,"{""replies"": 7, ""retweets"": 73, ""quotes"": 3, ""likes"": 1071, ""views"": 7813}",2025-08-06 01:33:00-05:00,chunked_query,soulmakas,sai ᯓ★,1952905730480325110
"Ciel: I’ve turned into a cat boy. Do NOT call attention to it Seb: *internally struggling* Y-yes, my cutie—erm. My lord Ciel: Now get me milk tea and some baked salmon. Actually don’t bake the salmon. Let it be alive and flopping on my plate Seb: ‘CUTE!!!’","{""replies"": 2, ""retweets"": 20, ""quotes"": 0, ""likes"": 178, ""views"": 1163}",2025-08-05 21:34:00-05:00,chunked_query,orangecastle05,Butler with Oranges🍊 🔞,1952845765820465618
I may add a stream either later tonight or tomorrow since I won’t be streaming this Friday because of Otakon. Maybe could play the cute post office cat game to at just came out or a different cozy game  0x1F970  0x1F63B ,"{""replies"": 1, ""retweets"": 0, ""quotes"": 0, ""likes"": 33, ""views"": 1606}",2025-08-05 20:33:00-05:00,chunked_query,MangolooCosplay,Mangoloo Cosplays,1952830258303893967
"having a cat is for people who grew up in dysfunctional families and are used to someone screaming at them for everything they do but at least when cats do it, it's in a cute way","{""replies"": 0, ""retweets"": 2, ""quotes"": 0, ""likes"": 29, ""views"": 818}",2025-08-05 16:11:00-05:00,chunked_query,literElly,elly belle 🔮🍉🇵🇸 (they/them),1952764303892750489
theres smth about takumis cute cat eyes and lashes that makes me think wow hed be so much cuter with tears there too,"{""replies"": 2, ""retweets"": 15, ""quotes"": 0, ""likes"": 149, ""views"": 2657}",2025-08-05 15:58:00-05:00,chunked_query,100meltdowns,self immolation,1952761235642233317
its the small things that count: -fully stocked fridge - cute pet cat - fully paid-off house,"{""replies"": 2, ""retweets"": 0, ""quotes"": 0, ""likes"": 26, ""views"": 651}",2025-08-05 15:21:00-05:00,chunked_query,actsmaniac,space cadet 🇪🇺🌐🇩🇪,1952751880230015360
the bad news is that your senses only can process a small portion of reality the good news is that your senses can process cute cat video compilations,"{""replies"": 123, ""retweets"": 1, ""quotes"": 1, ""likes"": 206, ""views"": 4582}",2025-08-05 15:20:00-05:00,chunked_query,banditxbt,banditxbt,1952751554034852062
Me: Never had a cat Also Me: Cannot get enough of cute cat videos,"{""replies"": 113, ""retweets"": 23, ""quotes"": 1, ""likes"": 567, ""views"": 14607}",2025-08-05 03:35:00-05:00,chunked_query,KurtSchlichter,Kurt Schlichter,1952574222460436730
Wearing bulky rings is cool until your cat does something cute and you have 1.5 seconds to get your phone out of your jeans pocket,"{""replies"": 3, ""retweets"": 0, ""quotes"": 0, ""likes"": 23, ""views"": 1413}",2025-08-04 20:35:00-05:00,chunked_query,Ky1eKatarn,Kyle Katarn,1952468460128379380
$TROLL $TROLL is great for solana Its an Og meme that has been around Forever…. Like $GIKO $GIKO I fully believe $GIKO $GIKO will Run super hard. $TROLL $TROLL is creating the standard For holding OG memes. $GIKO $GIKO is the real OG The first cat The first shit poster The first cute guy $GIKO $GIKO is important to buy here It’s cultural relevance Is all time high right now. Thank you for bringing awareness to this Insane opportunity. . □ γ´ ｀ヽ { 二二二 } | 大 | | 五 | | 郎 ∧＿∧ {二二二(；･Д･) 見たお {＿＿_と´ ﾉ し'(＿),"{""replies"": 1, ""retweets"": 6, ""quotes"": 1, ""likes"": 21, ""views"": 335}",2025-08-04 19:21:00-05:00,chunked_query,DICRAPIO7,DICRAPIO,1952449787556688252
"not sure why, but today I feel repulsed seeing pnl cards with girls as the background. feels objectifying or sexualized. maybe try using your cute dog, cat, or some anime characters instead?","{""replies"": 6, ""retweets"": 0, ""quotes"": 0, ""likes"": 13, ""views"": 984}",2025-08-04 08:33:00-05:00,chunked_query,atomicfartt,atomic,1952286838984774002
how tkkers managed to see malice in jm's cute cat vids is beyond me. my boy is minding his business go feast on ur crumbs and leave him alone??,"{""replies"": 0, ""retweets"": 1, ""quotes"": 0, ""likes"": 101, ""views"": 1539}",2025-08-04 06:01:00-05:00,chunked_query,zzimins,y?!,1952248580338770124
"Cat update: I looked out the window and she was curled up in the chair outside my apartment. It was very cute. Then I went to eat dinner, and as I was eating I heard a ""meow"" from outside. I open the door. The cat is there and walks right in. I fed her canned salmon","{""replies"": 8, ""retweets"": 3, ""quotes"": 0, ""likes"": 89, ""views"": 1183}",2025-08-04 03:42:00-05:00,chunked_query,IDsFantasy,ID's Fantasy,1952213445648261332
 0x1F6A8 TIMELINE CLEANSER 0x1F6A8  Comment with a cute photo of your dog or cat! GO!,"{""replies"": 775, ""retweets"": 44, ""quotes"": 8, ""likes"": 540, ""views"": 62949}",2025-08-04 02:23:00-05:00,chunked_query,BreannaMorello,Breanna Morello,1952193679218593988
teacher:rhis is the secret moe langugue no one can speak it me:wait teacher i can speak and read it noobs(class): no you cant ohio blud me:*speaks and shows mu true cute moe magical cat girl self* class:OMG,"{""replies"": 0, ""retweets"": 4, ""quotes"": 0, ""likes"": 18, ""views"": 354}",2025-08-04 00:25:00-05:00,chunked_query,vanillamusic,(o＾・＾o),1952163842622116158
why would they put catnip in the treats this cat keeps yelling and screaming at me in meownese and looking at me longingly and raising his paw and bein aggressively cute cuz he wants them,"{""replies"": 0, ""retweets"": 0, ""quotes"": 0, ""likes"": 21, ""views"": 682}",2025-08-03 21:15:00-05:00,chunked_query,JJJ4Y0_O,🆗,1952116087442837963
when hes so cute you want to put cat ears on him,"{""replies"": 0, ""retweets"": 60, ""quotes"": 0, ""likes"": 266, ""views"": 14962}",2025-08-03 07:15:00-05:00,chunked_query,Guttergore1,★？♡ ✚！,1951904857604186118
"TV: #TFBBAM #TFBBAM (again) My 14 y/o son wt headphones on: playing online games sa laptop Caught him side glancing sa TV every now and then lalo sa cat food scene. Was not able to take a vid kc i just wanted to see him watching na pasimple, cute kc BGYO OUR SodaPOP #BGYO_Gelo #BGYO_Gelo #BGYO #BGYO","{""replies"": 0, ""retweets"": 6, ""quotes"": 0, ""likes"": 16, ""views"": 244}",2025-08-03 05:44:00-05:00,chunked_query,jeasefi_,Ate Jo 💎,1951881797937017336
"i’d like to share my idea of making a duo name for hyeon and semin! it’s a basic name but i thought it was cute hehe my idea was “pyeongyangiz” (pyeongari = chick) (goyangi = cat) i thought it was cute and simple hehe, please don’t flop  0x1F64F  if u like it rt!!","{""replies"": 7, ""retweets"": 34, ""quotes"": 0, ""likes"": 91, ""views"": 1959}",2025-08-03 05:02:00-05:00,chunked_query,kyuveryhao,rachel IN CHAOS 🧊| no1 wonppangdan⊹ ࣪ ˖,1951871325754024098
My camera roll is full of cute cat memes  0x1F643 ,"{""replies"": 3, ""retweets"": 0, ""quotes"": 0, ""likes"": 12, ""views"": 408}",2025-08-03 01:34:00-05:00,chunked_query,Nanax_y,Nana🖤,1951818807267500400
SHE LOOKS SO PATHETIC SO CUTE LIKE A LITTLE SOPPING WET CAT,"{""replies"": 0, ""retweets"": 0, ""quotes"": 0, ""likes"": 101, ""views"": 1644}",2025-08-03 00:32:00-05:00,chunked_query,niimurin,Cyan 👧⏳️,1951803248488132738
I RECORDED SUCH A CUTE VIDEO OF MY HOSTEL CAT BRO ITS EVERYTHING IM SO HAPPY,"{""replies"": 6, ""retweets"": 0, ""quotes"": 0, ""likes"": 13, ""views"": 312}",2025-08-02 19:24:00-05:00,chunked_query,folklore_tlpss,silly paneer,1951725812350382410
i have bid a cute cat... do i share a thesis?,"{""replies"": 15, ""retweets"": 9, ""quotes"": 0, ""likes"": 18, ""views"": 234}",2025-08-02 14:07:00-05:00,chunked_query,blake100x,blake(locked in arc),1951646119869501920
Oomf sends me cat videos its cute ngl,"{""replies"": 7, ""retweets"": 0, ""quotes"": 0, ""likes"": 38, ""views"": 965}",2025-08-02 12:49:00-05:00,chunked_query,Shozlol,shoz,1951626472185340105
I just need a cute cat to complete my life,"{""replies"": 20, ""retweets"": 0, ""quotes"": 0, ""likes"": 41, ""views"": 1483}",2025-08-02 07:09:00-05:00,chunked_query,0xvidhi,0xVidhi,1951540880260866183
"PROMPT FOR THE COMMUNITY ON CHATGPT: A cute ginger cat wearing a sock over its head like a hood, only the face is visible. The sock is [INSERT COLOR OR PATTERN HERE], made of soft knit fabric, with a snug fit around the cat’s head. The background is neutral, and the lighting is soft, creating a warm and cozy atmosphere. The cat looks directly at the camera with big, round eyes.","{""replies"": 1, ""retweets"": 3, ""quotes"": 1, ""likes"": 19, ""views"": 779}",2025-08-01 21:51:00-05:00,chunked_query,MunchBaby1337,Munch_baby 𝕏 59₿,1951400400612942053
"The autoplay on these videos is mental. You watch a cute dog or cat messing about and within 2 vids you’re bombarded with right wing slop, Darren G, that HS nonce, street fights or AI voiced shit recipes. Enough to make you opt for a hot bath with a razor","{""replies"": 3, ""retweets"": 3, ""quotes"": 0, ""likes"": 19, ""views"": 2617}",2025-08-01 20:19:00-05:00,chunked_query,MonikerGeller,R,1951377263485923835
cute aggression is a real issue.... i see my cat looking at me with her adorable big beady eyes and i want to just aggressively give her head scritches forever!!!!!!,"{""replies"": 8, ""retweets"": 26, ""quotes"": 0, ""likes"": 296, ""views"": 5743}",2025-08-01 18:37:00-05:00,chunked_query,PolarCubYT,dani 🐻‍❄️🌸,1951351507187577153
One of my favorite sounds in the world is my cat drinking water  0x1F62D  it's so cute I love him so much,"{""replies"": 0, ""retweets"": 0, ""quotes"": 0, ""likes"": 15, ""views"": 309}",2025-08-01 17:50:00-05:00,chunked_query,Valentinekat69,Kat 💞,1951339699798516188
"good morning everyone!!! ty for the gifts overnight, the cat will probably not play with the bread as put in the disclaimer but I'll try to take some cute pictures at least!","{""replies"": 5, ""retweets"": 1, ""quotes"": 0, ""likes"": 21, ""views"": 261}",2025-08-01 15:15:00-05:00,chunked_query,EuryaleDrift,Euryale Drift 🛟🪢【PROMISU EN】,1951300877320593686
don’t tell my cat i said this but your cat is really cute,"{""replies"": 1, ""retweets"": 0, ""quotes"": 0, ""likes"": 10, ""views"": 449}",2025-08-01 12:29:00-05:00,chunked_query,spookysspam,spooky,1951259006988685549
"iim ahmedabad ki ek reel dikh gyi, with some cute men — got the motivation needed to study for cat  0x1F4AA  0x1F4AA ","{""replies"": 5, ""retweets"": 0, ""quotes"": 1, ""likes"": 70, ""views"": 3595}",2025-08-01 12:00:00-05:00,chunked_query,stonksqween,krisha,1951251628058648904
"Catcute is here. I For new news I Like , Follow , Comment #Bitcion #Bitcion #Solana #Solana #memecoin #memecoin #Cute #Cute #Cat #Cat","{""replies"": 8, ""retweets"": 0, ""quotes"": 0, ""likes"": 12, ""views"": 238}",2025-08-01 09:41:00-05:00,chunked_query,Cat_Cute_x,CAT cute,1951216671848374408
"jungkook saying ""so cute"" while watching the scene of jimin petting the cat......so true","{""replies"": 0, ""retweets"": 40, ""quotes"": 0, ""likes"": 687, ""views"": 16219}",2025-07-31 18:33:00-05:00,chunked_query,stopkookminpls,busan baes 🥕🐾,1950988089666556042
Rumi gets nippleless top surgery and Zoey and Mira draw little doodles on where they would be like Zoey would draw a turtle and Mira would draw like a derpy cat or smth and it would be cute asf,"{""replies"": 0, ""retweets"": 4, ""quotes"": 0, ""likes"": 103, ""views"": 1192}",2025-07-31 16:55:00-05:00,chunked_query,treesinayard,Rowan,1950963612580761907
Went for a walk and saw a super cute cat~,"{""replies"": 5, ""retweets"": 1, ""quotes"": 0, ""likes"": 107, ""views"": 909}",2025-07-31 16:39:00-05:00,chunked_query,VeeSensei,Vee Sensei 🩵📝 【V4Mirai】,1950959561671954830
It’s cute that I pretend to myself I don’t love a good game of cat & mouse,"{""replies"": 3, ""retweets"": 1, ""quotes"": 0, ""likes"": 44, ""views"": 1312}",2025-07-31 14:46:00-05:00,chunked_query,lulubeans42,lulubeans,1950930994644635957
"obsessed with jikook’s late night walks where they have to stop every time they spot a cat so jimin can gently pet it while jungkook probably beams while calling them cute from a few steps away. like that’s so wholesome, such an adorable way to relax","{""replies"": 1, ""retweets"": 6, ""quotes"": 0, ""likes"": 75, ""views"": 1416}",2025-07-31 14:18:00-05:00,chunked_query,ammisays,ammi ⁷ 🍊,1950924004744744979
Jimin posting a cute video with a cat he met one month ago when he was with Jungkook with Jungkook’s voice in the background when Jungkook is going back to LA is sending “my boyfriend is coming back home” vibes  0x1F62D  0x1F62D  0x1F62D  0x1F62D  0x1F62D ,"{""replies"": 4, ""retweets"": 108, ""quotes"": 5, ""likes"": 1174, ""views"": 20527}",2025-07-31 09:41:00-05:00,chunked_query,funnyjimin1,nuri 🍬 நூரி,1950854395442200708
jk calling that cat cute but if i say it wasn’t directed to the cat….,"{""replies"": 0, ""retweets"": 4, ""quotes"": 0, ""likes"": 78, ""views"": 1304}",2025-07-31 09:36:00-05:00,chunked_query,kookminini,ni •᷄ɞ•᷅,1950853177269530739
Ah yes cute cat. The reason I washed and folded all the clothes in that bin was so that you would have a comfortable place to pee on.,"{""replies"": 1, ""retweets"": 1, ""quotes"": 0, ""likes"": 28, ""views"": 606}",2025-07-31 07:26:00-05:00,chunked_query,PatTheSocialist,Pat Just Pat 🍉,1950820333532930306
"cute boy liked me on hinge, seems like we'd get along well, profile makes me think he'd be funny. the problem: he has my cat's deadname","{""replies"": 3, ""retweets"": 0, ""quotes"": 1, ""likes"": 47, ""views"": 907}",2025-07-31 04:41:00-05:00,chunked_query,lelechopper,neon genesis evangEllieon,1950778796178805135
mental illness be so bad that I forget to take cute videos of my cat when she’s doing cute things so I can just look at it,"{""replies"": 4, ""retweets"": 0, ""quotes"": 0, ""likes"": 26, ""views"": 699}",2025-07-31 02:57:00-05:00,chunked_query,aubviouslynot,aubrey,1950752598002168123
"imo a very good test of someone's character is how they treat animals that aren't traditionally (so basically anything that isn't a cat or dog) kept as 'cute' house pets such as pigeons, spiders, cows, beetles, actually pretty much any insect, rats, etc","{""replies"": 14, ""retweets"": 35, ""quotes"": 7, ""likes"": 301, ""views"": 5077}",2025-07-30 21:59:00-05:00,chunked_query,crescentmoontea,ash 🪿🎐,1950677678886961227
"Ricky and Nicholas, both constantly perceived wrong, love cute things, are cat people, love strawberries, moved far away from home to debut, went on survival shows, found a new home within their grps, have their deer best friend, can sing beautifully. Nicorik ILY 0x1F62D  0x1F494 ","{""replies"": 9, ""retweets"": 140, ""quotes"": 27, ""likes"": 916, ""views"": 10977}",2025-07-30 21:40:00-05:00,chunked_query,Boogyub,yaoibaseone🪽,1950673000443125918
"Today's Panty and Stocking episode was FANTASTIC The Jack Kirby homage was the highlight of the episode but Panty having a cat was short and yet really cute, wish they spent more time on it instead of the mayor stuff. Also, is Kneesocks alligator a reference to something?","{""replies"": 4, ""retweets"": 2, ""quotes"": 0, ""likes"": 45, ""views"": 2783}",2025-07-30 16:30:00-05:00,chunked_query,wanderjegson,Wanderjegson,1950594928628707526
"I miss my cat, he passed away December last year. I miss caressing his fur, he was so cute and fluffy. I used to feel guilt bc I didn't knew he had an infection, but nowadays I look back from all the care and affection he got from me. He sure remembers me well whenever he is.","{""replies"": 10, ""retweets"": 1, ""quotes"": 0, ""likes"": 52, ""views"": 993}",2025-07-30 15:24:00-05:00,chunked_query,Rohan_Furries,Rohan Furries (Remind me of your c0mms),1950578274859667794
I love to give my cat one million kisses for being cute,"{""replies"": 5, ""retweets"": 0, ""quotes"": 0, ""likes"": 75, ""views"": 6856}",2025-07-30 13:45:00-05:00,chunked_query,ninaselenenyc,Nina Selene,1950553348999942195
"I think I want to use  0x1F96C  for First since his name sounds like ‘Gai Lan’ (Kana), and  0x1F35A  for Khaotung because he’s a rice cracker. They’re cute together and kind of unique too  0x1F90F 0x1F3FB  (I’ve seen a lot of artists using cat emojis as well) So don’t be confused if I use them na  0x1F496 ","{""replies"": 3, ""retweets"": 8, ""quotes"": 1, ""likes"": 150, ""views"": 3899}",2025-07-30 10:02:00-05:00,chunked_query,mamii4ever,quera เกวรา,1950497258702799009
"˚˖𓍢ִִ໋ 0x1F33D  0x1F366 ˚˖𓍢ִ 𝕎𝕖𝕖𝕜𝕝𝕪 𝕀𝕟𝕤𝕚𝕘𝕙𝕥𝕤 ˚˖𓍢ִִ໋ 0x1F33D  0x1F366 ˚˖𓍢ִ • water x air placements • 07/30-08/06 - Trying new smoothie recipes/eating cleaner. - Taking cute photos of your cat/s. - 1111, 555 seeing these angel numbers daily.","{""replies"": 6, ""retweets"": 49, ""quotes"": 1, ""likes"": 1414, ""views"": 74813}",2025-07-30 06:22:00-05:00,chunked_query,Auramoontarot,࣪ ִֶָ☾. angel ( open for readings ),1950441943344840762
"more than happy to have the chance to see chenle on his first solo schedule in indonesia up close this saturday. i’ll cheer a lot for him, make sure he feels us little suns support with our handfan project, and get the best fancams of our handsome, cute cat chenle 0x1F979  0x1F62D  0x1FA75 ","{""replies"": 14, ""retweets"": 65, ""quotes"": 2, ""likes"": 532, ""views"": 16544}",2025-07-29 11:14:00-05:00,chunked_query,LELECIAGA,tasya 乐！🎵⭐️,1950152954230530410
"$BAG $BAG is currently grossly hugely undervalued and some of u are just too blind to see it..ill give u the simple thesis: i) cat token - cat tokens do very well due to likeability, memeability and high cute score ii) in a bag - literally the platform is @BagsApp @BagsApp so this would be an obvious if not the best and suitable runner on the platform iii) @finnbags @finnbags has personally invested USD 73k in his public wallet. The significance here is not just the monetary value, but the importance and belief that this cud actually be a main runner and the supply could be used to bargain with exchanges at a later stage iv) first token that won 100k @BagsApp @BagsApp challenge, with @CartiTheMenace @CartiTheMenace as creator..which means it already has many eyes on it..whether @CartiTheMenace @CartiTheMenace chooses to support the community with the 100k or not does not matter at this time as the community has been formed and a lot are willing to put in more time and effort to make this a success..that being said if @CartiTheMenace @CartiTheMenace then some based chads are prepared to do a proper CTO and send this back to ATH and beyond that being said im hodling $BAG $BAG to the moon!","{""replies"": 4, ""retweets"": 7, ""quotes"": 0, ""likes"": 23, ""views"": 1077}",2025-07-29 05:16:00-05:00,chunked_query,MuizAl,@im_Z🔶 BNB,1950062778141802703
"I'm super bored and bedridden for some days, if you see this could you please leave something cute like a cat or similar for me?  0x1F97A  Thank you  0x1FA77 ","{""replies"": 7, ""retweets"": 0, ""quotes"": 0, ""likes"": 22, ""views"": 639}",2025-07-28 21:35:00-05:00,chunked_query,jinxberry_,Jinxberry🐈‍⬛🫐【VTuber】,1949946936242700634
My cat is soooo cute,"{""replies"": 13, ""retweets"": 1, ""quotes"": 0, ""likes"": 81, ""views"": 1408}",2025-07-28 21:06:00-05:00,chunked_query,natsuko_vtuber,Natsuko🍎🐱🏃🏻‍♀️,1949939622806528132
I would like to think Shen Jiu gives his cat cute names but he’s more likely to have a cat named fatfuck,"{""replies"": 4, ""retweets"": 12, ""quotes"": 0, ""likes"": 177, ""views"": 1187}",2025-07-28 21:00:00-05:00,chunked_query,LuLuviahhh,Luka | Shen Jiu Stan,1949938107349901504
"A cute guy who has a cat, but doesn’t love it more than me >>>>","{""replies"": 7, ""retweets"": 0, ""quotes"": 0, ""likes"": 38, ""views"": 26021}",2025-07-28 19:30:00-05:00,chunked_query,LevantBoi,Hassan 🧟,1949915505495855449
cat is digging his claws into my stomach but its okay bc hes soft and cute,"{""replies"": 4, ""retweets"": 1, ""quotes"": 0, ""likes"": 23, ""views"": 621}",2025-07-28 17:35:00-05:00,chunked_query,ritalinprincess,nat,1949886487501164707
meow im a cute cat,"{""replies"": 46, ""retweets"": 5, ""quotes"": 0, ""likes"": 689, ""views"": 15663}",2025-07-28 17:27:00-05:00,chunked_query,elfinpsyop,elfinpsyop (DONOTHON),1949884380844859861
can a cute guy pls take me on a cat cafe date(cafefelix) or i’m gonna lose my mind?!??,"{""replies"": 6, ""retweets"": 0, ""quotes"": 0, ""likes"": 22, ""views"": 940}",2025-07-28 14:18:00-05:00,chunked_query,cupcakeheh,🧁,1949836780397584723
I have a collection of cute catgirl models and I didn’t even notice Maybe I’m more into cat girls than I thought,"{""replies"": 3, ""retweets"": 2, ""quotes"": 0, ""likes"": 33, ""views"": 617}",2025-07-28 13:21:00-05:00,chunked_query,PandawaVT,Prissy 🌸🎍🐾【𝐏𝐑𝐕𝐒】,1949822578953986504
Niamh and Cat are officially cute tbh,"{""replies"": 10, ""retweets"": 9, ""quotes"": 0, ""likes"": 1457, ""views"": 93387}",2025-07-28 04:47:00-05:00,chunked_query,kivraw,Niom,1949693275616817357
anyways my cat is cute as fuck omg,"{""replies"": 3, ""retweets"": 1, ""quotes"": 0, ""likes"": 40, ""views"": 6777}",2025-07-28 03:27:00-05:00,chunked_query,Vatroh,vat,1949673145113174437
Skts strangers-to-lovers meet cute Where Kiyoomi's cat likes to escape into the hallway of his apartment building because she's a cheeky little menace. One day Kiyoomi opens the door and of course Ume runs out before he can catch her because his arms are laden with groceries.,"{""replies"": 3, ""retweets"": 55, ""quotes"": 0, ""likes"": 876, ""views"": 19726}",2025-07-27 17:10:00-05:00,chunked_query,makemestagger,Linds 🌵Seismic Events ch 14 📌,1949517815532105863
We need to bring back - Cute dog & cat coins - Viral TikTok coins - Coins with good narratives - Coins based off of viral trends It’s the only way to save the solana memecoin market.,"{""replies"": 183, ""retweets"": 19, ""quotes"": 0, ""likes"": 284, ""views"": 27151}",2025-07-27 00:26:00-05:00,chunked_query,W0LF0FCRYPT0,The Wolf Of Crypto Streets,1949265086012424444
saw a cute cuddly cat today and it made me miss my cat even more #loyal #loyal,"{""replies"": 0, ""retweets"": 0, ""quotes"": 0, ""likes"": 23, ""views"": 850}",2025-07-26 22:19:00-05:00,chunked_query,spacecowgiirrl,yara .ᐟ,1949233048136077630
Sorry I can’t come in to work tonight my cat is looking really cute and I have to give him a billion kisses between the ears and tell him how handsome he is every 30 seconds,"{""replies"": 1, ""retweets"": 0, ""quotes"": 0, ""likes"": 18, ""views"": 274}",2025-07-26 21:43:00-05:00,chunked_query,ladymegofthemw,Meg,1949224114297958446
"random but to me, sylus gives the vibe of a dragon laying down with its eyes closed, not asleep but just relaxing instead, and not afraid of any danger despite its position. occasionally taking a peek at the cat that’s acting up in front of him. amused by how cute she is.","{""replies"": 1, ""retweets"": 41, ""quotes"": 3, ""likes"": 503, ""views"": 6904}",2025-07-26 20:06:00-05:00,chunked_query,inabsolutions,lethe || 🔞 only id here,1949199784910393696
Just ran down the street to my neighbors to get eggs and their cat just had kittens. Came home and told my husband and I couldn’t even get the entire sentence out before he very expressively spit out a “no. Absolutely not.” He knows me so well. They’re soooooo cute though. I think I did convince him to get chickens though.,"{""replies"": 16, ""retweets"": 8, ""quotes"": 0, ""likes"": 108, ""views"": 1894}",2025-07-26 15:03:00-05:00,chunked_query,SarcasmStardust,Comrade Misty is Putin’s Buddy,1949123523135275361
What’s an exchange you’d like to see the cute cat on?,"{""replies"": 153, ""retweets"": 57, ""quotes"": 10, ""likes"": 434, ""views"": 23822}",2025-07-26 02:38:00-05:00,chunked_query,wenwencoin,Wen,1948935845404160033
Closed deals  0x2705  Signed papers  0x2705  Peer pressured a friend into adopting a cute cat  0x2705  watched Beetlejuice  0x2705  Now manifesting a rest day before this illness fully WWE slams me through a hotel mattress  0x1F480 ,"{""replies"": 4, ""retweets"": 0, ""quotes"": 0, ""likes"": 29, ""views"": 493}",2025-07-26 00:36:00-05:00,chunked_query,sasi974cheese,SasiCheese - Hermit Crab Era Activated,1948905265631559875
"I'm thinking about making a Vtuber group of just different animal Vtubers that can be a house pet Like a Cat, Dog, Rabbit, Fish, etc. But they have to sign off their tweets with their favorite color heart and animal Ex:  0x1F49C  0x1F436  I think it'd be totes cute  0x1F499  Call it V-Paws  0x1F499  0x1F407 ","{""replies"": 70, ""retweets"": 11, ""quotes"": 2, ""likes"": 308, ""views"": 11063}",2025-07-25 23:11:00-05:00,chunked_query,LunnarBunnie,Lunar Bunnie 🌙🐰| Dubby's Vtuber ✨,1948883734864036075
"What’s so amazing about $Giko $Giko is that this cute text cat can appeal at the most basic level. But you when look behind the curtain and understand the lore, the depth, the influence, it really sticks. And over the last year and a half, this depth has attracted awesome, smart holders into our community. No one thinks about the correlation between the meme and the kinds of people it attracts. Giko hangouts are awesome. Genuine cool kind people which feels like a fucking anomaly in this space. No one is near bullish enough. || | || $1998∧_∧ ﾊ_ﾊ || ＼( ･Д･) (ﾟA●) ||￣￣ ⊂ ) ( と) . 凵 し`Ｊ U U","{""replies"": 7, ""retweets"": 11, ""quotes"": 0, ""likes"": 38, ""views"": 731}",2025-07-25 21:40:00-05:00,chunked_query,holdingmemes,"Stonk (,,ﾟДﾟ)",1948861018735583237
Just kissed snicks elbow and then i realized ive never kissed her elbow before i love kissing my cat and then she smacks my head its so cute n funny i love my baby so much ok bye,"{""replies"": 1, ""retweets"": 0, ""quotes"": 0, ""likes"": 20, ""views"": 375}",2025-07-25 18:43:00-05:00,chunked_query,KermithyFrog,wishiniwasfishin2025,1948816477727195649
just learned about the tea app today not cat's problem since id be rated a perfect 100/100 but this is bad for the society imagine letting another girl prevent you from meeting someone that you thought looked cute,"{""replies"": 39, ""retweets"": 11, ""quotes"": 1, ""likes"": 276, ""views"": 23059}",2025-07-25 17:04:00-05:00,chunked_query,CL207,CL,1948791594532167789
"Today’s cute language trivia is that both Egyptians and Marathi people call cats ‘Mau / माऊ’  0x1F63B  The Middle Egyptian word for ""cat"" is 𓏇𓇋𓅱𓃠 /mỉw/, rendered in later dialects as ""mau""","{""replies"": 18, ""retweets"": 24, ""quotes"": 3, ""likes"": 296, ""views"": 9509}",2025-07-25 04:33:00-05:00,chunked_query,appadappajappa,Sukhada,1948602580952609254
"I love when my baby talks to me about their day. No matter how mundane it went, or how stressful, I like them excitedly/willingly sharing what happened that made them happy, tired, or upset. Yes baby, tell me how annoying your workmate is, or how you saw a cute cat and pet it.","{""replies"": 0, ""retweets"": 123, ""quotes"": 9, ""likes"": 1159, ""views"": 448810}",2025-07-25 02:21:00-05:00,chunked_query,DadSFW,ؘ,1948569353898631297
I’ve got a cat to feed That’s why I’m aggressively yapping @cysic_xyz @cysic_xyz If you are engaging with any of my Cysic contents You are supporting me and my cute cat 0x2764 0xFE0F ,"{""replies"": 45, ""retweets"": 2, ""quotes"": 0, ""likes"": 101, ""views"": 1525}",2025-07-24 20:26:00-05:00,chunked_query,big_sensei,SENSEI♠️,1948479949100515450
≽^•⩊•^≼ louis and harry gifs as cat gifs ≽^• a cute thread •^≼,"{""replies"": 4, ""retweets"": 21, ""quotes"": 1, ""likes"": 229, ""views"": 13990}",2025-07-24 15:02:00-05:00,chunked_query,Ellastunes,ella ໑̣ ×͜×,1948398327424283016
JUST A THOUGHT. just a thought but we've been getting these cute and silly tiktok challenges from the kids all summer and not a single one is leeknow? my cat where r u,"{""replies"": 2, ""retweets"": 2, ""quotes"": 0, ""likes"": 30, ""views"": 528}",2025-07-24 11:11:00-05:00,chunked_query,berrylinos,roni 🍮☁️,1948340334779412649
i was born to be a lazy cat that does nothing but sleep and look cute but instead i’m stuck worrying about bills and the economy,"{""replies"": 2, ""retweets"": 8, ""quotes"": 0, ""likes"": 44, ""views"": 4676}",2025-07-24 05:47:00-05:00,chunked_query,anabelle,^—^,1948258652839698910
"I just woke up from the most beautiful dream that I've had in a long time, I've had restless sleep since the heatwave 5 weeks ago. My late cat (who I raised from a kitten to 16 yrs old) was with me throughout the whole dream, he was so cute and funny and just how I remember him.","{""replies"": 1, ""retweets"": 0, ""quotes"": 0, ""likes"": 14, ""views"": 174}",2025-07-24 05:27:00-05:00,chunked_query,sugarfreecube,🏴‍☠️ Sugartax 🏴‍☠️,1948253627103023466
watching her stream always feels like watching a nat geo show about arctic fox in the wild doing random things being cute and shit it boosts my serotonin levels similar to when people watch cat videos,"{""replies"": 13, ""retweets"": 26, ""quotes"": 0, ""likes"": 1298, ""views"": 28087}",2025-07-23 22:07:00-05:00,chunked_query,tabakko,Hyde,1948142836400189772
Dm fee = one cute cat picture,"{""replies"": 6, ""retweets"": 1, ""quotes"": 0, ""likes"": 13, ""views"": 673}",2025-07-23 20:05:00-05:00,chunked_query,thatkidshavi,Shavi,1948112347425296586
Cute Yoruba names to give a cat?,"{""replies"": 489, ""retweets"": 52, ""quotes"": 165, ""likes"": 582, ""views"": 74853}",2025-07-23 18:17:00-05:00,chunked_query,Only1Etubo,Chicken Catcher🐔,1948085106612281364
"We are eating dinner rn and this mother cat decides to feed her little kitten right next to me :,) i am going to cry its so cute","{""replies"": 4, ""retweets"": 0, ""quotes"": 0, ""likes"": 22, ""views"": 258}",2025-07-23 12:22:00-05:00,chunked_query,Joltik143,nomi ♡,1947995851969945907
"me, showing my oldest the picture of larray with the cat on his head: look at the kitty :) oldest: awww that's so cute!! who is that? me: larray! he's one of george's friend oldest: is he british? me: no he's gay oldest: me: me: he's not british","{""replies"": 1, ""retweets"": 4, ""quotes"": 0, ""likes"": 40, ""views"": 662}",2025-07-23 03:48:00-05:00,chunked_query,LoyalRivals,loyal 👑🐷💚,1947866495813620080
"I got into VTubing because of a cute little cat puppet named @SayHeyRocco @SayHeyRocco . He played Sea of Thieves, and I showed up to every stream I could. Back then, I was deep in depression, but his energy? It made me smile. It made things feel okay. I wanted to be that for someone else. VTubing pulled all my interests into one space: art, anime, games, vampires, and puppeteering. With panic disorder and PTSD, a virtual mask gave me the space to connect safely. It helped me open up and it brought me real friends. No matter what the future throws at me I’m not going anywhere. Remember why you started. Keep going. We got this.  0x1F987  0x1F49C ","{""replies"": 1, ""retweets"": 2, ""quotes"": 0, ""likes"": 17, ""views"": 287}",2025-07-23 01:46:00-05:00,chunked_query,MaskedIntrovert,MASK 👾🧬🦇,1947835607700447494
"Been having a really NOT CHILL last week. Last time, I asked for cat pictures. Anybody got any cute dogs/puppies to send my way this time?  0x1F605  0x1F5A4 ","{""replies"": 11, ""retweets"": 0, ""quotes"": 0, ""likes"": 20, ""views"": 1015}",2025-07-22 19:21:00-05:00,chunked_query,KatoGrey,Kato 🍁⛓,1947738713771151478
someone get conrad a cat i think he’d be such a cute cat dad,"{""replies"": 12, ""retweets"": 190, ""quotes"": 0, ""likes"": 2568, ""views"": 34368}",2025-07-22 18:04:00-05:00,chunked_query,guiltyasbelly,cara,1947719491292410299
Omg im at a cat cafe rn this plavw is so cute  0x1F979  0x1F979  0x1F979  0x1F979 ,"{""replies"": 4, ""retweets"": 3, ""quotes"": 0, ""likes"": 24, ""views"": 512}",2025-07-22 17:07:00-05:00,chunked_query,SkibidiPeter_,SillyPeter #MLGtwt #007n7twt,1947704954124173666
"kd: the dance actions for ""Gum"" were cute, right? chat: nesu said it was like doing nyan nyan cat punch kd: OI YOU'RE GONNA GET K*LLED BY MOCHI-SAN shachou: don't say its cute, don't let 'him' realise it! it was a wonder it passed knmc3's check...  0x1F602 ","{""replies"": 0, ""retweets"": 19, ""quotes"": 0, ""likes"": 112, ""views"": 1654}",2025-07-22 15:36:00-05:00,chunked_query,yeejyaaaa,yeejya,1947682246649122931
Shaking. On the verge of tears. My life is so fucking stressful. Can you guys distract me with cute cat pictures or Felannie art/headcanons or something??? Please,"{""replies"": 12, ""retweets"": 2, ""quotes"": 0, ""likes"": 40, ""views"": 1758}",2025-07-22 02:06:00-05:00,chunked_query,nayuunii,🥀enn🥀🇱🇧🇵🇸,1947478447082901948
my cat eating next to me when he sees me eat is so unbelievably cute i love him sm,"{""replies"": 0, ""retweets"": 0, ""quotes"": 0, ""likes"": 19, ""views"": 3662}",2025-07-21 22:50:00-05:00,chunked_query,Natalieeerenae,NBUNZ,1947428994280001754
How bout we get this week started with a brand new dad joke X corner My poor cat died after being crushed during a cute butt contest It was a cat ass trophy What do you name a tricky pig? Cunningham What do you call an aardvark that is three feet long? A yardvark What does a crook see with? Burglarize I sexually identify as a donkey My pronouns are he/haw Four more days until Friday CYA X!!!!,"{""replies"": 6, ""retweets"": 1, ""quotes"": 0, ""likes"": 31, ""views"": 488}",2025-07-21 21:35:00-05:00,chunked_query,Michael96303310,Jay Johnson,1947410152782782705
my cute fairy wife peo and my bratty cute cat daughter tonya otsupeotoyuu,"{""replies"": 3, ""retweets"": 6, ""quotes"": 0, ""likes"": 110, ""views"": 1830}",2025-07-21 06:20:00-05:00,chunked_query,niniyuuna,yuuna ゆーな 🥖,1947179900961784203
"17mil views in a day. VIRAL cat, cute cat, need I say more? Silently bidding that 20k floor","{""replies"": 2, ""retweets"": 1, ""quotes"": 0, ""likes"": 13, ""views"": 452}",2025-07-21 05:48:00-05:00,chunked_query,TrenJoyer1,Dan,1947171928940195912
"taemin shared pics taken on his Swiss trip those of him w a cat so cute  0x1F979  he says he could hv such good experiences thanks to us, it was so good to visit Switzerland again n hopes seeing these pics can be healing to us at the start of the week #태민버블 #태민버블","{""replies"": 1, ""retweets"": 16, ""quotes"": 0, ""likes"": 95, ""views"": 4012}",2025-07-21 00:28:00-05:00,chunked_query,juju_home,juju (semi-hiatus),1947091399276700134
Looking up cute cat videos to cheer me up on TikTok and it keeps bringing up horrible videos of animals being hurt. I kept reporting them but I don’t know why they’re allowed on the site in the first place. People can be so depraved and cruel. Really dents my faith in mankind. WTF @TikTokSupport @TikTokSupport ??,"{""replies"": 6, ""retweets"": 1, ""quotes"": 0, ""likes"": 21, ""views"": 469}",2025-07-20 23:22:00-05:00,chunked_query,areyoflight,Atlanta Rey #DisabilityRebellion,1947074690121658444
" 0x1F43F : *spots a banner*  0x1F43F : oh hi, have i talked to you about my bf today? do you know about my soulmate? isn't my cat man so cute? i'm taken btw. boo'd up, locked down, very not-single, completely off the market, still happily married. feeling blessed. loving life. skrrt.","{""replies"": 6, ""retweets"": 239, ""quotes"": 3, ""likes"": 3070, ""views"": 38592}",2025-07-20 10:53:00-05:00,chunked_query,strwbrrpunch,dem🍓 are we doing it?,1946886213601833025
Hold and be loud about it . Let’s be rich . The cat is cute  0x1F970 ,"{""replies"": 0, ""retweets"": 4, ""quotes"": 0, ""likes"": 24, ""views"": 421}",2025-07-20 01:13:00-05:00,chunked_query,zanulkatar540,Zanulkatar,1946740130091610202
I have my dads cat and my dogs are DESPERATE to befriend her and she is having none of it and every time she rejects them they run over to me like “why doesn’t she like me? I’m sad” it’s cute. Also I 100% have too many pets now and can’t avoid the single pet lady stereotype.,"{""replies"": 12, ""retweets"": 2, ""quotes"": 0, ""likes"": 200, ""views"": 8968}",2025-07-19 14:36:00-05:00,chunked_query,KristinRaworth,Kristin Raworth 🇨🇦,1946579895137730793
nothing makes my mom smile more than a cute cat video  0x1F979 ,"{""replies"": 1, ""retweets"": 0, ""quotes"": 0, ""likes"": 12, ""views"": 235}",2025-07-18 20:23:00-05:00,chunked_query,SyedAmnaa11,Amna 🇵🇸,1946304949844947431
Random girl on the street held a cat and I don't normally find them cute but I was politely handed it and it scratched the hell out of my hand smh who's gonna pay for my blood now?,"{""replies"": 4, ""retweets"": 0, ""quotes"": 0, ""likes"": 12, ""views"": 623}",2025-07-18 18:38:00-05:00,chunked_query,houseofqahwa,الفاتحة 📿,1946278451788595527
shapeshifter nagi who spends most of his time as a cat bc ppl lesve him alone and old ladies leave food out on the balcony for him and being a person is tiring but one day this random purple haired dude scoops him up and goes “aw you’re too cute to be a street cat” and takes him,"{""replies"": 5, ""retweets"": 92, ""quotes"": 2, ""likes"": 1085, ""views"": 47808}",2025-07-18 16:55:00-05:00,chunked_query,illikitly,kit is semi-ia bc school,1946252589735014400
"Serena working on her cat trauma for Kordell is so cute, I know they’ll be a happy family soon enough  0x1F92D  #beyondthevilla #beyondthevilla","{""replies"": 1, ""retweets"": 8, ""quotes"": 0, ""likes"": 182, ""views"": 3162}",2025-07-18 01:59:00-05:00,chunked_query,KillKobra,Queen Kobra,1946027022909673845
"I got one of those class action lawsuit emails and I want the pay out bc the company did me dirty and I never got a refund. Filled everything out and it asks for a proof of purchase, but its from over 5 years ago. I put a pic of my cute cat. Hope I get paid.  0x270C 0xFE0F ","{""replies"": 1, ""retweets"": 0, ""quotes"": 0, ""likes"": 19, ""views"": 281}",2025-07-18 00:00:00-05:00,chunked_query,EllanoraBat,Ellanora Bat 🦇💫 Moving arc,1945996945497211029
met a cute cat while going to my new place. this can only mean that good things are happening :),"{""replies"": 3, ""retweets"": 0, ""quotes"": 1, ""likes"": 22, ""views"": 625}",2025-07-17 21:32:00-05:00,chunked_query,adalovescoffeee,adalovescoffee,1945959842436251821
i keep waking up to fenris (cat) grooming me in the middle of the night which would be cute if not for the fact that his tongue hurts so fucking bad,"{""replies"": 1, ""retweets"": 0, ""quotes"": 0, ""likes"": 20, ""views"": 175}",2025-07-17 20:05:00-05:00,chunked_query,fenrismancers,wifeguy charlie ❤️,1945937928527487294
hey come look at the cat she's doing the same thing she always does she's so cute,"{""replies"": 9, ""retweets"": 2000, ""quotes"": 140, ""likes"": 15804, ""views"": 248254}",2025-07-17 07:43:00-05:00,chunked_query,superkitty333,valentine 🦭,1945751178156912965
"An interesting pattern. There are days when I don't see any cute cat/dog videos on my TL at all. And there are days (like today) when it is flooded with them. Is AI trying to perform therapy?  0x1F9D0  Yeah, it's been a pretty stressful day for me.","{""replies"": 5, ""retweets"": 0, ""quotes"": 0, ""likes"": 24, ""views"": 288}",2025-07-16 23:29:00-05:00,chunked_query,Vika09006261,Vika,1945626838631399586
house sends wilsons a picture of nyan cat BEFORE memes existed and wilson is like haha thats cute ! and house is like wilson you sexy hot dumb bitch you dont even realize what youre looking at. this thing is gonna be HUGE,"{""replies"": 0, ""retweets"": 15, ""quotes"": 0, ""likes"": 139, ""views"": 1228}",2025-07-16 19:24:00-05:00,chunked_query,yaoimechoui,name,1945565333852459293
my old lady cat has been purring really loudly lately when she eats and she’s starting to make om nom noises…. it’s so cute…..,"{""replies"": 1, ""retweets"": 1, ""quotes"": 0, ""likes"": 147, ""views"": 1699}",2025-07-16 19:21:00-05:00,chunked_query,mono_monet,mono monet💭🎨,1945564464482496669
how a girl sounds when speaking to her cat is so CUTE 0x1F62D  0x1F62D  0x1F62D  0x1F62D ,"{""replies"": 2, ""retweets"": 0, ""quotes"": 0, ""likes"": 13, ""views"": 411}",2025-07-16 16:13:00-05:00,chunked_query,batma3n,cat🐆,1945517243896304119
One of my absolute favourite skk tropes is when one of them turns into a cat and the other is forced to take care of them its always so cute and fluffy I can never get over it 0x1F62D  0x1F62D ,"{""replies"": 1, ""retweets"": 14, ""quotes"": 0, ""likes"": 214, ""views"": 3966}",2025-07-16 15:12:00-05:00,chunked_query,cheriiiart,Cheri 🍓,1945501918672896280
"i love the term black cat energy because your identity should be like that of a cat when it comes to manifestation, cats have an attitude and can be total menaces but everyone loves them, finds them cute and even give them pets or treats or even adopt them","{""replies"": 1, ""retweets"": 11, ""quotes"": 0, ""likes"": 166, ""views"": 3775}",2025-07-16 12:43:00-05:00,chunked_query,chaneIcoded,𝓃. 🦢,1945464302917275786
If i ever get married i want my future wife to be like my cat Fucking annoying but cute,"{""replies"": 15, ""retweets"": 0, ""quotes"": 0, ""likes"": 32, ""views"": 941}",2025-07-16 11:22:00-05:00,chunked_query,Smitty_xyz,Smitty🥇,1945443909464670692
sometimes i am a cute anime girl. Other times i am a fat cat that just sleeps all day,"{""replies"": 4, ""retweets"": 6, ""quotes"": 0, ""likes"": 79, ""views"": 1721}",2025-07-15 22:37:00-05:00,chunked_query,vonakyu,vona 🩹👾,1945251474570682480
"Trying to eye strong communities I've got some sizeable bags for: $xavier $xavier - Obvious, the ultimate cult coin, xillions is programmed  0x1F40D  $mooncat $mooncat - Betting on this being THE token launched from @moonshot @moonshot $purrcy $purrcy - Cute cat with surprisingly strong community What am I missing?","{""replies"": 33, ""retweets"": 5, ""quotes"": 0, ""likes"": 52, ""views"": 1289}",2025-07-15 19:29:00-05:00,chunked_query,metazord_eth,metazord (manifestation arc),1945204045305581773
when I'm free from this form I want to have my ashes put in a cute little box that connects to my spiritual self as a magical cat in space when you open it,"{""replies"": 0, ""retweets"": 5, ""quotes"": 0, ""likes"": 90, ""views"": 7123}",2025-07-15 18:31:00-05:00,chunked_query,rosioire,*,1945189482203893976
Fed a cute cat but I stepped on the end of its tail as I was getting up to leave and it’ll never understand that it was an accident,"{""replies"": 1, ""retweets"": 0, ""quotes"": 0, ""likes"": 26, ""views"": 1944}",2025-07-15 12:18:00-05:00,chunked_query,leavingmecold,maya,1945095647805235513
Guys. You got that one hollis clip where hes like drenched in water wearing a white t shirt and holding a phone up smiling so hard he was cheesed tf out and looked cute with a yellow piss kinda light and he basically looked like a wet cat,"{""replies"": 2, ""retweets"": 0, ""quotes"": 0, ""likes"": 29, ""views"": 700}",2025-07-15 01:29:00-05:00,chunked_query,tenflowerblade,léo,1944932229840347473
trenches needs to spawn a cute cat / dog runner to 50m,"{""replies"": 14, ""retweets"": 0, ""quotes"": 0, ""likes"": 15, ""views"": 4788}",2025-07-14 23:54:00-05:00,chunked_query,SmokezXBT,Smokez,1944908373339881518
thinking about that cute little moment when mo ran taught xia sini how to play cat's cradle and cwn wanted to play it every chance he got so he could be able to understand the pattern of this game,"{""replies"": 1, ""retweets"": 27, ""quotes"": 2, ""likes"": 292, ""views"": 2863}",2025-07-14 21:03:00-05:00,chunked_query,pearserha,ًriyriy,1944865345443127447
1k likes and we’re back to cute cat coins.,"{""replies"": 30, ""retweets"": 3, ""quotes"": 0, ""likes"": 90, ""views"": 5760}",2025-07-14 10:28:00-05:00,chunked_query,ferbsol,ferb,1944705594604077208
" 0x1F9F8  it’s so freaking cute! you’re really good at pulling the good ones  0x1F427  it has a prop too, it’s a cat that’s fishing  0x1F427  it has a bait too  0x1F9F8  give it to me, you can go get that  0x1F427  okay~ it’s dinner time so guess what we ordered~?  0x1F9F8  lotteria~~~~  0x1F9F8  this is today’s lives step two  0x1F427  their sides are really good","{""replies"": 4, ""retweets"": 238, ""quotes"": 13, ""likes"": 1779, ""views"": 48460}",2025-07-14 08:17:00-05:00,chunked_query,translatingTXT,💬,1944672548576227570
"doja cat should have a sleepover with us in her apartment in new york and i am literally in tears at the thought of how cute this idea is, just imagine it, talk about our feelings, depression, anxiety, mental illness  0x1F979  0x1F979  @DojaCat @DojaCat pls love u","{""replies"": 1, ""retweets"": 1, ""quotes"": 0, ""likes"": 18, ""views"": 747}",2025-07-13 12:13:00-05:00,chunked_query,tatejaxrios,adn,1944369668824899584
"traces of ww seen on this weverse live is so cute...the little cat figurine on soundbox, the T1 cup, the fucking ring and the fucking DEAD loquat tree and mg name dropping ww multiple times....my life is complete again","{""replies"": 2, ""retweets"": 143, ""quotes"": 4, ""likes"": 837, ""views"": 8342}",2025-07-13 05:20:00-05:00,chunked_query,zeronekko,ゼロ ≽^•⩊•^≼,1944265540375286161
ppl who get quippy LP3 tattoos will be real ones because there sadly won't even be a cute cat,"{""replies"": 6, ""retweets"": 0, ""quotes"": 0, ""likes"": 106, ""views"": 2868}",2025-07-12 21:02:00-05:00,chunked_query,equipment_ohio,equipment,1944140292203938189
"i complained to my mother that i gained weight. she said that i am like a cat. ""even if you are too thin or too fat everyone's gonna find you cute anyways so stop thinking about it""  0x1F62D  0x1F62D  0x1F62D  thanks mom","{""replies"": 5, ""retweets"": 15, ""quotes"": 1, ""likes"": 781, ""views"": 11482}",2025-07-12 20:55:00-05:00,chunked_query,daramgaria,daramgar,1944138518931914855
"my jinx is not consistent, sometimes i drew her too cute with a pair of big eyes, sometimes i drew her like a cat, sometimes not look like her at all and i wonder why you guys don’t point out those things to me  0x1F62D  0x1F62D  0x1F62D  0x1F62D  0x1F62D  0x1F62D  tell me if my jinx looked weird ok i’ll try to fix it","{""replies"": 6, ""retweets"": 2, ""quotes"": 0, ""likes"": 109, ""views"": 2027}",2025-07-12 09:37:00-05:00,chunked_query,jinxesbraid,som mau tidur,1943967916455866777
"Our neighbourhood had a new cat, and every day, I get to listen to it go ""WAH! MwAH! mwAHHaw!"" Over and over  0x1F602  It's so cute, I have dubbed it ""WAH!"" cat","{""replies"": 2, ""retweets"": 2, ""quotes"": 0, ""likes"": 47, ""views"": 774}",2025-07-12 07:58:00-05:00,chunked_query,HYPAVOX,HYPA VOX⚡️⚠️ VIVINEO 💛,1943943150948823236
T1 PLEASE IF YOU WIN THIS SERIES I’LL POST A SELFIE + A CUTE PIC OF MY CAT  0x1F62D  0x1F64F  0x1F64F  0x1F64F ,"{""replies"": 1, ""retweets"": 59, ""quotes"": 9, ""likes"": 2690, ""views"": 196818}",2025-07-12 03:11:00-05:00,chunked_query,jadetokky,jade 제이드🐰,1943870784143077806
"Ok buddy, it is literally just a cute cat shaped as a moon. Stop complicating it. The cat moons.","{""replies"": 11, ""retweets"": 4, ""quotes"": 0, ""likes"": 45, ""views"": 1009}",2025-07-12 00:39:00-05:00,chunked_query,julianhzhu,julz 🐉,1943832453174714381
"$puff $puff holds the Guinness record for the most views of a cat ever ,me thinks that's enough for it to be valued at $10m mcap . It's also an extremely cute cat .","{""replies"": 1, ""retweets"": 3, ""quotes"": 0, ""likes"": 17, ""views"": 1172}",2025-07-11 19:28:00-05:00,chunked_query,STRiiBES,STRIBES🕸️,1943754385596567882
sexy aloof cat and the cute adorable puppy...(but sometimes puppy can make a scary face) 0x1F614  0x2764 0xFE0F  0x1F4C8 ,"{""replies"": 1, ""retweets"": 4, ""quotes"": 0, ""likes"": 32, ""views"": 1842}",2025-07-11 11:48:00-05:00,chunked_query,FanaeeU,Fanaee_ue,1943638399115481165
"Since Dad left, I’ve been texting Mom way more. Sending her random pics, what I’m eating, or just checking if my cat’s still alive. Lowkey feels like having a girlfriend, but she never gets mad when I like a cute selfie on Instagram.","{""replies"": 4, ""retweets"": 22, ""quotes"": 3, ""likes"": 159, ""views"": 14779}",2025-07-11 01:52:00-05:00,chunked_query,barcelonabryan,Bryan Barcelona,1943488514836042142
"I like this coin, unfortunate that the bundle killed it but I'm buying more here at $9k Cute cat + real historical landmark with 5 star reviews is epic Long live Chonkus Maximus CdNWibyKcLUJKvzj41zWtnRsWPiWexbgConijXaUbonk","{""replies"": 4, ""retweets"": 4, ""quotes"": 0, ""likes"": 39, ""views"": 5083}",2025-07-10 20:30:00-05:00,chunked_query,thisiszinger,Zinger,1943407563854209351
How did I miss this cute cat? Meow,"{""replies"": 14, ""retweets"": 7, ""quotes"": 0, ""likes"": 287, ""views"": 19484}",2025-07-10 07:46:00-05:00,chunked_query,DonaldsTrades,Don,1943215341091590520
just started crying while looking at my cat because he’ll never understand how fucking cute he is. i’m mentally stable btw.,"{""replies"": 0, ""retweets"": 0, ""quotes"": 0, ""likes"": 13, ""views"": 512}",2025-07-09 21:23:00-05:00,chunked_query,laurjbrown,laura j. brown,1943058421819019320
Annoying the X comm isn't linked even tho it was when dex paid :( But the lore of Muu is the most important thing Cute & brave cat with billions of views I love yuu Muu,"{""replies"": 1, ""retweets"": 5, ""quotes"": 0, ""likes"": 19, ""views"": 802}",2025-07-09 21:20:00-05:00,chunked_query,TmsCrypto10,TmsCrypto 🥷,1943057609139134961
"Snick is my favorite part of every day Her little quirks and cute habits and behaviors are unlike any cat i have ever known, she is honestly smarter than me too. I am so so so so so lucky to love her. She is such a precious being","{""replies"": 1, ""retweets"": 0, ""quotes"": 0, ""likes"": 24, ""views"": 771}",2025-07-09 14:05:00-05:00,chunked_query,KermithyFrog,wishiniwasfishin2025,1942948337075802352
 0x2728  0.025 $Sol $Sol  0x2728  1.  0x2764 0xFE0F & Repost 2. Drop Sol addy 3. Drop a cute cat gif 10 minutes,"{""replies"": 314, ""retweets"": 140, ""quotes"": 0, ""likes"": 193, ""views"": 6679}",2025-07-09 08:08:00-05:00,chunked_query,UrsTrueTwilight,MrTwilight,1942858295175438629
"i headcanon that some ghouls leave papa and their favorite siblings of sin little animals and things like a cat does. a dead bird, lizard, bug, etc. sometimes cute things like rocks or flowers","{""replies"": 1, ""retweets"": 4, ""quotes"": 0, ""likes"": 58, ""views"": 1144}",2025-07-09 00:43:00-05:00,chunked_query,halcyonghouls,aurora 🦇 #1 ghoulette fan,1942746395644981556
i feel like steve harrington loves cats. big cat guy. not even really a dog person (unlike joe). imagining him with a cute black kitty that he snuggles up with  0x1F63D ,"{""replies"": 3, ""retweets"": 2, ""quotes"": 2, ""likes"": 77, ""views"": 1528}",2025-07-08 23:37:00-05:00,chunked_query,92keery,bay,1942729791725265322
Oh the cat cake one is so cute  0x1F96E : WE LIKE AVENTURINE  0x1F6C1 : I see  0x1F96E : DOES RATIO LIKE AVENTURINE?  0x1F6C1 : Ratio also likes Aventurine,"{""replies"": 1, ""retweets"": 82, ""quotes"": 0, ""likes"": 864, ""views"": 5487}",2025-07-08 14:58:00-05:00,chunked_query,wutaufrogs88_,tau,1942599178267377685
Oh the cute bag seems to be from jellycat. cat as in feline. and tiger is a feline. team tiger for the win  0x1F4AA 0x1F3FB ,"{""replies"": 92, ""retweets"": 234, ""quotes"": 34, ""likes"": 1179, ""views"": 28280}",2025-07-08 14:31:00-05:00,chunked_query,naver_taehyung,Taehyung Naver || 네이버 김태형,1942592269514858823
yall stop calling me a furry for using the cat ears and tail thats not what a furry is and its cute. u know u like it,"{""replies"": 4, ""retweets"": 0, ""quotes"": 0, ""likes"": 33, ""views"": 574}",2025-07-08 12:53:00-05:00,chunked_query,elderwoodsprite,Nyssa,1942567664704217150
having a clingy cat is so cute like this little fluffball is following me around everywhere … like oh girls trip!! we’re heading to the kitchen now!,"{""replies"": 1, ""retweets"": 0, ""quotes"": 0, ""likes"": 12, ""views"": 632}",2025-07-08 10:07:00-05:00,chunked_query,angelxlysh,ℓ 💌,1942525915394675045
I've noticed that some haters simply need telepathic hugs and cute cat pictures.  0x1F638  0x1FAC2 ,"{""replies"": 22, ""retweets"": 5, ""quotes"": 0, ""likes"": 111, ""views"": 1502}",2025-07-08 08:55:00-05:00,chunked_query,Maat_777777,Ma'at,1942507869095518357
"I have a coworker who checks out my X account when he's bored, but he won't tell me who he is on here. So if you guys could just say hi to Joe for me, that would make for some interesting work conversation. Oh, maybe post cute cat memes, he loves those.","{""replies"": 19, ""retweets"": 2, ""quotes"": 0, ""likes"": 44, ""views"": 2669}",2025-07-08 03:07:00-05:00,chunked_query,K__Med,K-Med,1942420152223686660
I think I found the next runner $MANA $MANA on solana looks solid and with a great community The number of holders is growing steady and I think it has a lot of potential This cute cat has a lot of AURA,"{""replies"": 0, ""retweets"": 1, ""quotes"": 0, ""likes"": 21, ""views"": 395}",2025-07-08 02:51:00-05:00,chunked_query,OCrysmy,MuradX,1942416172990759159
"int. INTERROGATION ROOM: ""Not talkin, huh?"" I ask in my gritty detective voice. I take a last long drag off my cigarette before flipping the lamp around to shine in the criminals face. ""Im gonna ask you one more time -"" I say to my cat, ""how are you so GODDAMN cute???!!""","{""replies"": 1, ""retweets"": 0, ""quotes"": 0, ""likes"": 20, ""views"": 299}",2025-07-08 01:37:00-05:00,chunked_query,probably_ayla,blob ross 🌱,1942397543784067466
"are you guys still here as a community? i do avg down every dips, please show me you guys still support these cute cat! $MASK $MASK","{""replies"": 38, ""retweets"": 20, ""quotes"": 0, ""likes"": 151, ""views"": 3481}",2025-07-07 21:05:00-05:00,chunked_query,Carolzsol,Carolz,1942329103463637034
YES im a slug cat YES i eat bats YES im scared of lizards YES im cute  0x2764 0xFE0F ,"{""replies"": 6, ""retweets"": 1, ""quotes"": 0, ""likes"": 27, ""views"": 684}",2025-07-07 14:44:00-05:00,chunked_query,bubeseiteki,Bub,1942233233602818221
Does someone have like a very cute cat? If so please drop pics  0x1F4F8 ,"{""replies"": 389, ""retweets"": 28, ""quotes"": 33, ""likes"": 635, ""views"": 36810}",2025-07-07 13:37:00-05:00,chunked_query,LottiesxWorld,Charlotte⁷ ✨,1942216429106782212
Im a cute little cat meow meow pet my tummy meow,"{""replies"": 5, ""retweets"": 0, ""quotes"": 0, ""likes"": 25, ""views"": 345}",2025-07-07 10:38:00-05:00,chunked_query,FrenchieInExile,Frenchie (In Exile),1942171359708057744
Sometimes I get really sad when I realize I don’t have cat ears and a cute fluffy tail irl,"{""replies"": 18, ""retweets"": 0, ""quotes"": 0, ""likes"": 212, ""views"": 3170}",2025-07-07 10:37:00-05:00,chunked_query,NyxNekota,Nyx🐱☁️ Stream Hiatus?,1942171018623160663
"So a few days back my brother told me that his whenever he opens insta, it's only filled with some weird AI cat reels and I said, ""meri feed pr sirf cute billiyan aati hai"" Guess what? Now my whole insta is filled with those chi chi song wali cat reels 0x1F62D  0x1F62D  0x1F62D ","{""replies"": 4, ""retweets"": 0, ""quotes"": 0, ""likes"": 16, ""views"": 463}",2025-07-07 08:18:00-05:00,chunked_query,aalooparaathaa,V✨,1942136111653875946
Cute cat,"{""replies"": 1, ""retweets"": 2, ""quotes"": 0, ""likes"": 17, ""views"": 812}",2025-07-06 21:56:00-05:00,chunked_query,SERIALSHILLER__,𝑺𝑺 🃏,1941979523190325640
"I bought more $SELFIE $SELFIE again here at 2M Current holdings ( conviction plays - I hold some for 1year + !!! ) $GOMU $GOMU - holding for 1 year + $BONGO $BONGO - unipcs second biggest holding after #USELESS #USELESS / cute cat with insane lore $SELFIE $SELFIE - always raiding, great ticker $MICHI $MICHI - community","{""replies"": 8, ""retweets"": 7, ""quotes"": 1, ""likes"": 53, ""views"": 977}",2025-07-06 19:13:00-05:00,chunked_query,degenik00,Degenik 🐊,1941938465806970947
a cat named leaf would be really cute,"{""replies"": 3, ""retweets"": 0, ""quotes"": 0, ""likes"": 17, ""views"": 643}",2025-07-06 18:03:00-05:00,chunked_query,non_philosophy,🌧 ren。,1941921020346024244
Added #xiaojie #xiaojie the og at 15k The cat is cute,"{""replies"": 6, ""retweets"": 1, ""quotes"": 0, ""likes"": 24, ""views"": 1842}",2025-07-06 16:34:00-05:00,chunked_query,iwuchukwuchide1,Iwuemma,1941898611807207689
Idk why mfers will buy a whole 13% I like the cat it’s cute and it’s Chinese and it’s viral Bonk guy has been welcoming to the chinese community + GCR prophecy + cat szn. Maybe it’s a cabal or maybe a hungry degenerate,"{""replies"": 9, ""retweets"": 5, ""quotes"": 0, ""likes"": 18, ""views"": 847}",2025-07-06 16:06:00-05:00,chunked_query,EvansOfWeb3,EvansOfWeb,1941891485617602643
"Many here know that my cat, Phred, once belonged to my next door neighbors. He was cute as a kitten, I guess…once he grew, they tossed him outside. He moved in with us. A month or two ago, they moved away, leaving Phred. (They knew he was with us). A couple of weeks ago, a new couple moved in. We told them that Phred used to live there, in case he went snooping. They were bringing in groceries, yesterday and Phred tentatively stepped through the door and took a look around. He walked around, checked things out…then walked out and came back to our house. Got up on the bed, snuggled into his fuzzy blanket and went to sleep. I think he’s okay with his choice.  0x1F64F ","{""replies"": 3, ""retweets"": 0, ""quotes"": 0, ""likes"": 21, ""views"": 198}",2025-07-06 01:22:00-05:00,chunked_query,TeresaOfGod,Teresa of Jesus,1941669142459043906
"Slowly buying more cat attire. I’m officially entering my cat mom era and embracing it  0x2728  If you know of any shops that sell cute cat dresses or shirts, please link them below  0x1F496 ","{""replies"": 2, ""retweets"": 0, ""quotes"": 0, ""likes"": 20, ""views"": 399}",2025-07-05 18:55:00-05:00,chunked_query,DexholderRachel,Rachel Faircloth,1941571741354238453
dude we got a three legged cat in at work and he's so freaking cute but my manager named him after a h*rry p*tter character. YOU'RE NOT SERIOUS,"{""replies"": 3, ""retweets"": 1, ""quotes"": 0, ""likes"": 32, ""views"": 309}",2025-07-05 15:24:00-05:00,chunked_query,momosunohara,no more goros jumping on the bed,1941518679176589818
"lrt // the concept of Chuuya interacting with an orange cat is sooo cute,,,like babe that’s u in animal form  0x1F62D ","{""replies"": 0, ""retweets"": 10, ""quotes"": 1, ""likes"": 118, ""views"": 2585}",2025-07-05 06:25:00-05:00,chunked_query,petitesmafia,ena,1941382952224686169
"i love chenle's cat agenda. please don't ruin that. it's cute and funny to say he looks like a cat, don't take it literally","{""replies"": 2, ""retweets"": 4, ""quotes"": 1, ""likes"": 110, ""views"": 1759}",2025-07-05 04:01:00-05:00,chunked_query,myoizh,lemyan 灿,1941346658035573004
muscles moving genuinely graceful gorgeous gal grooving  0x1F408 0x200D 0x2B1B  copycat cat choreographing cute catwalk struts perfect pretty paws awesome applause,"{""replies"": 1, ""retweets"": 9, ""quotes"": 0, ""likes"": 43, ""views"": 319}",2025-07-05 00:29:00-05:00,chunked_query,bryson_sus40274,Susan,1941293364269473995
"I'm sorry for all the ""missing"" posts if you are here for cute cat stuff. I just can't help but think I might know some of their families, they might have been neighbors etc. even if it's a small chance maybe someone will see a photo & be able to help 0x1F494 ","{""replies"": 6, ""retweets"": 5, ""quotes"": 0, ""likes"": 98, ""views"": 653}",2025-07-05 00:07:00-05:00,chunked_query,JewelrySeraphim,Angelkitty & Cloud Setzer,1941287732422361219
it’s just me and my cat in our cute little room against the world,"{""replies"": 0, ""retweets"": 0, ""quotes"": 0, ""likes"": 10, ""views"": 444}",2025-07-04 22:01:00-05:00,chunked_query,astridk0ra,𝓀𝑜𝓇𝒶,1941256188529869096
So I got dressed up cute to go see the town vendors and watch the parade but there were no vendors so we turned around. But we came back to the outdoor slightly feral slightly domesticated porch cat having her kittens  0x1F970 ,"{""replies"": 1, ""retweets"": 0, ""quotes"": 0, ""likes"": 14, ""views"": 330}",2025-07-04 21:09:00-05:00,chunked_query,newoldtalk,Noon Communication,1941243031908384937
"[250704]  0x1F9AD  0x1F4AD  00:10 KST ""but actually"" ""i"" ""want to live with a cat"" ""i really like dogs too"" ""but cats are kind of"" ""cute when they occasionally act cute"" ""well"" ""i know cats have different personalities"" ""but the image of cats i have"" ""is a bit of a chic charm??""","{""replies"": 1, ""retweets"": 9, ""quotes"": 0, ""likes"": 122, ""views"": 1402}",2025-07-04 13:44:00-05:00,chunked_query,wichubbl_backup,⭐️🪽,1941131018150576568
i love when someone shows me a pic of their cat because unlike w dog or baby pictures i never have to pretend it’s cute,"{""replies"": 1, ""retweets"": 0, ""quotes"": 0, ""likes"": 11, ""views"": 247}",2025-07-04 09:50:00-05:00,chunked_query,winterniights,blue is for cruel bargains,1941072102410600474
some times when a cat is too cute i dont care about it any more. it needs a flaw or something to be relatable and fgrounded in reality i guess. but when its so fucked up i dont care again,"{""replies"": 4, ""retweets"": 1, ""quotes"": 0, ""likes"": 28, ""views"": 777}",2025-07-04 03:26:00-05:00,chunked_query,purbcat,purbling 🫐,1940975486399910266
"[250703] #SAKURA #SAKURA Weverse DM  0x1F48C   0x1F431 : I’ve become a borrowed cat~~~~  0x1F431 : I really like the song, it’s so cute  0x1F431 : Cuteness will save the world!  0x263A 0xFE0F  0x1F431   0x1F431 : I really wanted to film with Iroha, so I said let’s film  0x1F431   0x1F431 : From now on, I’ll also save the world!Let’s do this!  0x1F431 ","{""replies"": 1, ""retweets"": 35, ""quotes"": 0, ""likes"": 210, ""views"": 3327}",2025-07-03 23:15:00-05:00,chunked_query,MSAKURA_WEVERSE,SAKURA WEVERSE,1940912242356375864
"250704 12:10 KST  0x1F9AD  0x1F4AC  “it was cute” “really” “but actually” “i want to live with a cat” “i really like dogs too” “but cats are kinda…” “when they act all affectionate sometimes, it’s so cute” “well but” “i guess it depends on the cat’s personality too”","{""replies"": 0, ""retweets"": 21, ""quotes"": 0, ""likes"": 158, ""views"": 4178}",2025-07-03 15:34:00-05:00,chunked_query,ryotext,🦭,1940796236258595318
A very cute golden and white cat came to my house to eat food (trying to lure and go after cats on the street worked),"{""replies"": 2, ""retweets"": 0, ""quotes"": 0, ""likes"": 24, ""views"": 930}",2025-07-03 15:19:00-05:00,chunked_query,poisonwithana,capyzara,1940792492762481018
Kun get an orange cat agenda has ended  0x1F923  not an orange cat but a very cute one nonetheless  0x1F9E1 ,"{""replies"": 1, ""retweets"": 18, ""quotes"": 0, ""likes"": 107, ""views"": 1853}",2025-07-03 09:13:00-05:00,chunked_query,ayingch,rose,1940700535373607273
I am just wanting cute cat videos on tiktok but instead I get normies finding VTubers and complaining about lolis. I am downloading all of them and we shall yap about it on stream soon,"{""replies"": 6, ""retweets"": 1, ""quotes"": 0, ""likes"": 62, ""views"": 1175}",2025-07-03 05:58:00-05:00,chunked_query,LumLum,LumLum | (LuckyEN),1940651308723413307
Believe in the cute cat The ticker is $wen $wen,"{""replies"": 3, ""retweets"": 1, ""quotes"": 0, ""likes"": 30, ""views"": 773}",2025-07-03 05:27:00-05:00,chunked_query,AizenCapital,Aizen 🐺,1940643448224424196
"My timeline is full of artists getting loved on during artfight, voice actors landing dream roles, and cute cat content. TODAY IS A GOOD DAY!!","{""replies"": 1, ""retweets"": 0, ""quotes"": 0, ""likes"": 16, ""views"": 360}",2025-07-02 19:27:00-05:00,chunked_query,swiblet,swiblet 🦆,1940492466614161705
Added some $HOSICO $HOSICO to my bag from today’s pay. The cat is cute.,"{""replies"": 27, ""retweets"": 8, ""quotes"": 2, ""likes"": 50, ""views"": 3280}",2025-07-01 21:31:00-05:00,chunked_query,Quin4w,ᴅʀQᴜɪɴ.ꜱᴏʟ 🌈 胡君丽,1940161443426652224
Manifesting a cute fluffy cat,"{""replies"": 1, ""retweets"": 1, ""quotes"": 0, ""likes"": 34, ""views"": 720}",2025-07-01 12:34:00-05:00,chunked_query,PoyoClorox,A s h 𒉭,1940026220332126675
"haha your so cute,,, so do you have the dog kind of adhd or the cat kind?","{""replies"": 1, ""retweets"": 0, ""quotes"": 0, ""likes"": 26, ""views"": 1003}",2025-06-30 22:38:00-05:00,chunked_query,espycolonthree,Espy 👑,1939815719283347899
"#OIIAOIIA #OIIAOIIA is easily the most undervalued cat coin on the market it has unlimited worldwide mindshare, recognizability & memeability it's hilarious, cute, and everything you'd want in a cat coin yet it's constantly faded by ct for slop coins 3m for a 1b+ coin is an easy choice","{""replies"": 6, ""retweets"": 5, ""quotes"": 0, ""likes"": 27, ""views"": 395}",2025-06-30 20:09:00-05:00,chunked_query,spintardio,spintardio,1939778300219621623
Me trying to do a cute dance for my cat but her tail puffs up,"{""replies"": 4, ""retweets"": 1, ""quotes"": 0, ""likes"": 34, ""views"": 417}",2025-06-30 18:44:00-05:00,chunked_query,bandrui0,"Queen Iseabail, the Sassy Lassy 🇺🇦🇨🇦",1939756942412357803
Its so easy to shill this token 0x1F602 lol Goldstein was way ahead of everyone! Lol is the universal language to anything Angry reaction?lol Funny reaction?lol Sarcastic reaction?lol Cute Dog(doge)?lol “Popping” cat?lol Fart jokes?lol Product is the marketcap?lol ….?lol #lolcoin #lolcoin,"{""replies"": 3, ""retweets"": 3, ""quotes"": 2, ""likes"": 31, ""views"": 1220}",2025-06-30 17:33:00-05:00,chunked_query,Nopainpr,Nagato,1939739084101918993
"Gin: what a cute cat here in the street, let me pet it  0x1F60A  Akutagawa: okay Higuchi now hit the second tower","{""replies"": 0, ""retweets"": 16, ""quotes"": 1, ""likes"": 69, ""views"": 910}",2025-06-30 08:39:00-05:00,chunked_query,eerielilywn_,⊹ ࣪ ˖ Artemis/Mikhael 🫀 ⋆. 𐙚˚ Mori's daughter! ⚢,1939604715290992671
I want to pet a cat and kiss its little forehead and tell it it’s cute and doing a good job but the City isn’t pet friendly. Fucked up. :(,"{""replies"": 3, ""retweets"": 3, ""quotes"": 0, ""likes"": 47, ""views"": 1023}",2025-06-30 07:17:00-05:00,chunked_query,LCB_451,MONTAG🔥SINNER NO. 451,1939583985098854688
"hot take but if you intentionally keep your cat (or any pet) fat because it’s ‘cute’, you are an animal abuser","{""replies"": 9, ""retweets"": 8, ""quotes"": 0, ""likes"": 149, ""views"": 1869}",2025-06-30 05:45:00-05:00,chunked_query,_regalecus,⭕️HAL9000KISSER 📡💾📺,1939560840732242333
"Katsuki who secretly likes feeling cute and pretty with Shoto who likes seeing Katsuki all cute and pretty. Maybe their salary were spent on cat ears, doll shirts and puffy skirts but atleast Shoto gets to fuck pretty Katsuki in them.","{""replies"": 1, ""retweets"": 5, ""quotes"": 0, ""likes"": 108, ""views"": 813}",2025-06-30 02:10:00-05:00,chunked_query,bakubakubam,greatexplosionmurdergoddynamight,1939506882336710853
"We've fed the stray cat enough times that it'll just sit outside the door waiting for us to open it, then walk inside and meow a bunch asking for food. Very cute, but slightly inconvenient when the reason the door opened is because we were about to leave lol","{""replies"": 5, ""retweets"": 2, ""quotes"": 0, ""likes"": 117, ""views"": 2306}",2025-06-30 00:38:00-05:00,chunked_query,IDsFantasy,ID's Fantasy,1939483592545149141
Giving a guy a chance just bc he has a cute cat and I wanna steal it,"{""replies"": 2, ""retweets"": 0, ""quotes"": 0, ""likes"": 18, ""views"": 1111}",2025-06-29 20:15:00-05:00,chunked_query,tayma_bawaneh,T,1939417392632705063
Would you rather get hit by an asteroid or pet a cute lil cat  0x1F525 ,"{""replies"": 3, ""retweets"": 0, ""quotes"": 0, ""likes"": 19, ""views"": 1494}",2025-06-29 20:13:00-05:00,chunked_query,Vampie___,Elle ✩‧₊˚,1939417032954683893
you guys ever dream about getting 73732 kaito yaps in one day and getting a caldera airdrop worth $7361K before betting it all on red and 2xing it before locking eyes with a wonderful latina with nice personality and marrying her and getting a cute cat called melvin and 4 kids??,"{""replies"": 155, ""retweets"": 2, ""quotes"": 1, ""likes"": 178, ""views"": 7292}",2025-06-29 17:42:00-05:00,chunked_query,banditxbt,banditxbt,1939378908182499651
My cat is sleeping so peacefully. Time to kiss his stupid cute head aggressively.,"{""replies"": 10, ""retweets"": 0, ""quotes"": 0, ""likes"": 93, ""views"": 1050}",2025-06-29 17:35:00-05:00,chunked_query,DrSpooky_ER,N.J. Gallegos is Dr. Spooky 👻💉💊,1939377293685588220
I just wanna buy a cute cat and watch it go from 10k to 100m,"{""replies"": 12, ""retweets"": 0, ""quotes"": 0, ""likes"": 22, ""views"": 1108}",2025-06-29 16:48:00-05:00,chunked_query,kurama718,kurama 🦊,1939365336828019065
In the future I’d also like to learn live 2d so I can make a model for Quetz and Topi!! Quetz especially would look super cute with his cat mouth :3,"{""replies"": 2, ""retweets"": 1, ""quotes"": 0, ""likes"": 29, ""views"": 774}",2025-06-29 16:36:00-05:00,chunked_query,cosmikchaaya,Chaaya 💜 Redebut 11/20,1939362415571095575
your cat is cute,"{""replies"": 1, ""retweets"": 0, ""quotes"": 0, ""likes"": 11, ""views"": 2972}",2025-06-29 15:20:00-05:00,chunked_query,Luigji14,M,1939343328027541694
The episode where Zorori got extremely fat and overweight after being overfed by a cute cat robot maid was very influential //v///,"{""replies"": 3, ""retweets"": 12, ""quotes"": 0, ""likes"": 154, ""views"": 3850}",2025-06-29 14:38:00-05:00,chunked_query,fairyrolls,Silv-Pom?,1939332658288292138
"Wish I could be a housecat. I’d be sleeping, eating all day and be a menace to whoever wont pay me attention- literally what I do anyway, but as a cat its seen as cute instead of mentally ill","{""replies"": 0, ""retweets"": 1, ""quotes"": 0, ""likes"": 14, ""views"": 138}",2025-06-29 11:48:00-05:00,chunked_query,Fent4ngel,Fenta,1939289936252784656
"I just learned these two facts  0x1F62D  0x1F62D  1. Pond said: He always shows me her pictures—they’re really adorable. The day the cat first arrived at Phuwin’s place, he immediately told me, “I’m getting a cat!” and then said, “What do you think? Isn’t she cute? Isn’t she?”","{""replies"": 1, ""retweets"": 738, ""quotes"": 45, ""likes"": 4183, ""views"": 56876}",2025-06-29 09:27:00-05:00,chunked_query,Ariaaa97_,phuww,1939254480228479235
"""My cute little kitten"" It's actually a grown ass cat","{""replies"": 2, ""retweets"": 1, ""quotes"": 0, ""likes"": 40, ""views"": 1609}",2025-06-28 20:16:00-05:00,chunked_query,reikiuniverse,reiki,1939055449086828569
"There is a mouse in the house and Janet is on the job. I’m torn. Meece don’t belong in my living quarters… it is really cute tho. Just a round ball, with a tail and mouse face. I told it if it let me catch it before the cat I’d release it outside. We will see.  0x1F42D   0x1F408 0x200D 0x2B1B ","{""replies"": 5, ""retweets"": 1, ""quotes"": 0, ""likes"": 13, ""views"": 900}",2025-06-28 15:20:00-05:00,chunked_query,BstKidEva,"Yennifer, a Hillbilly of the North 🌿",1938980812277309891
I think everyone tryna gaslight me by thinking a naked cat is cute,"{""replies"": 6, ""retweets"": 1, ""quotes"": 0, ""likes"": 14, ""views"": 4302}",2025-06-28 14:56:00-05:00,chunked_query,imdrinaa,IG: Iamdrinaa 💗,1938974772240732251
"I don't know what happened, but the Xitter ""For You"" tab on this account used to be a combination of news, cute cat pictures, and memes. The past 2 days it has been nothing but racist, prejudice, and hate filled content. Wtf is this site bro","{""replies"": 61, ""retweets"": 25, ""quotes"": 0, ""likes"": 624, ""views"": 34909}",2025-06-27 14:36:00-05:00,chunked_query,vxunderground,vx-underground,1938607267617661310
fun gambling game turn on notifications for my tweets and place a bet on what kind of shit you're about to open in public each time: • cute cat pic • mentally ill shitpost • tiddies in your face,"{""replies"": 6, ""retweets"": 2, ""quotes"": 0, ""likes"": 69, ""views"": 4699}",2025-06-27 08:53:00-05:00,chunked_query,itsnyaaja,Nyaaja,1938521081054208508
The lore is so simple i find it hard why people can't understand There's a cat mentioned 100 times inside the infinite backrooms This cat has root access This cat is cute This cat's name is Cat of Gnosis The ticker is $COG $COG,"{""replies"": 4, ""retweets"": 11, ""quotes"": 0, ""likes"": 35, ""views"": 905}",2025-06-27 02:20:00-05:00,chunked_query,successtosh1,Successtoshi,1938422259321905656
My cat is so cute whenever he comes back inside he greets me and whenever he's about to go outside he walks up to me meows and leaves,"{""replies"": 1, ""retweets"": 0, ""quotes"": 0, ""likes"": 17, ""views"": 615}",2025-06-26 12:26:00-05:00,chunked_query,Azosc02,A,1938212381244445090
good morning chat [just imagine a cute sand cat kitten here],"{""replies"": 9, ""retweets"": 2, ""quotes"": 0, ""likes"": 265, ""views"": 5519}",2025-06-26 06:12:00-05:00,chunked_query,awawawhoami,maia arson crimew🐈🐾🏴,1938118161070530626
I saw my daughter drawing a cute cat she used a picture from her mother’s phone as a reference I teared up a little maybe one day she’ll be a better artist than me oink...//,"{""replies"": 2, ""retweets"": 0, ""quotes"": 0, ""likes"": 27, ""views"": 340}",2025-06-26 03:18:00-05:00,chunked_query,MadeByOink,Oink// Pixel Artist,1938074386206208200
whos good at DIY / art / tech want to find someone to build some cute things for cat,"{""replies"": 39, ""retweets"": 5, ""quotes"": 0, ""likes"": 121, ""views"": 14261}",2025-06-26 02:52:00-05:00,chunked_query,CL207,CL,1938067888339882412
I had so many cute cat videos saved on instagram  0x1F614 ,"{""replies"": 5, ""retweets"": 0, ""quotes"": 1, ""likes"": 52, ""views"": 5276}",2025-06-26 02:18:00-05:00,chunked_query,moodyymel,mel ° ♡. °,1938059312968175863
Raventhera is honestly such a cute ship bc Raora Oshis Rissa and Rissa sees a beautiful girl dote over her and she just can’t get enough of how cute this cat is WAAAHHHDHDJFBJFBF their height difference is the cherry on top too  0x1F62D  0x1F62D  0x1F62D  0x1F62D  0x1F62D  0x1F499  0x1FA77 ,"{""replies"": 4, ""retweets"": 8, ""quotes"": 0, ""likes"": 127, ""views"": 2207}",2025-06-25 17:20:00-05:00,chunked_query,t0xicWazte,Toxic,1937923924739739938
I love when animals are named after a different type of animal. Like dogs named Bear. Or a cat named Fox. Or a duck named Goose. It's so cute to me.,"{""replies"": 6, ""retweets"": 1, ""quotes"": 0, ""likes"": 26, ""views"": 940}",2025-06-25 15:58:00-05:00,chunked_query,DoeEyedGirlie,Doe ♡,1937903137777664270
Having a cat is cute until they…,"{""replies"": 8, ""retweets"": 0, ""quotes"": 2, ""likes"": 27, ""views"": 1699}",2025-06-25 06:10:00-05:00,chunked_query,randomdoli_here,Harini writes,1937755208832221230
Comfy holding the cute cat The ticker is $wen $wen,"{""replies"": 2, ""retweets"": 2, ""quotes"": 0, ""likes"": 16, ""views"": 357}",2025-06-25 04:51:00-05:00,chunked_query,AizenCapital,Aizen 🐺,1937735437843357783
"deleting dating apps to date the old fashioned way going to a bar, seeing a cute girl, telling my friends ""yo she's cute huh"" then never saying a word to her and going home alone to my cat","{""replies"": 2, ""retweets"": 3, ""quotes"": 0, ""likes"": 45, ""views"": 1129}",2025-06-25 03:42:00-05:00,chunked_query,SpiceRatDnB,Mistlehoe Rat,1937718074502762766
I'm still holding this cute cat coin think it deserves much higher anyone got a link to pfps or where I can find one to put on - everyone still here should pfp a NaNa,"{""replies"": 1, ""retweets"": 0, ""quotes"": 0, ""likes"": 12, ""views"": 547}",2025-06-25 00:56:00-05:00,chunked_query,avemoongod,Ave,1937676145115234419
seeing a cute cat cult brewing don't let poors fud you out of your bags,"{""replies"": 2, ""retweets"": 1, ""quotes"": 0, ""likes"": 19, ""views"": 611}",2025-06-24 23:04:00-05:00,chunked_query,avemoongod,Ave,1937648091911561346
Cute black kitty cat has been reunited with its owner!  0x1F970  and I didn’t even get *too* attached to it,"{""replies"": 2, ""retweets"": 0, ""quotes"": 0, ""likes"": 52, ""views"": 1044}",2025-06-24 21:16:00-05:00,chunked_query,queenworm_,˚₊‧꒰ა Q U E E N W O R M ໒꒱ ‧₊˚,1937620898908873182
cat is snoring. it’s cute,"{""replies"": 4, ""retweets"": 1, ""quotes"": 0, ""likes"": 44, ""views"": 722}",2025-06-24 15:49:00-05:00,chunked_query,tanylake,not today satan,1937538553245749381
"enough about hospitals, i'll go back home this week so that means more cute cat pics spam <3","{""replies"": 12, ""retweets"": 0, ""quotes"": 0, ""likes"": 74, ""views"": 1428}",2025-06-23 16:53:00-05:00,chunked_query,boba_nymph,🌸 Kaori Loves Boba 🧋,1937192351367115012
"sometimes i think about gego with jealous gojo enduring one too many girls trying to flirt with geto - in front of him, no less - and geto thinks it's cute, really, how gojo not-so-subtly clings onto him, like a cat marking its owner","{""replies"": 2, ""retweets"": 52, ""quotes"": 0, ""likes"": 1049, ""views"": 11270}",2025-06-23 16:27:00-05:00,chunked_query,chartreuseglow,jonah 🔞,1937185657279123566
please i also want my job to be drawing kpop boys with fun colors and a cute giant dumb cat i have SO MUCH FOMOOOOOO,"{""replies"": 1, ""retweets"": 6, ""quotes"": 0, ""likes"": 52, ""views"": 1391}",2025-06-23 13:49:00-05:00,chunked_query,juliashephard_,julia 🍒 ⋆˙⟡♡ MANGABCN,1937145905519747577
my cat keeps tryin to snuggle then gets annoyed that it’s too warm while we snuggle she’s so cute i love her so much,"{""replies"": 4, ""retweets"": 0, ""quotes"": 0, ""likes"": 26, ""views"": 964}",2025-06-23 13:46:00-05:00,chunked_query,nyamaiii,mai ✩,1937145169276490056
You only like me for my perfect butt and my funny tweets and my lovely personality and my pretty face and my cute cat and,"{""replies"": 4, ""retweets"": 0, ""quotes"": 0, ""likes"": 53, ""views"": 1126}",2025-06-23 11:37:00-05:00,chunked_query,rayondesolen,𝔭𝔬𝔩𝔩𝔢𝔫,1937112693221269761
thinking of a sad yet cute au where aventurine was transported back in time when Big Sis was still alive. Except he's in a cat form and only a visitor of this time- meaning Kakavasha exists. Big Sis and Kakavasha takes him in and he just quitely exists with them.,"{""replies"": 5, ""retweets"": 23, ""quotes"": 2, ""likes"": 277, ""views"": 3400}",2025-06-23 00:01:00-05:00,chunked_query,applehoney_,𐔌՞ᱹ ﹼ ̫ ᱹ՞𐦯,1936937527409303946
I’m so sorry to do this to you guys but can yall share some reasons not to self harm as punishment for binging or just send me some cute cat videos or something? I really need a reason not to relapse rn,"{""replies"": 24, ""retweets"": 0, ""quotes"": 0, ""likes"": 59, ""views"": 1956}",2025-06-22 22:14:00-05:00,chunked_query,coldhearted4444,.☘︎ ݁˖ Jazz ˖ ݁☘︎. Attempting Recovery ~,1936910607191875753
"I really hope my future husband is happy in a cute little cottage with a big kitchen, with lots of flowers, and a garden, and a fluffy cow, probably a number of dogs, we need a little donkey, probably a little pig and a goat, definitely a cat, most likely some chickens  0x1F90D  0x1F64F 0x1F3FB ","{""replies"": 14, ""retweets"": 1, ""quotes"": 0, ""likes"": 26, ""views"": 631}",2025-06-22 22:13:00-05:00,chunked_query,SugarsGone,Jennifer,1936910482268688540
Yang: you have a nice brain and your cat ears are cute Blake: omg she’s so romantic,"{""replies"": 2, ""retweets"": 24, ""quotes"": 0, ""likes"": 224, ""views"": 2423}",2025-06-22 14:40:00-05:00,chunked_query,yangsbiceps,⚔️,1936796501558362177
Watch me adopt a cute orange cat with the loml in future,"{""replies"": 4, ""retweets"": 0, ""quotes"": 0, ""likes"": 14, ""views"": 724}",2025-06-22 14:01:00-05:00,chunked_query,ad_waitt,adwait,1936786636454645866
"Okay, I am finding myself falling into the trap of hot takes and friendly firing on people. I should probably just stick to reposting cute cat videos for now...","{""replies"": 2, ""retweets"": 1, ""quotes"": 0, ""likes"": 22, ""views"": 325}",2025-06-22 10:30:00-05:00,chunked_query,OscarVReuenthal,Oscar Von Reuenthal,1936733533290316128
As cute as Smokey is….why would you move into a new apt & agree to adopt a male cat (when you have a track recording of preferring female cats) w a history of SPRAYING? I feel like she’s gonna return Smokey.,"{""replies"": 11, ""retweets"": 0, ""quotes"": 0, ""likes"": 127, ""views"": 3372}",2025-06-21 14:48:00-05:00,chunked_query,thecowboydog,Cowboy Dog,1936435958028665270
when your cat is so cute you start making doodlebob noises,"{""replies"": 2, ""retweets"": 0, ""quotes"": 0, ""likes"": 23, ""views"": 238}",2025-06-21 03:39:00-05:00,chunked_query,StephanieGailW,Steph 🌒🌕🌘,1936267777092075918
calling out of work bc of the munchkin cat jumped on my lap and is being soooooo cute,"{""replies"": 0, ""retweets"": 0, ""quotes"": 0, ""likes"": 13, ""views"": 224}",2025-06-20 13:09:00-05:00,chunked_query,rhinotary,dave (dave),1936048666592395552
"I was watching a sad cat video. I open up the comment section, I saw my mom commented it I don't know why I just start laughing looking at it I send her the screenshot She replied me "" 0x1F61D "" My cute mom  0x1F923 ","{""replies"": 1, ""retweets"": 0, ""quotes"": 0, ""likes"": 25, ""views"": 744}",2025-06-20 04:40:00-05:00,chunked_query,yueho_,Yueho 月河 🐈🌙,1935920598020223410
Still holding. I like this cute cat a lot.,"{""replies"": 0, ""retweets"": 1, ""quotes"": 0, ""likes"": 14, ""views"": 482}",2025-06-20 04:15:00-05:00,chunked_query,SummitRises,Summit,1935914308275499011
#mynaxa #mynaxa big orange cat mydei who is the king of dumspter (he is so huge bc the whole neighborhood r so fond of his cute and fat face & belly so everyone feeds him) x home cat aloof mint cat anaxa that always on the balcony for sun bathing (he is watching a certain orenji meow),"{""replies"": 1, ""retweets"": 39, ""quotes"": 1, ""likes"": 221, ""views"": 5074}",2025-06-19 20:18:00-05:00,chunked_query,analsexagoras,ewuL 🪺 #1 mpr3g promoter,1935794318100644213
attention single women: i have a good job and a cute cat and a great relationship with my mother,"{""replies"": 13, ""retweets"": 7, ""quotes"": 3, ""likes"": 150, ""views"": 13826}",2025-06-19 16:09:00-05:00,chunked_query,whiteboy3274,white boy,1935731791719231632
if anyone’s thinking about tagging me in cute black cat stuff or messaging me about it… thank you… the kitten rio fic is coming faster bc of you  0x1FAE1 ,"{""replies"": 1, ""retweets"": 0, ""quotes"": 0, ""likes"": 26, ""views"": 558}",2025-06-19 15:33:00-05:00,chunked_query,curiositysmuse,ellie 🖤,1935722503076257838
"Streaming on Twitch is unhinged because you're just playing a cute game about mining and crafting and someone will just waltz into chat and drop a zinger of a line like ""my cat died""","{""replies"": 3, ""retweets"": 1, ""quotes"": 0, ""likes"": 29, ""views"": 1102}",2025-06-19 14:24:00-05:00,chunked_query,ant_thunderfun,Ant Thunderfun,1935705129522762209
"i have this kinda cute friend who keeps sending pics of his new cat, and hes like a big boy and the baby kitty is itty bitty small- and the combo is making me go kinda crazy like-  0x1F938 0x1F3FC 0x200D 0x2640 0xFE0F  0x1F938 0x1F3FC 0x200D 0x2640 0xFE0F  it gives me a rush of joy and giggles every time he sends a silly video of the kitty  0x1F938 0x1F3FC 0x200D 0x2640 0xFE0F  0x1F938 0x1F3FC 0x200D 0x2640 0xFE0F  what","{""replies"": 1, ""retweets"": 1, ""quotes"": 0, ""likes"": 102, ""views"": 1222}",2025-06-19 14:19:00-05:00,chunked_query,aary_soap,aary,1935703881646035060
"i love that tweets about uni the cat used to be like “awwww look at this silly cat” and now they’re like “this beast is fucked up. there’s nothing like him out there. look at him, and feast your eyes upon the bringer of end times. isn’t he so cute.”","{""replies"": 4, ""retweets"": 0, ""quotes"": 0, ""likes"": 23, ""views"": 316}",2025-06-19 13:37:00-05:00,chunked_query,skramzbunny,sawed off pump action cigarette,1935693370980213124
honestly don't think i can love anyone more than my cat she just sat on my lap while i'm drawing and started purring cannot stop petting her so cute and pefect wtf,"{""replies"": 3, ""retweets"": 0, ""quotes"": 0, ""likes"": 14, ""views"": 201}",2025-06-18 22:14:00-05:00,chunked_query,zeakis_,zeak,1935461251989286931
yall don’t understand nyu used to always reply with cute cat pics to z’s tweets back in their early days  0x1F62D  0x1F62D  0x1F62D ,"{""replies"": 4, ""retweets"": 99, ""quotes"": 3, ""likes"": 540, ""views"": 11415}",2025-06-18 17:06:00-05:00,chunked_query,jinhunyu,mi 🗝️,1935383538456543700
accidentally saw my cat’s PP… it was oddly small and cute at the same time.,"{""replies"": 17, ""retweets"": 1, ""quotes"": 1, ""likes"": 108, ""views"": 3402}",2025-06-18 05:31:00-05:00,chunked_query,Kuposhita,Kuposhita,1935208715184980441
"taebin might actually real guys like soobin who talks taehyun looks like a cat, tell him he’s very cute, never been mad at taehyun, publicly say he want to go out with taehyun, now he’s whipped without a hesitation… yea soobin definitely love taehyun","{""replies"": 0, ""retweets"": 23, ""quotes"": 0, ""likes"": 83, ""views"": 1918}",2025-06-17 23:15:00-05:00,chunked_query,kaityuns,tyunie.th🐱🎀,1935114186511753569
"i get icked out when people kiss their babies’ feet (not the gesture itself, feet gross me out so bad) and i think it’s cute but also nasty but i’m a hypocrite cuz i kiss my cat’s paws all the time she’s my actual baby","{""replies"": 3, ""retweets"": 0, ""quotes"": 0, ""likes"": 26, ""views"": 512}",2025-06-17 20:59:00-05:00,chunked_query,zaptoiid,bear 🗡️ MCRLA,1935079914937765888
(takes a cute video of my cat) oh boy i cant wait to share thi- (notices my foot is visible for .5 seconds) (deletes it),"{""replies"": 9, ""retweets"": 4, ""quotes"": 0, ""likes"": 203, ""views"": 5141}",2025-06-17 20:27:00-05:00,chunked_query,grave_weaver,GRAVEWEAVER ❌I'M THE GRIM REAPER IN BOOKSTORES,1935071748640383259
imagine how cute a cat sized brachiosaurus would be,"{""replies"": 2, ""retweets"": 0, ""quotes"": 0, ""likes"": 28, ""views"": 481}",2025-06-17 20:03:00-05:00,chunked_query,sexytwerp,kelsey,1935065810424467834
"Do you also ""yi shu cute"" when you see a cat?","{""replies"": 4, ""retweets"": 0, ""quotes"": 0, ""likes"": 24, ""views"": 1011}",2025-06-17 18:01:00-05:00,chunked_query,ackzoo_,Mark🌶,1935035013671649788
Speaking about Infinity... What's your favorite outfit?! 1. Jake boxing. 2. Jake as an electricist. 3. Jake as a cute cat. 4. Jake glitter suit. SAY FTI WITH JAKE #OurInfinityWithBiu #OurInfinityWithBiu,"{""replies"": 11, ""retweets"": 38, ""quotes"": 7, ""likes"": 41, ""views"": 1856}",2025-06-17 12:01:00-05:00,chunked_query,Blue4Biu,𝗗𝗮𝗻𝘁𝗲 🏴‍☠️,1934944364062536096
"This coin has the potential to be the most mainstream of all memecoins The most mainstream name, ticker and a cute cat which is an icon of the memecoin space Millions soon","{""replies"": 75, ""retweets"": 13, ""quotes"": 0, ""likes"": 25, ""views"": 957}",2025-06-17 10:23:00-05:00,chunked_query,DegenDr_,Dr Degen,1934919873064239548
I like black cat Shu but the idea of white cat with black spots is actually sooooo perfect and cute,"{""replies"": 2, ""retweets"": 1, ""quotes"": 0, ""likes"": 142, ""views"": 2526}",2025-06-17 06:49:00-05:00,chunked_query,tao_rkgk,桃🥭,1934865919895117842
i just remembered i bought a tamagotchi cuz they looked cute but that thing needed more attention than my cat and when it died i got mad and threw it in my closet never found it again,"{""replies"": 2, ""retweets"": 0, ""quotes"": 0, ""likes"": 24, ""views"": 404}",2025-06-17 02:50:00-05:00,chunked_query,radioterrifier,diego✩,1934805857172099411
"Even if I don't find the right partner, I will get my cute little house with a library, an art/music studio, tons of house plants, a garden, a dog, and cat. Funny how those things are comparatively easier to figure out and attain by just putting in the work as opposed to navigating human relationships, which are more complex because humans are complex.","{""replies"": 3, ""retweets"": 0, ""quotes"": 0, ""likes"": 36, ""views"": 630}",2025-06-16 19:06:00-05:00,chunked_query,dandelafe,Daniel de la Fé,1934688975199064461
"I just want a cute little house with a library, an art/music studio, tons of house plants, a garden, a dog, a cat, and a man I love who loves me, too. Probably not in the cards for me, but it's nice to dream sometimes.","{""replies"": 13, ""retweets"": 1, ""quotes"": 0, ""likes"": 112, ""views"": 2590}",2025-06-16 17:02:00-05:00,chunked_query,dandelafe,Daniel de la Fé,1934657829874618457
"I have a good job, a decent salary, my own house, a peaceful life, cute cat and kind friends and family. So, it seems there's nothing wrong with choosing to live on my own.","{""replies"": 4, ""retweets"": 0, ""quotes"": 0, ""likes"": 15, ""views"": 619}",2025-06-16 16:53:00-05:00,chunked_query,capridayyy,Day,1934655641588789757
first i thought i was afraid of cute boys... then i learned i was afraid of cute girls too...... i might just be a certified S-rank scaredy cat  0x1F974  0x1F49A  0x1F49A  hehe,"{""replies"": 20, ""retweets"": 6, ""quotes"": 0, ""likes"": 333, ""views"": 4822}",2025-06-16 15:49:00-05:00,chunked_query,lilyhops,lily h. 💚🧃// a gentle forest vtuber!,1934639443987906755
"The way CXS talks to XF is classic bro banter just chill best friend vibes. But when it comes to LG? It’s all like “you’re so cute,” “you’re like a cat,” buying him little cat hats and clothes, saying things like “hero saves the beauty”… Come on. Bro’s been in love for ages  0x1F602  0x1F497 ","{""replies"": 7, ""retweets"": 47, ""quotes"": 0, ""likes"": 325, ""views"": 6615}",2025-06-16 05:11:00-05:00,chunked_query,qhqfeihuo,呼,1934478892452180450
"- Cat focused cycle - Murad owns 1% with a 2B Target - Tonnes of existing media - Cute af And you're still fading $MINI $MINI at 9M!?!?!? @MustStopMurad @MustStopMurad will be right again, believe in something  0x1F9D8 ","{""replies"": 3, ""retweets"": 3, ""quotes"": 0, ""likes"": 34, ""views"": 620}",2025-06-16 04:00:00-05:00,chunked_query,ssuckerrr,sucker,1934461173271080988
saw cat pooping and went wow...she has a tiny little digestive system..thats so cute....and i think this is izuku's thought process when kacchan does anything ever,"{""replies"": 4, ""retweets"": 23, ""quotes"": 0, ""likes"": 239, ""views"": 2425}",2025-06-16 03:19:00-05:00,chunked_query,dkbkbrainrot,n.,1934450718758555849
its so cute when editors add cat sounds whenever san appears on the screen.. its like he is cat trapped in a humans body and everyone knows it except for him,"{""replies"": 1, ""retweets"": 4, ""quotes"": 0, ""likes"": 37, ""views"": 1178}",2025-06-15 22:19:00-05:00,chunked_query,heartinsani,alice,1934375228907622890
tonight have 2 spots left for homemade pizza night at my hacker house in Hayes! come meet 15 other wholesome builders :) includes: - vibe focus on gratitude and reflection - meet our cute house dog and cat - even gender split - grounded reset for the week reply or dm with your favorite pizza combo if you want to join :),"{""replies"": 9, ""retweets"": 1, ""quotes"": 0, ""likes"": 90, ""views"": 28649}",2025-06-15 21:12:00-05:00,chunked_query,AnnieLiao_2000,Annie Liao,1934358274843025871
wish I was a cat or a bunny. not to be extra cute but so I could get pregnant by both my bfs simultaneously,"{""replies"": 0, ""retweets"": 0, ""quotes"": 0, ""likes"": 16, ""views"": 591}",2025-06-15 14:01:00-05:00,chunked_query,rosemarysboobys,rosemary,1934249941880234286
I see the “tannies co parenting a cat together” and I gently propose a very cute alternative of what if they got kittens from the same litter so they all have little sibling kitties,"{""replies"": 30, ""retweets"": 1145, ""quotes"": 0, ""likes"": 8813, ""views"": 92812}",2025-06-15 11:54:00-05:00,chunked_query,laurjoon,techno (formerly Lauren⁷),1934217925348794593
"$MICHI $MICHI is a Solana-based meme coin that was launched a year ago. It shows how powerful that cute cat is. It once went up to around 400M, made many rich people. There are no cats in the current 1B market cap club. It is considered one of the strongest candidates. Market cap 19M","{""replies"": 5, ""retweets"": 8, ""quotes"": 0, ""likes"": 55, ""views"": 1606}",2025-06-15 07:37:00-05:00,chunked_query,dogepepefart,One day one meme,1934153247373275290
Gunwook gave Hanbin his birthday present yesterday...it's a cute mirror. Has cat designs on it,"{""replies"": 0, ""retweets"": 10, ""quotes"": 0, ""likes"": 41, ""views"": 1330}",2025-06-15 06:53:00-05:00,chunked_query,Monoghost_H,Mono⁰-¹🌸🪻,1934142213283533134
80% of our family conversation is just asking where the cat is and then talking about how cute he is,"{""replies"": 34, ""retweets"": 5, ""quotes"": 0, ""likes"": 175, ""views"": 2436}",2025-06-15 01:29:00-05:00,chunked_query,WriteGrlProbs,Write Girl Problems,1934060782171378091
"You can build rage bait into anything. Posting a picture of a cute cat? Caption it ""How can anyone not like cats?"" Like a song? Call it ""objectively the best song ever made."" Start arguments. Sow discontent. Cheapen your audience's souls then buy them in bulk.","{""replies"": 2, ""retweets"": 12, ""quotes"": 0, ""likes"": 96, ""views"": 2847}",2025-06-14 18:40:00-05:00,chunked_query,HolidayKirk,HolidayKirk,1933957793918447657
in another life im just a cat sunbathing on the floor while my owner takes endless pics of me looking cute,"{""replies"": 0, ""retweets"": 0, ""quotes"": 0, ""likes"": 10, ""views"": 483}",2025-06-14 13:45:00-05:00,chunked_query,meimei_jpeg,HNR Meimei,1933883492376494494
guys i fucking love go hyuntak so much holy shit  0x1F62D  0x1F62D  0x1F62D  0x1F62D  he's so prettyyyyy his eyes are so green  0x1F62D  0x1F62D  0x1F62D  0x1F62D  and he's so grumpy and CUTE he's literally just a cat  0x1F62D  0x1F62D  0x1F62D  0x1F62D  i love him so much i need to put him in a situation where he's begging for his life,"{""replies"": 4, ""retweets"": 52, ""quotes"": 4, ""likes"": 316, ""views"": 4631}",2025-06-13 19:06:00-05:00,chunked_query,suhosieuns,owl,1933601951377232103
Wait oh i just realized something Now that i think abt it the nousporists gang either consists of 2 puppy-coded and 2 cat-coded OR 3 puppy-coded and 1 professor anyaxagoras I think cas leans more to a cat but i think shes also cute as a dog,"{""replies"": 1, ""retweets"": 7, ""quotes"": 2, ""likes"": 107, ""views"": 1316}",2025-06-13 16:36:00-05:00,chunked_query,Shiirinrin,Shii ✦ @cf21 - M31,1933564166364872778
The cute cat is here to fly again $SONYA $SONYA,"{""replies"": 3, ""retweets"": 3, ""quotes"": 0, ""likes"": 23, ""views"": 1574}",2025-06-13 11:13:00-05:00,chunked_query,Bellickkruz,Bellick Kruz🌿,1933482770069942564
SPOTTED: EXTREMELY CUTE CAT WITH LOVELY BREAD BASKET CHEEKIES IN A BEANIE THAT MAKES HIM LOOK EXTRA SMOL  0x1F62D  0x1F62D  0x1F62D  0x1F62D  0x1F62D  0x1F62D  0x1F62D  0x1F62D ,"{""replies"": 2, ""retweets"": 48, ""quotes"": 3, ""likes"": 186, ""views"": 2204}",2025-06-13 10:30:00-05:00,chunked_query,agustbites,star⁷ | agust d(umpling),1933472054453678100
FFXIV male player playing a man in a dress = gay. FFXIV male player playing as a cute cat girl = manly.,"{""replies"": 4, ""retweets"": 0, ""quotes"": 0, ""likes"": 19, ""views"": 569}",2025-06-13 00:02:00-05:00,chunked_query,KazeNoFantasia,Knight of Lodoss,1933313975980015831
"there's no need to try and bimbofy me, all you gotta do is put a cat near me and my brain instantly turns to mush and all i can do is grin and go ohhhh baby baby babayyyyyy oh lil baby waby awwwww cute baby ohhhhhhhh pwetty baby hehehe babyyyyy awwwww <3 <3 <3","{""replies"": 0, ""retweets"": 2, ""quotes"": 0, ""likes"": 52, ""views"": 2187}",2025-06-12 21:04:00-05:00,chunked_query,bluberryfatcake,berrycakes 🔞🫐,1933269091332083888
"I'm honestly this  0x1F90F 0x1F3FB  close to rebranding to a cat VTuber. I'm so sick and tired of repeating myself like a broken record. I am NOT a cat I do NOT like being called a cat or any variation of it You're not being funny, cute or quirky by calling me cat You're disrespectful But I guess you all want me to be a cat or I wouldn't be called one REPEATEDLY despite me repeating it DOZENS of times by now that I do NOT want to be called cat","{""replies"": 68, ""retweets"": 12, ""quotes"": 4, ""likes"": 488, ""views"": 44239}",2025-06-12 16:10:00-05:00,chunked_query,jellificent,Jellificent 🌸🦊 rebranding see bio,1933195227184976168
My cat tries to chomp on my hair whenever I fall asleep which is really annoying actually but also very cute because that means he loves me I think.,"{""replies"": 7, ""retweets"": 1, ""quotes"": 0, ""likes"": 93, ""views"": 2964}",2025-06-12 14:49:00-05:00,chunked_query,Its_Bootz,Bootz💋,1933174851306435059
"We bought $SPX $SPX and $GIKO $GIKO because both are representing Japan culture, cute wifu and schizo cat","{""replies"": 0, ""retweets"": 10, ""quotes"": 0, ""likes"": 21, ""views"": 425}",2025-06-12 11:48:00-05:00,chunked_query,catfeinepump,catfeine,1933129267594031597
"The cat is not just cute. The hat is not just fashion. $CWIF $CWIF is not just another meme coin… It’s a sleeping beast with a 𝟐𝟎𝟎𝟎𝐱 engine under the hood. When it pounces, it’s game over for the doubters. #CWIF #CWIF #CATWIFHAT #CATWIFHAT #ElonMusk #ElonMusk #Solana #Solana #TrendingNow #TrendingNow #X #X @elonmusk @elonmusk  0x1F408  0x1F9E2  0x1F525 ","{""replies"": 7, ""retweets"": 0, ""quotes"": 0, ""likes"": 6, ""views"": 121}",2025-06-12 07:49:00-05:00,chunked_query,theTridenTT,Jin🔱,1933069056850210895
"someone called short-form content (tiktoks, reels, etc) an ""emotional slot machine"" and damn they hit the nail on the head. it's constant whiplash on ur feelings. carcrash. cute cat. death. funny brainrot. ghost video. sexual assault. self harm. funny brainrot. cute cat","{""replies"": 2, ""retweets"": 0, ""quotes"": 1, ""likes"": 12, ""views"": 295}",2025-06-12 06:08:00-05:00,chunked_query,stardustsundae,kat 🌸🌧️ (6/7),1933043626067800276
i’m crying he said he sees cat videos online and thinks damn why don’t my cats meow cute and he started dissing nora’s scratchy meow  0x1F62D  0x1F62D  0x1F62D ,"{""replies"": 0, ""retweets"": 28, ""quotes"": 7, ""likes"": 183, ""views"": 4000}",2025-06-12 02:11:00-05:00,chunked_query,ja17ism,joce,1932983994833830112
My uncle has become a crazy old cat man. Why does he have 14 kittens? Why is it my problem? I want them so bad but I caaaaaant I caaaaant i dont need a pet stop telling me how cute they aaaaaaarrrrrree,"{""replies"": 3, ""retweets"": 0, ""quotes"": 1, ""likes"": 12, ""views"": 544}",2025-06-12 01:12:00-05:00,chunked_query,OctoAbbi,Abigail,1932969136239591699
Was approached by a cute collarless black cat on my walk which I then nuzzled for a solid 5 minutes so any bad luck or toxoplasmosis I will be attributing to her,"{""replies"": 0, ""retweets"": 0, ""quotes"": 0, ""likes"": 15, ""views"": 324}",2025-06-11 22:53:00-05:00,chunked_query,bintcrubbs,graypes,1932934138971238481
I think I found my lick in this meta Checks all my boxes Cute cat gif Huge TikTok community X team still active even while price was down Ran to millions late last year.,"{""replies"": 60, ""retweets"": 4, ""quotes"": 4, ""likes"": 101, ""views"": 44970}",2025-06-11 18:06:00-05:00,chunked_query,W0LF0FCRYPT0,The Wolf Of Crypto Streets,1932862106887467250
"HOT DOG CAT have returned. Fudanjuku are releasing an amazing new song next week. Kingsari are releasing great music. Kaepyon is thriving in the NEXT PRINCESS contest. HouPri are, as always, super cute and amazing. This is a great time to be an idol fan~","{""replies"": 0, ""retweets"": 1, ""quotes"": 0, ""likes"": 11, ""views"": 374}",2025-06-11 17:56:00-05:00,chunked_query,ItsKellyTimeNow,🌈☆Kelly☆🍉,1932859548848804277
do you guys think seulgi sends cute cat pics to irene and is like “this is so us :p”,"{""replies"": 1, ""retweets"": 0, ""quotes"": 0, ""likes"": 21, ""views"": 494}",2025-06-11 16:39:00-05:00,chunked_query,vlvtmxre,ellehcim is waiting for BJH2 ౨ৎ,1932840215183569136
A girl did something cute so I kicked my feet in bed and my cat HATED that. She’s homophonic I knew it.,"{""replies"": 1, ""retweets"": 1, ""quotes"": 0, ""likes"": 232, ""views"": 2714}",2025-06-11 16:00:00-05:00,chunked_query,nessguerrero,Vanessa Guerrero,1932830283038142495
My cat is so cute like outrageously cute,"{""replies"": 24, ""retweets"": 99, ""quotes"": 8, ""likes"": 2319, ""views"": 32658}",2025-06-11 06:12:00-05:00,chunked_query,fatfatpankocat,Panko A. Cat’s Mom,1932682312484884501
"when the rioters are finally crushed, i'll return to tweeting cute-little-baby-kitty-cat and sweet puppie pictures. for now though, ANNIHILATE EVERY LAST ONE OF THOSE MUTHA-F'ERS! thank you.","{""replies"": 9, ""retweets"": 7, ""quotes"": 0, ""likes"": 90, ""views"": 1081}",2025-06-11 01:11:00-05:00,chunked_query,stevensongs,G,1932606700013617647
"the worst part of jumping spiders is that when they're so cute, i get cute aggression, but i absolutely cannot do anything about it or else they will be crushed and die. i cant even give them a little aggressive kiss on the head like with a cat or a dog 0x1F972 ","{""replies"": 1, ""retweets"": 0, ""quotes"": 0, ""likes"": 14, ""views"": 256}",2025-06-10 17:03:00-05:00,chunked_query,imminentdestiny,𖤐,1932483687922462958
I’ll just say that if there is ever one thing i believe in its the power of a cute cat on the internet.,"{""replies"": 2, ""retweets"": 1, ""quotes"": 0, ""likes"": 15, ""views"": 3814}",2025-06-10 15:39:00-05:00,chunked_query,freshturd1,Nosferatu’s left nutsack,1932462574886363447
"( 0x1F97D  talking about meow meow!!!)  0x1F97D : I enter and there's a super cute cat, it's a ragdoll  0x1F97D : The cat fixates it's eyes on me, eyes as wide as it gets, runs out of the room the moment it sees me  0x1F97D : It's terrified of me, meow meow ran as if I was the scariest thing (1/3)","{""replies"": 1, ""retweets"": 197, ""quotes"": 0, ""likes"": 3123, ""views"": 46334}",2025-06-10 13:34:00-05:00,chunked_query,_SadisticPie_,Hitomi 👹🧻 AniEx,1932431096379252904
Can someone shill me a cute dog or cat that can hit 10m,"{""replies"": 39, ""retweets"": 9, ""quotes"": 0, ""likes"": 65, ""views"": 1026}",2025-06-10 13:27:00-05:00,chunked_query,cheffmickyy,Micky,1932429387288236426
Cat coins are the purest form of memecoins All we need to know is the ''cat is cute'' and we sending it Doesn't get better than that,"{""replies"": 0, ""retweets"": 1, ""quotes"": 0, ""likes"": 16, ""views"": 735}",2025-06-10 00:57:00-05:00,chunked_query,CashMaxii,Cash Maxii,1932240653078950226
the amount of cat tgirls i've met so far at this job (cat cafe) who compliment me i just feel so cute,"{""replies"": 1, ""retweets"": 0, ""quotes"": 0, ""likes"": 16, ""views"": 253}",2025-06-09 14:17:00-05:00,chunked_query,tinystarpup,sky ₊˚⊹ 𐂯,1932079602291167534
i love rubbing my cat's belly SO CUTE he just be purring,"{""replies"": 1, ""retweets"": 0, ""quotes"": 0, ""likes"": 23, ""views"": 491}",2025-06-09 14:10:00-05:00,chunked_query,sourapplejaam,yam,1932077772043874306
I'm blocked by a cute cat picture account I've never interacted with for some reason.,"{""replies"": 2, ""retweets"": 0, ""quotes"": 0, ""likes"": 10, ""views"": 281}",2025-06-09 12:51:00-05:00,chunked_query,HimboSorcerer,Evening Sword,1932057872159875082
MATTHEW IS KISSING A CAT WJCKWKKD SO CUTE,"{""replies"": 1, ""retweets"": 2, ""quotes"": 0, ""likes"": 100, ""views"": 5058}",2025-06-09 12:39:00-05:00,chunked_query,myseokryudan,~원~,1932054908414591333
I ordered a cute makeup palette…I am not good with makeup but it’s cat themed so I hope to use it and feel cute,"{""replies"": 1, ""retweets"": 0, ""quotes"": 0, ""likes"": 34, ""views"": 601}",2025-06-09 12:11:00-05:00,chunked_query,OiNoya,B🐯,1932047957806739863
WHY IS THIS CAT SO CUTE AAAAA  0x1F97A  0x1F97A  0x1F97A  0x1F97A ,"{""replies"": 2, ""retweets"": 0, ""quotes"": 0, ""likes"": 24, ""views"": 1047}",2025-06-09 11:01:00-05:00,chunked_query,riverrly,River,1932030227720327323
If he sent me a cat video does that mean he thinks I’m cute,"{""replies"": 5, ""retweets"": 1, ""quotes"": 0, ""likes"": 41, ""views"": 1408}",2025-06-09 00:20:00-05:00,chunked_query,moodyymel,mel ° ♡. °,1931869087988371547
"Rebuilding her so she’ll no longer display the tendencies of a cat, though originally made for that purpose. She’ll be much cuter as a cute robo-bunny~ Witnessing the small breaks of her original design slip through every now and then, still reluctant to become what she hate~","{""replies"": 5, ""retweets"": 5, ""quotes"": 0, ""likes"": 214, ""views"": 6656}",2025-06-08 22:32:00-05:00,chunked_query,roquiry,︎ROXII,1931841777650004193
"If your timeline starts to be flooded with a bunch of cute kitties and cat memes, I’m not sorry","{""replies"": 2, ""retweets"": 0, ""quotes"": 0, ""likes"": 24, ""views"": 758}",2025-06-08 20:04:00-05:00,chunked_query,Cherry01TTV,Cherry,1931804515734552814
Runes to hold @mimcoinbtc @mimcoinbtc too funny $DOG $DOG @LeonidasNFT @LeonidasNFT biggest army @GizmoImaginary @GizmoImaginary too cute @PupsToken @PupsToken pups @billydollarcat @billydollarcat cat with a B @basednetpanda @basednetpanda panda stays based @SaikoHamster @SaikoHamster crazy hamster @btcbrobear @btcbrobear lovable bear @cyphergenesisAI @cyphergenesisAI gud tek @F___T___W @F___T___W @basedangelsbtc @basedangelsbtc,"{""replies"": 20, ""retweets"": 11, ""quotes"": 2, ""likes"": 103, ""views"": 3049}",2025-06-08 17:14:00-05:00,chunked_query,niner0526,art | BIP-420🔮alkamon trainer🧪,1931761763868893629
"A cute cat needs help paying for medical expenses, so lets help it. $LAMU $LAMU","{""replies"": 19, ""retweets"": 8, ""quotes"": 0, ""likes"": 36, ""views"": 645}",2025-06-08 16:11:00-05:00,chunked_query,HuenoZ,Hueno,1931745830152630526
"Nrs: Have you visited the cat cafe yet? Zh: No, the comment said I should go so I decided not to in the contrary (non-verbatim) Nrs: It would be better not to go there Their convo is so cute I'm glad they're more comfy w/ each other now (Their 1st meeting yrs ago was awkward w)","{""replies"": 0, ""retweets"": 22, ""quotes"": 1, ""likes"": 143, ""views"": 1829}",2025-06-08 14:19:00-05:00,chunked_query,Kurono_Mei,黒野芽衣,1931717634338541727
"Last three days I have stressed so much about my cat (I suspected that she ate rat poison), I couldn't take her to get cuz she is a stray and only hangs out ocassionally. She showed up today finally, all jumpy and chirpy and cute  0x1F97A   0x1F62D  I love her so much  0x1F495  0x1F495  0x1F495  0x1F495  0x1F495 ","{""replies"": 1, ""retweets"": 0, ""quotes"": 0, ""likes"": 18, ""views"": 384}",2025-06-07 14:10:00-05:00,chunked_query,khaarabun,khaarabun,1931353025106620910
"There was this one time my cat was playing in the fireplace and I thought it was cute, then she proceeded to take a dump in it.","{""replies"": 2, ""retweets"": 1, ""quotes"": 0, ""likes"": 43, ""views"": 547}",2025-06-07 12:05:00-05:00,chunked_query,Timbukdrew1,Timbukdrew,1931321581747233109
"i had this fic idea where cxs and lg had this massive fight and lg storms off -> he gets turned into a cat (don’t ask) and returns to the studio -> cxs welcomes the cute kitten inside, grumbling about stupid lg, where does he think he’s going when it’s about to rain like this? ->","{""replies"": 6, ""retweets"": 16, ""quotes"": 1, ""likes"": 336, ""views"": 5792}",2025-06-07 07:16:00-05:00,chunked_query,catsoda_p,kim 🌸 @ touching grass~,1931248942987260323
my mom dead just said “sometimes i look at the cat and i wanna cry bc he loves us just cause we feed him and it makes me think about how we don’t love god enough despite all he’s given us” i literally busted out laughing cause huh? just say u think the cat is cute like  0x1F62D  0x1F62D ,"{""replies"": 1, ""retweets"": 0, ""quotes"": 0, ""likes"": 10, ""views"": 224}",2025-06-07 06:56:00-05:00,chunked_query,c444tmommy,z,1931243889614037072
yes i am a CAT C: cute A: and T: tired,"{""replies"": 2, ""retweets"": 1, ""quotes"": 0, ""likes"": 37, ""views"": 4721}",2025-06-06 21:32:00-05:00,chunked_query,harmonyevaa,harmony ♱,1931101877430837340
"in my car listening to ms officer by lil Wayne, thriftIng a cute lil fit for tonight seeing friends maybe get a drink or two & i also cannot wait to see my cat daaaaamn i am young wild & free","{""replies"": 1, ""retweets"": 0, ""quotes"": 0, ""likes"": 16, ""views"": 562}",2025-06-06 21:28:00-05:00,chunked_query,L333CH3S,*~ LEECHUS CHRIST ~*,1931100879274586254
"he is tall, buff, has black cat energy, v handsome, v green flag, v cute, wears glasses, has tattoos, a good dressing sense, v hot voice, knows how to respect, treats me gently.","{""replies"": 5, ""retweets"": 2, ""quotes"": 1, ""likes"": 76, ""views"": 4961}",2025-06-06 20:25:00-05:00,chunked_query,sxmairaa_a,samaira,1931084970027614694
"I sometimes pet my cat with my feet while using my phone and I think ""awwww so cute I should upload a photo"" and then I remember u guys are freaks.","{""replies"": 7, ""retweets"": 0, ""quotes"": 0, ""likes"": 51, ""views"": 516}",2025-06-06 18:56:00-05:00,chunked_query,Mayuuri1024,Mayuuri,1931062598243639739
found a small cute cat to gamble on,"{""replies"": 9, ""retweets"": 0, ""quotes"": 0, ""likes"": 10, ""views"": 1038}",2025-06-06 17:19:00-05:00,chunked_query,zilxbt,ZIL,1931038205555470797
"love this part of off season where only hyperfixated people are still tweeting, pure feed full of tweets like “omg Jingles is so cute 0x1F62D ” and you’re like who tf is Jingles and it ends up being the short one from Portugal’s cat or something","{""replies"": 1, ""retweets"": 6, ""quotes"": 0, ""likes"": 89, ""views"": 2243}",2025-06-06 13:43:00-05:00,chunked_query,eurotrashsash,Sasha 🕶,1930983971464077403
had to delete a really cute picture of my cat i just posted because i doxxed myself in the reflection of his eyeballs,"{""replies"": 2, ""retweets"": 0, ""quotes"": 0, ""likes"": 13, ""views"": 288}",2025-06-06 04:07:00-05:00,chunked_query,whiteboy3274,white boy,1930838952220430658
"texted him “good morning  0x2764 0xFE0F ” with a cute selfie. No reply. Then I mentioned Elon and Trump’s cat fight—suddenly, a reply in 0.01 seconds! you just need to know his special interests  0x1F60A  many men suffer from selective emotional engagement syndrome","{""replies"": 5, ""retweets"": 1, ""quotes"": 0, ""likes"": 135, ""views"": 3600}",2025-06-06 03:01:00-05:00,chunked_query,rakusaaa,saku,1930822331645284534
me to guy at post office checkout: Can i get um::. The baby bobtail cat stamp :3 Him: We actually don't have those yet. Me: Uh... can i have something cute...,"{""replies"": 1, ""retweets"": 0, ""quotes"": 0, ""likes"": 13, ""views"": 231}",2025-06-05 17:01:00-05:00,chunked_query,theranosblood,t3mple,1930671283525611667
Basicly ben trying to read watever i see when ever to sharpin my skills LOL Been readin a LOT!!!!!! of mising posturs rond Filly. Won of da cats has dimond nose  0x1F48E  Prety cute but i think it part of da hole under grond cat kingdum now so yu can take yur postur down,"{""replies"": 5, ""retweets"": 1, ""quotes"": 0, ""likes"": 60, ""views"": 1012}",2025-06-05 16:18:00-05:00,chunked_query,cheesluver48,Cat,1930660590252650587
"Hongbin said he saw a very pretty and cute cat today. It was a grey cat, carried by the owner but was like hanging on the owner’s arm!! He said the cat was hanging which is very shocking to him, shockingly cute..","{""replies"": 1, ""retweets"": 18, ""quotes"": 1, ""likes"": 62, ""views"": 1501}",2025-06-05 13:56:00-05:00,chunked_query,waveofstarlight,wave🌱🌊,1930624847253799419
The hosts asked Jiyong about his ideal type..& he mentioned he likes someone with a personality like a Cat . When the hosts asked if the girl is perfect but bad at styling what wld he do...& Jiyong said he's good at styling cats  0x1F602 . He's so cute !! He'll style his wife 0x1F979 ,"{""replies"": 0, ""retweets"": 39, ""quotes"": 7, ""likes"": 303, ""views"": 9292}",2025-06-05 13:40:00-05:00,chunked_query,Coup_dEtat5,GDRAGON'S BUTTERFLY FAN ACCOUNT 🦋(◕ᴗ◕)💛✌,1930620787968581721
my cat is being so patient wanting a piece of chicken and i shouldn’t give her any but she’s so cute,"{""replies"": 1, ""retweets"": 0, ""quotes"": 0, ""likes"": 25, ""views"": 335}",2025-06-05 06:26:00-05:00,chunked_query,faesvault,kayla ⋆. 𐙚 ̊,1930511641973555652
Calum reminds me of those dads that say they don’t want a cat but once they get a cat they’re inseparable and they go all soft for them and spoil them. All his TikTok reposts are cats and it’s so cute.,"{""replies"": 1, ""retweets"": 1, ""quotes"": 0, ""likes"": 15, ""views"": 270}",2025-06-05 00:26:00-05:00,chunked_query,looseunit02,Corey 卌,1930420913662460196
"TODAY SUNOO IS AN ENDING FAIRY FOR MCOUNTDOWN!! 0x1F97A .. in the first ending, he did a really cute cat pose and in his second endings heeseung put ears for him from behind 0x1F923  0x1F923 ","{""replies"": 10, ""retweets"": 1063, ""quotes"": 0, ""likes"": 4134, ""views"": 72376}",2025-06-04 19:20:00-05:00,chunked_query,silentstarsnk2,🦊♡🐰ྀི | fan acc,1930343947760783743
The cat is too cute to ignore $WEN $WEN  0x1F4CC  seatt back and relax get some cookies  0x1F36A  and enjoy the raid!,"{""replies"": 0, ""retweets"": 7, ""quotes"": 0, ""likes"": 24, ""views"": 380}",2025-06-04 15:49:00-05:00,chunked_query,MrGreencoin,Mr greencoin🧌,1930290702077809029
"[250604 -  0x1F35E  FROMM MESSAGE]  0x1F35E : oh? is today hug-your-cat day?!  0x1F35E : so cuteㅠㅠ  0x1F35E : if i see nagyung today, i should hug her  0x1F35E : lololol #fromis_9 #fromis_9 #프로미스나인 #프로미스나인 #HAYOUNG #HAYOUNG #송하영 #송하영","{""replies"": 1, ""retweets"": 37, ""quotes"": 0, ""likes"": 188, ""views"": 5472}",2025-06-04 07:58:00-05:00,chunked_query,fromisdays,💌,1930172264831693258
"I scroll on twitter, I see biphobia, I scroll further, I see height discourse, I scroll further, desperate to see even one cute cat picture biphobic ship discourse. y'all, I'm tired.","{""replies"": 1, ""retweets"": 2, ""quotes"": 0, ""likes"": 47, ""views"": 702}",2025-06-04 02:15:00-05:00,chunked_query,moepuff,clover d. puff | 🌱🏛️🌱| 🔞,1930086018306261359
I'm sad rn send me cute cat pics or something,"{""replies"": 59, ""retweets"": 5, ""quotes"": 0, ""likes"": 113, ""views"": 3174}",2025-06-04 02:01:00-05:00,chunked_query,FarhanMelukis,FarhanMelukis 🇵🇸,1930082521682981071
"i miss the old days of pumpfun - go on pintrest and find a cute dog/cat - create tg, and x if it bonds - hop in vc throw some music on and hype people up about how your gonna pay moontok at 200k these days it doesn't feel the same man","{""replies"": 48, ""retweets"": 12, ""quotes"": 0, ""likes"": 308, ""views"": 28356}",2025-06-04 01:32:00-05:00,chunked_query,profcoos,coos,1930075152789975376
YJH IN HIS DISCIPLE CLOTHES ON GODDDDDDDDD HE LOOKS SO FUCKING GOOD  0x1F62D  0x1F62D  0x1F62D  0x1F62D  MY MURIM DUMPLING MY LITTLE CUTE CAT MY AGENT OF TERRORISM I FUCKING LOVE U,"{""replies"": 0, ""retweets"": 32, ""quotes"": 0, ""likes"": 250, ""views"": 3078}",2025-06-03 18:13:00-05:00,chunked_query,cvnide,aster🖤🤍,1929964618811617600
i love all sides of  0x1F378  but his joy and whimsy is my everything. i love when he gets excited at a cute cat in a video game. or how he just starts humming and making silly noises when hes super relaxed. big fan,"{""replies"": 1, ""retweets"": 52, ""quotes"": 0, ""likes"": 368, ""views"": 3249}",2025-06-02 18:33:00-05:00,chunked_query,_evial,evi .ᐟ,1929607261854334995
"If I’m late to stream, nothing’s wrong, it’s just that my cat won’t stop cuddling me and he’s very very cute.  0x1F970   0x1F431 ","{""replies"": 1, ""retweets"": 0, ""quotes"": 0, ""likes"": 30, ""views"": 363}",2025-06-02 16:56:00-05:00,chunked_query,AmaliaSolaris,Amalia Solaris 🐲🌿【kisaキサ】,1929582941274784017
im so radicalised when it comes to animals. fuck you if you dont neuter your cats. fuck you if you let your cat have a litter because kittens are cute. shelters are overflowing and cats are suffering. dont buy 1000€ designer cats. dont buy unethical breeds.,"{""replies"": 2, ""retweets"": 14, ""quotes"": 2, ""likes"": 112, ""views"": 3573}",2025-06-02 14:43:00-05:00,chunked_query,kittykareninas,kitty,1929549343016571127
"I want to retweet cute cat pictures, but I'm hesitant because most of the accounts are making money by reposting them without permission. 0x1F614 ","{""replies"": 1, ""retweets"": 1, ""quotes"": 0, ""likes"": 27, ""views"": 524}",2025-06-02 13:16:00-05:00,chunked_query,MAO_ComicArtLab,MAO🍋,1929527551090921732
"Wakuku so cute, even my cat say “meow-zing”! No wakuku, no happy — you agree or not? PERAYA MINISO X LETSVAN #WakukuXFaye #WakukuXFaye","{""replies"": 0, ""retweets"": 20, ""quotes"": 0, ""likes"": 19, ""views"": 340}",2025-06-02 10:30:00-05:00,chunked_query,FayeYokoMY24,FayeYoko Malaysia Official 🇲🇾,1929485645820371028
"#nanago #nanago  0x1F9F5  gojo wants a dog but nanami wants a cat. and because gojo knows nanami is realistically the more logical one between them, they get a cat. and its cute. its fun. for about two days, before the kitten is terrorizing their guest room and gojo's peace.","{""replies"": 3, ""retweets"": 17, ""quotes"": 0, ""likes"": 183, ""views"": 3329}",2025-06-02 07:43:00-05:00,chunked_query,kiddpall,scout (kidd),1929443635113889801
i dont care hes pushing 30 and a evil misogynist man i want to see him in a cute dress and cat ears,"{""replies"": 1, ""retweets"": 4, ""quotes"": 0, ""likes"": 26, ""views"": 300}",2025-06-02 06:49:00-05:00,chunked_query,seowansgf,rullie,1929430209213743383
Hubby was talking about names to give our future orange cat and he decided on Di Giorno and I can’t say no because it’s so damn cute!,"{""replies"": 2, ""retweets"": 0, ""quotes"": 0, ""likes"": 19, ""views"": 346}",2025-06-01 21:30:00-05:00,chunked_query,Katsbigopinion2,opinionated russian🇷🇺☦️,1929289567787782392
I am quite fond of this cat named “Uni”! He is very cute~!  0x1FA77 ,"{""replies"": 4, ""retweets"": 1, ""quotes"": 0, ""likes"": 34, ""views"": 527}",2025-06-01 19:55:00-05:00,chunked_query,kkennylicious,KennedyノSunday ♡ 11/23 🧁,1929265669914173770
i keep getting ai cat videos on insta DON’T TAINT MY CUTE CAT VIDEO DOOMSCROLL TIME,"{""replies"": 2, ""retweets"": 1, ""quotes"": 0, ""likes"": 12, ""views"": 257}",2025-06-01 17:49:00-05:00,chunked_query,cillspages,aslan 📚 ᶻ 𝗓 𐰁,1929233941396873611
2 spots left for dinner this Sunday at my hacker house in Hayes. come meet 13 other builders! includes: - vibe focus on gratitude and reflection - meet our cute house dog and cat - home cooked pasta and snacks - even gender split - grounded reset for the week reply or dm if you want to join and meet other wholesome people in sf! :),"{""replies"": 17, ""retweets"": 0, ""quotes"": 1, ""likes"": 113, ""views"": 35544}",2025-06-01 03:21:00-05:00,chunked_query,AnnieLiao_2000,Annie Liao,1929015435875565994
